{
  "move": {
    "precision": 0.95,
    "recall": 0.95,
    "f1-score": 0.9500000000000001,
    "support": 20,
    "confused_with": {
      "find": 1
    }
  },
  "none": {
    "precision": 1.0,
    "recall": 0.8461538461538461,
    "f1-score": 0.9166666666666666,
    "support": 13,
    "confused_with": {
      "greetings": 2
    }
  },
  "show": {
    "precision": 1.0,
    "recall": 1.0,
    "f1-score": 1.0,
    "support": 20,
    "confused_with": {}
  },
  "pick up": {
    "precision": 0.8888888888888888,
    "recall": 0.8,
    "f1-score": 0.8421052631578948,
    "support": 20,
    "confused_with": {
      "find": 2,
      "move": 1
    }
  },
  "greetings": {
    "precision": 0.6666666666666666,
    "recall": 1.0,
    "f1-score": 0.8,
    "support": 8,
    "confused_with": {}
  },
  "affirmative": {
    "precision": 0.9,
    "recall": 0.9473684210526315,
    "f1-score": 0.9230769230769231,
    "support": 19,
    "confused_with": {
      "greetings": 1
    }
  },
  "clarify": {
    "precision": 0.9523809523809523,
    "recall": 1.0,
    "f1-score": 0.975609756097561,
    "support": 20,
    "confused_with": {}
  },
  "bye": {
    "precision": 0.875,
    "recall": 0.7777777777777778,
    "f1-score": 0.823529411764706,
    "support": 9,
    "confused_with": {
      "greetings": 1,
      "affirmative": 1
    }
  },
  "deny": {
    "precision": 1.0,
    "recall": 0.8947368421052632,
    "f1-score": 0.9444444444444444,
    "support": 19,
    "confused_with": {
      "bye": 1,
      "affirmative": 1
    }
  },
  "find": {
    "precision": 0.8571428571428571,
    "recall": 0.9,
    "f1-score": 0.8780487804878048,
    "support": 20,
    "confused_with": {
      "pick up": 2
    }
  },
  "accuracy": 0.9166666666666666,
  "macro avg": {
    "precision": 0.9090079365079365,
    "recall": 0.9116036887089519,
    "f1-score": 0.9053481245696002,
    "support": 168
  },
  "weighted avg": {
    "precision": 0.9242654006046862,
    "recall": 0.9166666666666666,
    "f1-score": 0.9174203175614298,
    "support": 168
  }
}