{
  "show": {
    "precision": 0.625,
    "recall": 0.4838709677419355,
    "f1-score": 0.5454545454545454,
    "support": 31,
    "confused_with": {
      "clarify": 9,
      "pick up": 2
    }
  },
  "affirmative": {
    "precision": 0.875,
    "recall": 0.3333333333333333,
    "f1-score": 0.48275862068965514,
    "support": 21,
    "confused_with": {
      "clarify": 7,
      "deny": 3
    }
  },
  "none": {
    "precision": 0.25,
    "recall": 0.1875,
    "f1-score": 0.21428571428571427,
    "support": 16,
    "confused_with": {
      "clarify": 6,
      "bye": 2
    }
  },
  "bye": {
    "precision": 0.5714285714285714,
    "recall": 0.36363636363636365,
    "f1-score": 0.4444444444444444,
    "support": 11,
    "confused_with": {
      "find": 2,
      "clarify": 2
    }
  },
  "pick up": {
    "precision": 0.7037037037037037,
    "recall": 0.475,
    "f1-score": 0.5671641791044776,
    "support": 40,
    "confused_with": {
      "clarify": 9,
      "find": 4
    }
  },
  "deny": {
    "precision": 0.6521739130434783,
    "recall": 0.75,
    "f1-score": 0.6976744186046512,
    "support": 20,
    "confused_with": {
      "clarify": 3,
      "none": 1
    }
  },
  "clarify": {
    "precision": 0.2631578947368421,
    "recall": 0.6896551724137931,
    "f1-score": 0.380952380952381,
    "support": 29,
    "confused_with": {
      "show": 3,
      "pick up": 2
    }
  },
  "greetings": {
    "precision": 0.6666666666666666,
    "recall": 0.4444444444444444,
    "f1-score": 0.5333333333333333,
    "support": 9,
    "confused_with": {
      "none": 3,
      "clarify": 1
    }
  },
  "move": {
    "precision": 0.6470588235294118,
    "recall": 0.6875,
    "f1-score": 0.6666666666666667,
    "support": 32,
    "confused_with": {
      "clarify": 8,
      "pick up": 2
    }
  },
  "find": {
    "precision": 0.45,
    "recall": 0.32142857142857145,
    "f1-score": 0.375,
    "support": 28,
    "confused_with": {
      "clarify": 11,
      "move": 4
    }
  },
  "accuracy": 0.4978902953586498,
  "macro avg": {
    "precision": 0.5704189573108674,
    "recall": 0.47363688529984416,
    "f1-score": 0.4907734303535869,
    "support": 237
  },
  "weighted avg": {
    "precision": 0.5745350295149435,
    "recall": 0.4978902953586498,
    "f1-score": 0.5050020682626941,
    "support": 237
  }
}