{
  "object_color": {
    "precision": 0.9896907216494846,
    "recall": 0.9896907216494846,
    "f1-score": 0.9896907216494846,
    "support": 97
  },
  "object_name": {
    "precision": 0.9931506849315068,
    "recall": 0.9797297297297297,
    "f1-score": 0.9863945578231292,
    "support": 148
  },
  "placement": {
    "precision": 1.0,
    "recall": 1.0,
    "f1-score": 1.0,
    "support": 72
  },
  "undefined_object": {
    "precision": 1.0,
    "recall": 0.7857142857142857,
    "f1-score": 0.88,
    "support": 14
  },
  "micro avg": {
    "precision": 0.9938650306748467,
    "recall": 0.9788519637462235,
    "f1-score": 0.9863013698630138,
    "support": 331
  },
  "macro avg": {
    "precision": 0.9957103516452479,
    "recall": 0.938783684273375,
    "f1-score": 0.9640213198681534,
    "support": 331
  },
  "weighted avg": {
    "precision": 0.9939163183379547,
    "recall": 0.9788519637462235,
    "f1-score": 0.9858199231354173,
    "support": 331
  }
}