{
  "move": {
    "precision": 0.9473684210526315,
    "recall": 0.9,
    "f1-score": 0.9230769230769231,
    "support": 20,
    "confused_with": {
      "pick up": 1,
      "find": 1
    }
  },
  "none": {
    "precision": 0.7857142857142857,
    "recall": 0.8461538461538461,
    "f1-score": 0.8148148148148148,
    "support": 13,
    "confused_with": {
      "deny": 1,
      "clarify": 1
    }
  },
  "show": {
    "precision": 0.9090909090909091,
    "recall": 1.0,
    "f1-score": 0.9523809523809523,
    "support": 20,
    "confused_with": {}
  },
  "pick up": {
    "precision": 0.8571428571428571,
    "recall": 0.6,
    "f1-score": 0.7058823529411764,
    "support": 20,
    "confused_with": {
      "find": 4,
      "clarify": 3
    }
  },
  "greetings": {
    "precision": 0.8571428571428571,
    "recall": 0.75,
    "f1-score": 0.7999999999999999,
    "support": 8,
    "confused_with": {
      "none": 1,
      "deny": 1
    }
  },
  "affirmative": {
    "precision": 0.9375,
    "recall": 0.7894736842105263,
    "f1-score": 0.8571428571428572,
    "support": 19,
    "confused_with": {
      "deny": 2,
      "none": 1
    }
  },
  "clarify": {
    "precision": 0.8181818181818182,
    "recall": 0.9,
    "f1-score": 0.8571428571428572,
    "support": 20,
    "confused_with": {
      "show": 1,
      "find": 1
    }
  },
  "bye": {
    "precision": 0.7777777777777778,
    "recall": 0.7777777777777778,
    "f1-score": 0.7777777777777778,
    "support": 9,
    "confused_with": {
      "deny": 2
    }
  },
  "deny": {
    "precision": 0.7142857142857143,
    "recall": 0.7894736842105263,
    "f1-score": 0.7500000000000001,
    "support": 19,
    "confused_with": {
      "bye": 2,
      "none": 1
    }
  },
  "find": {
    "precision": 0.75,
    "recall": 0.9,
    "f1-score": 0.8181818181818182,
    "support": 20,
    "confused_with": {
      "show": 1,
      "pick up": 1
    }
  },
  "accuracy": 0.8333333333333334,
  "macro avg": {
    "precision": 0.835420464038885,
    "recall": 0.8252878992352677,
    "f1-score": 0.8256400353459176,
    "support": 168
  },
  "weighted avg": {
    "precision": 0.8398276026917945,
    "recall": 0.8333333333333334,
    "f1-score": 0.8313190770998895,
    "support": 168
  }
}