{
  "object_color": {
    "precision": 0.9530201342281879,
    "recall": 0.9403973509933775,
    "f1-score": 0.9466666666666667,
    "support": 151
  },
  "placement": {
    "precision": 0.8901098901098901,
    "recall": 0.8901098901098901,
    "f1-score": 0.8901098901098901,
    "support": 91
  },
  "object_name": {
    "precision": 0.901840490797546,
    "recall": 0.9333333333333333,
    "f1-score": 0.9173166926677068,
    "support": 315
  },
  "micro avg": {
    "precision": 0.9134275618374559,
    "recall": 0.9281867145421903,
    "f1-score": 0.9207479964381122,
    "support": 557
  },
  "macro avg": {
    "precision": 0.9149901717118746,
    "recall": 0.9212801914788669,
    "f1-score": 0.9180310831480879,
    "support": 557
  },
  "weighted avg": {
    "precision": 0.9137985545236685,
    "recall": 0.9281867145421903,
    "f1-score": 0.9208284108743164,
    "support": 557
  }
}