{
  "affirmative": {
    "precision": 1.0,
    "recall": 0.6190476190476191,
    "f1-score": 0.7647058823529412,
    "support": 21,
    "confused_with": {
      "none": 4,
      "pick up": 3
    }
  },
  "none": {
    "precision": 0.4444444444444444,
    "recall": 0.41379310344827586,
    "f1-score": 0.4285714285714286,
    "support": 29,
    "confused_with": {
      "pick up": 6,
      "show": 4
    }
  },
  "deny": {
    "precision": 0.8461538461538461,
    "recall": 0.6875,
    "f1-score": 0.7586206896551724,
    "support": 32,
    "confused_with": {
      "none": 6,
      "pick up": 1
    }
  },
  "show": {
    "precision": 0.7777777777777778,
    "recall": 0.7924528301886793,
    "f1-score": 0.7850467289719626,
    "support": 53,
    "confused_with": {
      "pick up": 10,
      "clarify": 1
    }
  },
  "find": {
    "precision": 0.7368421052631579,
    "recall": 0.4,
    "f1-score": 0.5185185185185185,
    "support": 35,
    "confused_with": {
      "pick up": 16,
      "show": 2
    }
  },
  "bye": {
    "precision": 1.0,
    "recall": 0.6363636363636364,
    "f1-score": 0.7777777777777778,
    "support": 11,
    "confused_with": {
      "show": 1,
      "none": 1
    }
  },
  "greetings": {
    "precision": 0.75,
    "recall": 0.6428571428571429,
    "f1-score": 0.6923076923076924,
    "support": 14,
    "confused_with": {
      "none": 3,
      "show": 1
    }
  },
  "move": {
    "precision": 0.8181818181818182,
    "recall": 0.7297297297297297,
    "f1-score": 0.7714285714285715,
    "support": 37,
    "confused_with": {
      "pick up": 9,
      "find": 1
    }
  },
  "clarify": {
    "precision": 0.7297297297297297,
    "recall": 0.8181818181818182,
    "f1-score": 0.7714285714285715,
    "support": 33,
    "confused_with": {
      "show": 2,
      "pick up": 2
    }
  },
  "pick up": {
    "precision": 0.6363636363636364,
    "recall": 0.8842105263157894,
    "f1-score": 0.7400881057268722,
    "support": 95,
    "confused_with": {
      "move": 4,
      "clarify": 4
    }
  },
  "accuracy": 0.7138888888888889,
  "macro avg": {
    "precision": 0.7739493357914411,
    "recall": 0.6624136406132691,
    "f1-score": 0.7008493966739507,
    "support": 360
  },
  "weighted avg": {
    "precision": 0.734127393557218,
    "recall": 0.7138888888888889,
    "f1-score": 0.7085419863959083,
    "support": 360
  }
}