{
  "placement": {
    "precision": 0.5423728813559322,
    "recall": 0.6274509803921569,
    "f1-score": 0.5818181818181818,
    "support": 51
  },
  "object_color": {
    "precision": 0.8792270531400966,
    "recall": 0.9381443298969072,
    "f1-score": 0.9077306733167082,
    "support": 194
  },
  "object_name": {
    "precision": 0.7820689655172414,
    "recall": 0.9675767918088737,
    "f1-score": 0.8649885583524026,
    "support": 586
  },
  "micro avg": {
    "precision": 0.7880928355196771,
    "recall": 0.9398315282791817,
    "f1-score": 0.8572996706915477,
    "support": 831
  },
  "macro avg": {
    "precision": 0.7345563000044234,
    "recall": 0.8443907006993125,
    "f1-score": 0.7848458044957644,
    "support": 831
  },
  "weighted avg": {
    "precision": 0.7900402876671898,
    "recall": 0.9398315282791817,
    "f1-score": 0.8575881745976854,
    "support": 831
  }
}