{
  "pick up": {
    "precision": 0.7755102040816326,
    "recall": 0.8201438848920863,
    "f1-score": 0.7972027972027972,
    "support": 278,
    "confused_with": {
      "move": 33,
      "clarify": 9
    }
  },
  "find": {
    "precision": 0.5135135135135135,
    "recall": 0.5757575757575758,
    "f1-score": 0.5428571428571428,
    "support": 33,
    "confused_with": {
      "pick up": 6,
      "move": 4
    }
  },
  "show": {
    "precision": 0.9154929577464789,
    "recall": 0.5652173913043478,
    "f1-score": 0.6989247311827957,
    "support": 115,
    "confused_with": {
      "pick up": 22,
      "clarify": 9
    }
  },
  "none": {
    "precision": 0.6521739130434783,
    "recall": 0.45454545454545453,
    "f1-score": 0.5357142857142857,
    "support": 66,
    "confused_with": {
      "pick up": 14,
      "clarify": 10
    }
  },
  "greetings": {
    "precision": 0.7727272727272727,
    "recall": 0.68,
    "f1-score": 0.7234042553191491,
    "support": 25,
    "confused_with": {
      "none": 5,
      "pick up": 3
    }
  },
  "move": {
    "precision": 0.24615384615384617,
    "recall": 0.7272727272727273,
    "f1-score": 0.36781609195402304,
    "support": 22,
    "confused_with": {
      "pick up": 6
    }
  },
  "deny": {
    "precision": 0.9024390243902439,
    "recall": 0.5606060606060606,
    "f1-score": 0.6915887850467289,
    "support": 66,
    "confused_with": {
      "pick up": 13,
      "none": 7
    }
  },
  "clarify": {
    "precision": 0.2682926829268293,
    "recall": 0.6111111111111112,
    "f1-score": 0.37288135593220345,
    "support": 18,
    "confused_with": {
      "pick up": 2,
      "affirmative": 2
    }
  },
  "micro avg": {
    "precision": 0.6855753646677472,
    "recall": 0.6789727126805778,
    "f1-score": 0.682258064516129,
    "support": 623
  },
  "macro avg": {
    "precision": 0.630787926822912,
    "recall": 0.6243317756861704,
    "f1-score": 0.5912986806511408,
    "support": 623
  },
  "weighted avg": {
    "precision": 0.7543928754708825,
    "recall": 0.6789727126805778,
    "f1-score": 0.696314502256274,
    "support": 623
  }
}