{
  "object_color": {
    "precision": 0.9855072463768116,
    "recall": 0.9714285714285714,
    "f1-score": 0.9784172661870504,
    "support": 140
  },
  "placement": {
    "precision": 0.9130434782608695,
    "recall": 0.9333333333333333,
    "f1-score": 0.9230769230769231,
    "support": 90
  },
  "object_name": {
    "precision": 0.9566929133858267,
    "recall": 0.9604743083003953,
    "f1-score": 0.9585798816568049,
    "support": 253
  },
  "micro avg": {
    "precision": 0.9566115702479339,
    "recall": 0.9585921325051759,
    "f1-score": 0.9576008273009307,
    "support": 483
  },
  "macro avg": {
    "precision": 0.9517478793411693,
    "recall": 0.9550787376874332,
    "f1-score": 0.9533580236402593,
    "support": 483
  },
  "weighted avg": {
    "precision": 0.9569114588464721,
    "recall": 0.9585921325051759,
    "f1-score": 0.9577143900668359,
    "support": 483
  }
}