{
  "affirmative": {
    "precision": 0.7619047619047619,
    "recall": 0.7619047619047619,
    "f1-score": 0.7619047619047619,
    "support": 21,
    "confused_with": {
      "pick up": 2,
      "none": 2
    }
  },
  "none": {
    "precision": 0.6470588235294118,
    "recall": 0.3793103448275862,
    "f1-score": 0.4782608695652174,
    "support": 29,
    "confused_with": {
      "pick up": 6,
      "find": 4
    }
  },
  "deny": {
    "precision": 0.896551724137931,
    "recall": 0.8125,
    "f1-score": 0.8524590163934426,
    "support": 32,
    "confused_with": {
      "clarify": 4,
      "none": 1
    }
  },
  "show": {
    "precision": 0.9411764705882353,
    "recall": 0.9056603773584906,
    "f1-score": 0.923076923076923,
    "support": 53,
    "confused_with": {
      "pick up": 2,
      "move": 2
    }
  },
  "find": {
    "precision": 0.8125,
    "recall": 0.7428571428571429,
    "f1-score": 0.7761194029850748,
    "support": 35,
    "confused_with": {
      "clarify": 4,
      "show": 2
    }
  },
  "bye": {
    "precision": 1.0,
    "recall": 0.9090909090909091,
    "f1-score": 0.9523809523809523,
    "support": 11,
    "confused_with": {
      "none": 1
    }
  },
  "greetings": {
    "precision": 0.8461538461538461,
    "recall": 0.7857142857142857,
    "f1-score": 0.8148148148148148,
    "support": 14,
    "confused_with": {
      "pick up": 1,
      "none": 1
    }
  },
  "move": {
    "precision": 0.825,
    "recall": 0.8918918918918919,
    "f1-score": 0.8571428571428571,
    "support": 37,
    "confused_with": {
      "pick up": 3,
      "clarify": 1
    }
  },
  "clarify": {
    "precision": 0.5576923076923077,
    "recall": 0.8787878787878788,
    "f1-score": 0.6823529411764707,
    "support": 33,
    "confused_with": {
      "pick up": 2,
      "show": 1
    }
  },
  "pick up": {
    "precision": 0.8210526315789474,
    "recall": 0.8210526315789474,
    "f1-score": 0.8210526315789475,
    "support": 95,
    "confused_with": {
      "clarify": 11,
      "move": 4
    }
  },
  "accuracy": 0.8,
  "macro avg": {
    "precision": 0.8109090565585442,
    "recall": 0.7888770224011894,
    "f1-score": 0.7919565171019463,
    "support": 360
  },
  "weighted avg": {
    "precision": 0.8098589277665089,
    "recall": 0.8,
    "f1-score": 0.7981973345173421,
    "support": 360
  }
}