{
  "find": {
    "precision": 0.9259259259259259,
    "recall": 0.8928571428571429,
    "f1-score": 0.9090909090909091,
    "support": 28,
    "confused_with": {
      "show": 1,
      "move": 1
    }
  },
  "none": {
    "precision": 0.8571428571428571,
    "recall": 0.7058823529411765,
    "f1-score": 0.7741935483870968,
    "support": 17,
    "confused_with": {
      "bye": 2,
      "deny": 1
    }
  },
  "affirmative": {
    "precision": 0.875,
    "recall": 1.0,
    "f1-score": 0.9333333333333333,
    "support": 21,
    "confused_with": {}
  },
  "greetings": {
    "precision": 0.8888888888888888,
    "recall": 0.8888888888888888,
    "f1-score": 0.8888888888888888,
    "support": 9,
    "confused_with": {
      "bye": 1
    }
  },
  "move": {
    "precision": 0.8484848484848485,
    "recall": 0.875,
    "f1-score": 0.8615384615384615,
    "support": 32,
    "confused_with": {
      "pick up": 4
    }
  },
  "clarify": {
    "precision": 0.9032258064516129,
    "recall": 0.9655172413793104,
    "f1-score": 0.9333333333333333,
    "support": 29,
    "confused_with": {
      "greetings": 1
    }
  },
  "bye": {
    "precision": 0.6666666666666666,
    "recall": 0.9090909090909091,
    "f1-score": 0.7692307692307692,
    "support": 11,
    "confused_with": {
      "none": 1
    }
  },
  "deny": {
    "precision": 0.9444444444444444,
    "recall": 0.85,
    "f1-score": 0.8947368421052632,
    "support": 20,
    "confused_with": {
      "bye": 2,
      "affirmative": 1
    }
  },
  "show": {
    "precision": 0.9655172413793104,
    "recall": 0.9032258064516129,
    "f1-score": 0.9333333333333333,
    "support": 31,
    "confused_with": {
      "pick up": 1,
      "move": 1
    }
  },
  "pick up": {
    "precision": 0.868421052631579,
    "recall": 0.825,
    "f1-score": 0.8461538461538461,
    "support": 40,
    "confused_with": {
      "move": 3,
      "none": 1
    }
  },
  "accuracy": 0.8823529411764706,
  "macro avg": {
    "precision": 0.8743717732016133,
    "recall": 0.8815462341609039,
    "f1-score": 0.8743833265395236,
    "support": 238
  },
  "weighted avg": {
    "precision": 0.8870063733034053,
    "recall": 0.8823529411764706,
    "f1-score": 0.8823004020846825,
    "support": 238
  }
}