{
  "placement": {
    "precision": 0.9529411764705882,
    "recall": 0.9878048780487805,
    "f1-score": 0.9700598802395209,
    "support": 82
  },
  "object_name": {
    "precision": 0.9791666666666666,
    "recall": 0.9337748344370861,
    "f1-score": 0.9559322033898305,
    "support": 151
  },
  "object_color": {
    "precision": 0.9901960784313726,
    "recall": 0.9711538461538461,
    "f1-score": 0.9805825242718447,
    "support": 104
  },
  "micro avg": {
    "precision": 0.9758308157099698,
    "recall": 0.9584569732937686,
    "f1-score": 0.9670658682634731,
    "support": 337
  },
  "macro avg": {
    "precision": 0.9741013071895425,
    "recall": 0.964244519546571,
    "f1-score": 0.968858202633732,
    "support": 337
  },
  "weighted avg": {
    "precision": 0.9761891255018329,
    "recall": 0.9584569732937686,
    "f1-score": 0.966977019037914,
    "support": 337
  }
}