{
  "show": {
    "precision": 0.78125,
    "recall": 0.8064516129032258,
    "f1-score": 0.7936507936507936,
    "support": 31,
    "confused_with": {
      "none": 2,
      "clarify": 2
    }
  },
  "affirmative": {
    "precision": 0.7391304347826086,
    "recall": 0.8095238095238095,
    "f1-score": 0.7727272727272727,
    "support": 21,
    "confused_with": {
      "deny": 2,
      "none": 1
    }
  },
  "none": {
    "precision": 0.5,
    "recall": 0.6875,
    "f1-score": 0.5789473684210527,
    "support": 16,
    "confused_with": {
      "affirmative": 2,
      "greetings": 1
    }
  },
  "bye": {
    "precision": 0.7142857142857143,
    "recall": 0.45454545454545453,
    "f1-score": 0.5555555555555556,
    "support": 11,
    "confused_with": {
      "none": 3,
      "affirmative": 2
    }
  },
  "pick up": {
    "precision": 0.7297297297297297,
    "recall": 0.675,
    "f1-score": 0.7012987012987014,
    "support": 40,
    "confused_with": {
      "clarify": 5,
      "move": 4
    }
  },
  "deny": {
    "precision": 0.8095238095238095,
    "recall": 0.85,
    "f1-score": 0.8292682926829269,
    "support": 20,
    "confused_with": {
      "none": 2,
      "affirmative": 1
    }
  },
  "clarify": {
    "precision": 0.52,
    "recall": 0.4482758620689655,
    "f1-score": 0.48148148148148145,
    "support": 29,
    "confused_with": {
      "show": 5,
      "pick up": 4
    }
  },
  "greetings": {
    "precision": 0.8571428571428571,
    "recall": 0.6666666666666666,
    "f1-score": 0.75,
    "support": 9,
    "confused_with": {
      "none": 1,
      "bye": 1
    }
  },
  "move": {
    "precision": 0.7297297297297297,
    "recall": 0.84375,
    "f1-score": 0.7826086956521738,
    "support": 32,
    "confused_with": {
      "pick up": 4,
      "clarify": 1
    }
  },
  "find": {
    "precision": 0.7307692307692307,
    "recall": 0.6785714285714286,
    "f1-score": 0.7037037037037038,
    "support": 28,
    "confused_with": {
      "clarify": 4,
      "show": 2
    }
  },
  "accuracy": 0.7046413502109705,
  "macro avg": {
    "precision": 0.7111561505963679,
    "recall": 0.6920284834279551,
    "f1-score": 0.6949241865173662,
    "support": 237
  },
  "weighted avg": {
    "precision": 0.7071074805671669,
    "recall": 0.7046413502109705,
    "f1-score": 0.7016969416431987,
    "support": 237
  }
}