{
  "show": {
    "precision": 0.8333333333333334,
    "recall": 0.967741935483871,
    "f1-score": 0.8955223880597015,
    "support": 31,
    "confused_with": {
      "pick up": 1
    }
  },
  "affirmative": {
    "precision": 0.8823529411764706,
    "recall": 0.7142857142857143,
    "f1-score": 0.7894736842105262,
    "support": 21,
    "confused_with": {
      "deny": 2,
      "show": 1
    }
  },
  "none": {
    "precision": 0.6363636363636364,
    "recall": 0.875,
    "f1-score": 0.7368421052631579,
    "support": 16,
    "confused_with": {
      "greetings": 1,
      "find": 1
    }
  },
  "bye": {
    "precision": 0.875,
    "recall": 0.6363636363636364,
    "f1-score": 0.7368421052631579,
    "support": 11,
    "confused_with": {
      "affirmative": 2,
      "none": 1
    }
  },
  "pick up": {
    "precision": 0.8484848484848485,
    "recall": 0.7,
    "f1-score": 0.7671232876712328,
    "support": 40,
    "confused_with": {
      "move": 4,
      "none": 3
    }
  },
  "deny": {
    "precision": 0.8695652173913043,
    "recall": 1.0,
    "f1-score": 0.9302325581395349,
    "support": 20,
    "confused_with": {}
  },
  "clarify": {
    "precision": 0.8275862068965517,
    "recall": 0.8275862068965517,
    "f1-score": 0.8275862068965517,
    "support": 29,
    "confused_with": {
      "show": 3,
      "pick up": 1
    }
  },
  "greetings": {
    "precision": 0.8333333333333334,
    "recall": 0.5555555555555556,
    "f1-score": 0.6666666666666667,
    "support": 9,
    "confused_with": {
      "none": 3,
      "clarify": 1
    }
  },
  "move": {
    "precision": 0.8285714285714286,
    "recall": 0.90625,
    "f1-score": 0.8656716417910447,
    "support": 32,
    "confused_with": {
      "pick up": 2,
      "find": 1
    }
  },
  "find": {
    "precision": 0.8571428571428571,
    "recall": 0.8571428571428571,
    "f1-score": 0.8571428571428571,
    "support": 28,
    "confused_with": {
      "show": 1,
      "pick up": 1
    }
  },
  "accuracy": 0.8270042194092827,
  "macro avg": {
    "precision": 0.8291733802693763,
    "recall": 0.8039925905728186,
    "f1-score": 0.8073103501104433,
    "support": 237
  },
  "weighted avg": {
    "precision": 0.8333947142673549,
    "recall": 0.8270042194092827,
    "f1-score": 0.8237382001997068,
    "support": 237
  }
}