{
  "object_color": {
    "precision": 0.9240506329113924,
    "recall": 0.9864864864864865,
    "f1-score": 0.954248366013072,
    "support": 148
  },
  "object_name": {
    "precision": 0.8836363636363637,
    "recall": 0.9604743083003953,
    "f1-score": 0.9204545454545454,
    "support": 253
  },
  "placement": {
    "precision": 0.978494623655914,
    "recall": 0.9578947368421052,
    "f1-score": 0.9680851063829788,
    "support": 95
  },
  "micro avg": {
    "precision": 0.9125475285171103,
    "recall": 0.967741935483871,
    "f1-score": 0.939334637964775,
    "support": 496
  },
  "macro avg": {
    "precision": 0.9287272067345568,
    "recall": 0.9682851772096623,
    "f1-score": 0.9475960059501988,
    "support": 496
  },
  "weighted avg": {
    "precision": 0.9138638768512055,
    "recall": 0.967741935483871,
    "f1-score": 0.9396609743474146,
    "support": 496
  }
}