{
  "affirmative": {
    "precision": 0.7692307692307693,
    "recall": 0.47619047619047616,
    "f1-score": 0.588235294117647,
    "support": 21,
    "confused_with": {
      "clarify": 5,
      "pick up": 2
    }
  },
  "none": {
    "precision": 0.4,
    "recall": 0.13793103448275862,
    "f1-score": 0.20512820512820515,
    "support": 29,
    "confused_with": {
      "clarify": 12,
      "pick up": 3
    }
  },
  "deny": {
    "precision": 0.8333333333333334,
    "recall": 0.46875,
    "f1-score": 0.6,
    "support": 32,
    "confused_with": {
      "clarify": 10,
      "greetings": 4
    }
  },
  "show": {
    "precision": 0.7608695652173914,
    "recall": 0.660377358490566,
    "f1-score": 0.7070707070707071,
    "support": 53,
    "confused_with": {
      "find": 10,
      "clarify": 5
    }
  },
  "find": {
    "precision": 0.42857142857142855,
    "recall": 0.6857142857142857,
    "f1-score": 0.5274725274725274,
    "support": 35,
    "confused_with": {
      "clarify": 6,
      "pick up": 3
    }
  },
  "bye": {
    "precision": 0.7777777777777778,
    "recall": 0.6363636363636364,
    "f1-score": 0.7000000000000001,
    "support": 11,
    "confused_with": {
      "none": 1,
      "greetings": 1
    }
  },
  "greetings": {
    "precision": 0.4375,
    "recall": 0.5,
    "f1-score": 0.4666666666666667,
    "support": 14,
    "confused_with": {
      "none": 3,
      "clarify": 3
    }
  },
  "move": {
    "precision": 0.7297297297297297,
    "recall": 0.7297297297297297,
    "f1-score": 0.7297297297297297,
    "support": 37,
    "confused_with": {
      "pick up": 4,
      "show": 3
    }
  },
  "clarify": {
    "precision": 0.21428571428571427,
    "recall": 0.45454545454545453,
    "f1-score": 0.2912621359223301,
    "support": 33,
    "confused_with": {
      "find": 7,
      "show": 4
    }
  },
  "pick up": {
    "precision": 0.8,
    "recall": 0.7157894736842105,
    "f1-score": 0.7555555555555556,
    "support": 95,
    "confused_with": {
      "clarify": 13,
      "find": 6
    }
  },
  "accuracy": 0.5888888888888889,
  "macro avg": {
    "precision": 0.6151298318146144,
    "recall": 0.5465391449201118,
    "f1-score": 0.5571120821663369,
    "support": 360
  },
  "weighted avg": {
    "precision": 0.6513849552889409,
    "recall": 0.5888888888888889,
    "f1-score": 0.600168629605618,
    "support": 360
  }
}