{
  "move": {
    "precision": 0.7916666666666666,
    "recall": 0.95,
    "f1-score": 0.8636363636363635,
    "support": 20,
    "confused_with": {
      "pick up": 1
    }
  },
  "none": {
    "precision": 0.42857142857142855,
    "recall": 0.23076923076923078,
    "f1-score": 0.3,
    "support": 13,
    "confused_with": {
      "deny": 7,
      "affirmative": 2
    }
  },
  "show": {
    "precision": 0.7916666666666666,
    "recall": 0.95,
    "f1-score": 0.8636363636363635,
    "support": 20,
    "confused_with": {
      "deny": 1
    }
  },
  "pick up": {
    "precision": 0.5625,
    "recall": 0.45,
    "f1-score": 0.5,
    "support": 20,
    "confused_with": {
      "find": 5,
      "clarify": 3
    }
  },
  "greetings": {
    "precision": 1.0,
    "recall": 0.625,
    "f1-score": 0.7692307692307693,
    "support": 8,
    "confused_with": {
      "none": 1,
      "clarify": 1
    }
  },
  "affirmative": {
    "precision": 0.5882352941176471,
    "recall": 0.5263157894736842,
    "f1-score": 0.5555555555555555,
    "support": 19,
    "confused_with": {
      "deny": 4,
      "none": 2
    }
  },
  "clarify": {
    "precision": 0.631578947368421,
    "recall": 0.6,
    "f1-score": 0.6153846153846154,
    "support": 20,
    "confused_with": {
      "show": 3,
      "move": 2
    }
  },
  "bye": {
    "precision": 0.8,
    "recall": 0.4444444444444444,
    "f1-score": 0.5714285714285714,
    "support": 9,
    "confused_with": {
      "affirmative": 2,
      "show": 1
    }
  },
  "deny": {
    "precision": 0.5517241379310345,
    "recall": 0.8421052631578947,
    "f1-score": 0.6666666666666666,
    "support": 19,
    "confused_with": {
      "affirmative": 2,
      "find": 1
    }
  },
  "find": {
    "precision": 0.5909090909090909,
    "recall": 0.65,
    "f1-score": 0.6190476190476191,
    "support": 20,
    "confused_with": {
      "pick up": 5,
      "none": 1
    }
  },
  "accuracy": 0.6547619047619048,
  "macro avg": {
    "precision": 0.6736852232230955,
    "recall": 0.6268634727845254,
    "f1-score": 0.6324586524586525,
    "support": 168
  },
  "weighted avg": {
    "precision": 0.6535540786462525,
    "recall": 0.6547619047619048,
    "f1-score": 0.6407918140060997,
    "support": 168
  }
}