{
  "object_color": {
    "precision": 0.9550561797752809,
    "recall": 1.0,
    "f1-score": 0.9770114942528736,
    "support": 85
  },
  "object_name": {
    "precision": 0.9456521739130435,
    "recall": 0.9886363636363636,
    "f1-score": 0.9666666666666666,
    "support": 88
  },
  "placement": {
    "precision": 0.9857142857142858,
    "recall": 1.0,
    "f1-score": 0.9928057553956835,
    "support": 69
  },
  "undefined_object": {
    "precision": 1.0,
    "recall": 1.0,
    "f1-score": 1.0,
    "support": 12
  },
  "micro avg": {
    "precision": 0.9619771863117871,
    "recall": 0.9960629921259843,
    "f1-score": 0.9787234042553192,
    "support": 254
  },
  "macro avg": {
    "precision": 0.9716056598506525,
    "recall": 0.9971590909090909,
    "f1-score": 0.9841209790788059,
    "support": 254
  },
  "weighted avg": {
    "precision": 0.9622498122028835,
    "recall": 0.9960629921259843,
    "f1-score": 0.9788040976396184,
    "support": 254
  }
}