{
  "object_color": {
    "precision": 1.0,
    "recall": 0.90625,
    "f1-score": 0.9508196721311475,
    "support": 96
  },
  "object_name": {
    "precision": 0.9225806451612903,
    "recall": 0.9794520547945206,
    "f1-score": 0.9501661129568107,
    "support": 146
  },
  "placement": {
    "precision": 1.0,
    "recall": 1.0,
    "f1-score": 1.0,
    "support": 69
  },
  "undefined_object": {
    "precision": 1.0,
    "recall": 0.16666666666666666,
    "f1-score": 0.2857142857142857,
    "support": 12
  },
  "micro avg": {
    "precision": 0.9616613418530351,
    "recall": 0.9318885448916409,
    "f1-score": 0.9465408805031446,
    "support": 323
  },
  "macro avg": {
    "precision": 0.9806451612903226,
    "recall": 0.7630921803652968,
    "f1-score": 0.7966750177005609,
    "support": 323
  },
  "weighted avg": {
    "precision": 0.9650054928592829,
    "recall": 0.9318885448916409,
    "f1-score": 0.9363204719654984,
    "support": 323
  }
}