{
  "move": {
    "precision": 0.95,
    "recall": 0.95,
    "f1-score": 0.9500000000000001,
    "support": 20,
    "confused_with": {
      "pick up": 1
    }
  },
  "none": {
    "precision": 0.0,
    "recall": 0.0,
    "f1-score": 0.0,
    "support": 13,
    "confused_with": {
      "deny": 10,
      "affirmative": 2,
      "greetings": 1
    }
  },
  "show": {
    "precision": 1.0,
    "recall": 0.65,
    "f1-score": 0.787878787878788,
    "support": 20,
    "confused_with": {
      "find": 4,
      "pick up": 2
    }
  },
  "pick up": {
    "precision": 0.5238095238095238,
    "recall": 0.55,
    "f1-score": 0.5365853658536585,
    "support": 20,
    "confused_with": {
      "find": 6,
      "clarify": 2
    }
  },
  "greetings": {
    "precision": 0.6666666666666666,
    "recall": 0.25,
    "f1-score": 0.36363636363636365,
    "support": 8,
    "confused_with": {
      "none": 3,
      "deny": 3
    }
  },
  "affirmative": {
    "precision": 0.7272727272727273,
    "recall": 0.42105263157894735,
    "f1-score": 0.5333333333333333,
    "support": 19,
    "confused_with": {
      "deny": 10,
      "none": 1
    }
  },
  "clarify": {
    "precision": 0.7777777777777778,
    "recall": 0.7,
    "f1-score": 0.7368421052631577,
    "support": 20,
    "confused_with": {
      "find": 4,
      "deny": 2
    }
  },
  "bye": {
    "precision": 1.0,
    "recall": 0.7777777777777778,
    "f1-score": 0.8750000000000001,
    "support": 9,
    "confused_with": {
      "deny": 2
    }
  },
  "deny": {
    "precision": 0.37777777777777777,
    "recall": 0.8947368421052632,
    "f1-score": 0.53125,
    "support": 19,
    "confused_with": {
      "find": 1,
      "affirmative": 1
    }
  },
  "find": {
    "precision": 0.4,
    "recall": 0.5,
    "f1-score": 0.4444444444444445,
    "support": 20,
    "confused_with": {
      "pick up": 7,
      "none": 1
    }
  },
  "accuracy": 0.6011904761904762,
  "macro avg": {
    "precision": 0.6423304473304474,
    "recall": 0.5693567251461988,
    "f1-score": 0.5758970400409746,
    "support": 168
  },
  "weighted avg": {
    "precision": 0.6450061842918986,
    "recall": 0.6011904761904762,
    "f1-score": 0.5959892161382453,
    "support": 168
  }
}