{
  "show": {
    "precision": 0.5666666666666667,
    "recall": 0.5483870967741935,
    "f1-score": 0.5573770491803278,
    "support": 31,
    "confused_with": {
      "pick up": 10,
      "clarify": 2
    }
  },
  "affirmative": {
    "precision": 0.5294117647058824,
    "recall": 0.42857142857142855,
    "f1-score": 0.4736842105263158,
    "support": 21,
    "confused_with": {
      "pick up": 4,
      "greetings": 4
    }
  },
  "none": {
    "precision": 0.6,
    "recall": 0.5625,
    "f1-score": 0.5806451612903225,
    "support": 16,
    "confused_with": {
      "pick up": 3,
      "show": 1
    }
  },
  "bye": {
    "precision": 1.0,
    "recall": 0.2727272727272727,
    "f1-score": 0.42857142857142855,
    "support": 11,
    "confused_with": {
      "pick up": 4,
      "affirmative": 2
    }
  },
  "pick up": {
    "precision": 0.379746835443038,
    "recall": 0.75,
    "f1-score": 0.5042016806722689,
    "support": 40,
    "confused_with": {
      "move": 4,
      "clarify": 3
    }
  },
  "deny": {
    "precision": 0.6666666666666666,
    "recall": 0.6,
    "f1-score": 0.631578947368421,
    "support": 20,
    "confused_with": {
      "affirmative": 5,
      "none": 2
    }
  },
  "clarify": {
    "precision": 0.5428571428571428,
    "recall": 0.6551724137931034,
    "f1-score": 0.5937499999999999,
    "support": 29,
    "confused_with": {
      "show": 4,
      "pick up": 4
    }
  },
  "greetings": {
    "precision": 0.375,
    "recall": 0.3333333333333333,
    "f1-score": 0.35294117647058826,
    "support": 9,
    "confused_with": {
      "show": 2,
      "pick up": 1
    }
  },
  "move": {
    "precision": 0.68,
    "recall": 0.53125,
    "f1-score": 0.5964912280701754,
    "support": 32,
    "confused_with": {
      "pick up": 8,
      "clarify": 5
    }
  },
  "find": {
    "precision": 0.7142857142857143,
    "recall": 0.17857142857142858,
    "f1-score": 0.2857142857142857,
    "support": 28,
    "confused_with": {
      "pick up": 14,
      "show": 4
    }
  },
  "accuracy": 0.5232067510548524,
  "macro avg": {
    "precision": 0.6054634790625111,
    "recall": 0.486051297377076,
    "f1-score": 0.5004955167864134,
    "support": 237
  },
  "weighted avg": {
    "precision": 0.5851703697021189,
    "recall": 0.5232067510548524,
    "f1-score": 0.5127141405118724,
    "support": 237
  }
}