{
  "placement": {
    "precision": 0.9487179487179487,
    "recall": 0.9487179487179487,
    "f1-score": 0.9487179487179487,
    "support": 78
  },
  "object_name": {
    "precision": 0.7790697674418605,
    "recall": 0.881578947368421,
    "f1-score": 0.8271604938271606,
    "support": 152
  },
  "object_color": {
    "precision": 0.9391304347826087,
    "recall": 0.972972972972973,
    "f1-score": 0.9557522123893805,
    "support": 111
  },
  "micro avg": {
    "precision": 0.8657534246575342,
    "recall": 0.9266862170087976,
    "f1-score": 0.895184135977337,
    "support": 341
  },
  "macro avg": {
    "precision": 0.888972716980806,
    "recall": 0.9344232896864476,
    "f1-score": 0.9105435516448299,
    "support": 341
  },
  "weighted avg": {
    "precision": 0.8699767827332328,
    "recall": 0.9266862170087976,
    "f1-score": 0.8968237262080635,
    "support": 341
  }
}