{
  "move": {
    "precision": 0.9473684210526315,
    "recall": 0.9,
    "f1-score": 0.9230769230769231,
    "support": 20,
    "confused_with": {
      "pick up": 1,
      "find": 1
    }
  },
  "none": {
    "precision": 0.7272727272727273,
    "recall": 0.6153846153846154,
    "f1-score": 0.6666666666666667,
    "support": 13,
    "confused_with": {
      "deny": 3,
      "clarify": 1
    }
  },
  "show": {
    "precision": 0.9473684210526315,
    "recall": 0.9,
    "f1-score": 0.9230769230769231,
    "support": 20,
    "confused_with": {
      "find": 1,
      "clarify": 1
    }
  },
  "pick up": {
    "precision": 0.8235294117647058,
    "recall": 0.7,
    "f1-score": 0.7567567567567567,
    "support": 20,
    "confused_with": {
      "find": 3,
      "clarify": 3
    }
  },
  "greetings": {
    "precision": 0.7,
    "recall": 0.875,
    "f1-score": 0.7777777777777777,
    "support": 8,
    "confused_with": {
      "none": 1
    }
  },
  "affirmative": {
    "precision": 0.8666666666666667,
    "recall": 0.6842105263157895,
    "f1-score": 0.7647058823529413,
    "support": 19,
    "confused_with": {
      "none": 2,
      "greetings": 2
    }
  },
  "clarify": {
    "precision": 0.75,
    "recall": 0.9,
    "f1-score": 0.8181818181818182,
    "support": 20,
    "confused_with": {
      "show": 1,
      "move": 1
    }
  },
  "bye": {
    "precision": 1.0,
    "recall": 0.8888888888888888,
    "f1-score": 0.9411764705882353,
    "support": 9,
    "confused_with": {
      "greetings": 1
    }
  },
  "deny": {
    "precision": 0.782608695652174,
    "recall": 0.9473684210526315,
    "f1-score": 0.8571428571428571,
    "support": 19,
    "confused_with": {
      "affirmative": 1
    }
  },
  "find": {
    "precision": 0.7727272727272727,
    "recall": 0.85,
    "f1-score": 0.8095238095238095,
    "support": 20,
    "confused_with": {
      "pick up": 2,
      "clarify": 1
    }
  },
  "accuracy": 0.8273809523809523,
  "macro avg": {
    "precision": 0.831754161618881,
    "recall": 0.8260852451641926,
    "f1-score": 0.8238085885144709,
    "support": 168
  },
  "weighted avg": {
    "precision": 0.8345871897056444,
    "recall": 0.8273809523809523,
    "f1-score": 0.8261126653983796,
    "support": 168
  }
}