{
  "object_color": {
    "precision": 1.0,
    "recall": 0.9882352941176471,
    "f1-score": 0.9940828402366864,
    "support": 85
  },
  "object_name": {
    "precision": 0.9565217391304348,
    "recall": 1.0,
    "f1-score": 0.9777777777777777,
    "support": 88
  },
  "placement": {
    "precision": 1.0,
    "recall": 1.0,
    "f1-score": 1.0,
    "support": 69
  },
  "undefined_object": {
    "precision": 1.0,
    "recall": 1.0,
    "f1-score": 1.0,
    "support": 12
  },
  "micro avg": {
    "precision": 0.9844357976653697,
    "recall": 0.9960629921259843,
    "f1-score": 0.990215264187867,
    "support": 254
  },
  "macro avg": {
    "precision": 0.9891304347826086,
    "recall": 0.9970588235294118,
    "f1-score": 0.992965154503616,
    "support": 254
  },
  "weighted avg": {
    "precision": 0.984936665525505,
    "recall": 0.9960629921259843,
    "f1-score": 0.9903208104904047,
    "support": 254
  }
}