{
  "move": {
    "precision": 0.9473684210526315,
    "recall": 0.9,
    "f1-score": 0.9230769230769231,
    "support": 20,
    "confused_with": {
      "clarify": 2
    }
  },
  "none": {
    "precision": 0.5,
    "recall": 0.6153846153846154,
    "f1-score": 0.5517241379310345,
    "support": 13,
    "confused_with": {
      "affirmative": 3,
      "show": 1
    }
  },
  "show": {
    "precision": 0.9523809523809523,
    "recall": 1.0,
    "f1-score": 0.975609756097561,
    "support": 20,
    "confused_with": {}
  },
  "pick up": {
    "precision": 0.7894736842105263,
    "recall": 0.75,
    "f1-score": 0.7692307692307692,
    "support": 20,
    "confused_with": {
      "find": 3,
      "clarify": 2
    }
  },
  "greetings": {
    "precision": 0.625,
    "recall": 0.625,
    "f1-score": 0.625,
    "support": 8,
    "confused_with": {
      "none": 3
    }
  },
  "affirmative": {
    "precision": 0.65,
    "recall": 0.6842105263157895,
    "f1-score": 0.6666666666666667,
    "support": 19,
    "confused_with": {
      "none": 2,
      "deny": 2
    }
  },
  "clarify": {
    "precision": 0.7222222222222222,
    "recall": 0.65,
    "f1-score": 0.6842105263157895,
    "support": 20,
    "confused_with": {
      "find": 4,
      "pick up": 3
    }
  },
  "bye": {
    "precision": 0.8,
    "recall": 0.4444444444444444,
    "f1-score": 0.5714285714285714,
    "support": 9,
    "confused_with": {
      "none": 2,
      "greetings": 2
    }
  },
  "deny": {
    "precision": 0.875,
    "recall": 0.7368421052631579,
    "f1-score": 0.7999999999999999,
    "support": 19,
    "confused_with": {
      "affirmative": 4,
      "none": 1
    }
  },
  "find": {
    "precision": 0.7307692307692307,
    "recall": 0.95,
    "f1-score": 0.8260869565217392,
    "support": 20,
    "confused_with": {
      "clarify": 1
    }
  },
  "accuracy": 0.7678571428571429,
  "macro avg": {
    "precision": 0.7592214510635563,
    "recall": 0.7355881691408007,
    "f1-score": 0.7393034307269055,
    "support": 168
  },
  "weighted avg": {
    "precision": 0.7769005369804243,
    "recall": 0.7678571428571429,
    "f1-score": 0.7663466442112078,
    "support": 168
  }
}