{
  "undefined_object": {
    "precision": 1.0,
    "recall": 1.0,
    "f1-score": 1.0,
    "support": 15
  },
  "object_name": {
    "precision": 0.9886363636363636,
    "recall": 1.0,
    "f1-score": 0.9942857142857142,
    "support": 87
  },
  "placement": {
    "precision": 1.0,
    "recall": 1.0,
    "f1-score": 1.0,
    "support": 79
  },
  "object_color": {
    "precision": 1.0,
    "recall": 0.989247311827957,
    "f1-score": 0.9945945945945946,
    "support": 93
  },
  "micro avg": {
    "precision": 0.9963503649635036,
    "recall": 0.9963503649635036,
    "f1-score": 0.9963503649635036,
    "support": 274
  },
  "macro avg": {
    "precision": 0.9971590909090909,
    "recall": 0.9973118279569892,
    "f1-score": 0.9972200772200772,
    "support": 274
  },
  "weighted avg": {
    "precision": 0.9963918380889183,
    "recall": 0.9963503649635036,
    "f1-score": 0.9963509286137024,
    "support": 274
  }
}