{
  "affirmative": {
    "precision": 1.0,
    "recall": 1.0,
    "f1-score": 1.0,
    "support": 19,
    "confused_with": {}
  },
  "clarify": {
    "precision": 0.9,
    "recall": 0.9,
    "f1-score": 0.9,
    "support": 20,
    "confused_with": {
      "show": 1,
      "pick up": 1
    }
  },
  "greetings": {
    "precision": 0.8,
    "recall": 1.0,
    "f1-score": 0.888888888888889,
    "support": 8,
    "confused_with": {}
  },
  "pick up": {
    "precision": 0.95,
    "recall": 0.95,
    "f1-score": 0.9500000000000001,
    "support": 20,
    "confused_with": {
      "find": 1
    }
  },
  "show": {
    "precision": 0.9523809523809523,
    "recall": 1.0,
    "f1-score": 0.975609756097561,
    "support": 20,
    "confused_with": {}
  },
  "find": {
    "precision": 0.9523809523809523,
    "recall": 1.0,
    "f1-score": 0.975609756097561,
    "support": 20,
    "confused_with": {}
  },
  "deny": {
    "precision": 1.0,
    "recall": 0.9473684210526315,
    "f1-score": 0.972972972972973,
    "support": 19,
    "confused_with": {
      "none": 1
    }
  },
  "move": {
    "precision": 1.0,
    "recall": 1.0,
    "f1-score": 1.0,
    "support": 20,
    "confused_with": {}
  },
  "none": {
    "precision": 0.7692307692307693,
    "recall": 0.7692307692307693,
    "f1-score": 0.7692307692307693,
    "support": 13,
    "confused_with": {
      "greetings": 2,
      "clarify": 1
    }
  },
  "bye": {
    "precision": 1.0,
    "recall": 0.6666666666666666,
    "f1-score": 0.8,
    "support": 9,
    "confused_with": {
      "none": 2,
      "clarify": 1
    }
  },
  "accuracy": 0.9404761904761905,
  "macro avg": {
    "precision": 0.9323992673992674,
    "recall": 0.9233265856950068,
    "f1-score": 0.9232312143287753,
    "support": 168
  },
  "weighted avg": {
    "precision": 0.9434240362811792,
    "recall": 0.9404761904761905,
    "f1-score": 0.9394165942946431,
    "support": 168
  }
}