{
  "move": {
    "precision": 0.0,
    "recall": 0.0,
    "f1-score": 0.0,
    "support": 20,
    "confused_with": {
      "show": 18,
      "pick up": 2
    }
  },
  "none": {
    "precision": 0.0,
    "recall": 0.0,
    "f1-score": 0.0,
    "support": 13,
    "confused_with": {
      "affirmative": 6,
      "find": 4,
      "show": 1
    }
  },
  "show": {
    "precision": 0.022222222222222223,
    "recall": 0.05,
    "f1-score": 0.030769230769230767,
    "support": 20,
    "confused_with": {
      "move": 17,
      "pick up": 1
    }
  },
  "pick up": {
    "precision": 0.2857142857142857,
    "recall": 0.1,
    "f1-score": 0.14814814814814817,
    "support": 20,
    "confused_with": {
      "move": 9,
      "show": 5,
      "find": 3
    }
  },
  "greetings": {
    "precision": 0.0,
    "recall": 0.0,
    "f1-score": 0.0,
    "support": 8,
    "confused_with": {
      "show": 5,
      "deny": 2,
      "affirmative": 1
    }
  },
  "affirmative": {
    "precision": 0.2631578947368421,
    "recall": 0.2631578947368421,
    "f1-score": 0.2631578947368421,
    "support": 19,
    "confused_with": {
      "deny": 8,
      "find": 4
    }
  },
  "clarify": {
    "precision": 0.0,
    "recall": 0.0,
    "f1-score": 0.0,
    "support": 20,
    "confused_with": {
      "move": 17,
      "show": 3
    }
  },
  "bye": {
    "precision": 0.0,
    "recall": 0.0,
    "f1-score": 0.0,
    "support": 9,
    "confused_with": {
      "deny": 4,
      "show": 3,
      "greetings": 1
    }
  },
  "deny": {
    "precision": 0.3181818181818182,
    "recall": 0.3684210526315789,
    "f1-score": 0.3414634146341463,
    "support": 19,
    "confused_with": {
      "affirmative": 6,
      "show": 3
    }
  },
  "find": {
    "precision": 0.07142857142857142,
    "recall": 0.05,
    "f1-score": 0.058823529411764705,
    "support": 20,
    "confused_with": {
      "move": 11,
      "show": 5,
      "clarify": 2
    }
  },
  "accuracy": 0.09523809523809523,
  "macro avg": {
    "precision": 0.09607047922837395,
    "recall": 0.08315789473684211,
    "f1-score": 0.0842362217700132,
    "support": 168
  },
  "weighted avg": {
    "precision": 0.11090926269497697,
    "recall": 0.09523809523809523,
    "f1-score": 0.09668228002756936,
    "support": 168
  }
}