{
  "affirmative": {
    "precision": 0.7647058823529411,
    "recall": 0.6190476190476191,
    "f1-score": 0.6842105263157895,
    "support": 21,
    "confused_with": {
      "deny": 3,
      "show": 1
    }
  },
  "show": {
    "precision": 0.8490566037735849,
    "recall": 0.8490566037735849,
    "f1-score": 0.8490566037735849,
    "support": 53,
    "confused_with": {
      "pick up": 4,
      "none": 3
    }
  },
  "none": {
    "precision": 0.5769230769230769,
    "recall": 0.5172413793103449,
    "f1-score": 0.5454545454545454,
    "support": 29,
    "confused_with": {
      "pick up": 4,
      "deny": 3
    }
  },
  "bye": {
    "precision": 0.7,
    "recall": 0.6363636363636364,
    "f1-score": 0.6666666666666666,
    "support": 11,
    "confused_with": {
      "pick up": 1,
      "none": 1
    }
  },
  "deny": {
    "precision": 0.8,
    "recall": 0.875,
    "f1-score": 0.8358208955223881,
    "support": 32,
    "confused_with": {
      "none": 2,
      "pick up": 1
    }
  },
  "pick up": {
    "precision": 0.780952380952381,
    "recall": 0.8631578947368421,
    "f1-score": 0.8200000000000001,
    "support": 95,
    "confused_with": {
      "move": 6,
      "find": 3
    }
  },
  "move": {
    "precision": 0.75,
    "recall": 0.7297297297297297,
    "f1-score": 0.7397260273972601,
    "support": 37,
    "confused_with": {
      "pick up": 8,
      "clarify": 2
    }
  },
  "greetings": {
    "precision": 0.875,
    "recall": 0.5,
    "f1-score": 0.6363636363636364,
    "support": 14,
    "confused_with": {
      "none": 2,
      "clarify": 2
    }
  },
  "clarify": {
    "precision": 0.71875,
    "recall": 0.696969696969697,
    "f1-score": 0.7076923076923077,
    "support": 33,
    "confused_with": {
      "pick up": 4,
      "show": 3
    }
  },
  "find": {
    "precision": 0.868421052631579,
    "recall": 0.9428571428571428,
    "f1-score": 0.904109589041096,
    "support": 35,
    "confused_with": {
      "none": 1,
      "move": 1
    }
  },
  "accuracy": 0.7777777777777778,
  "macro avg": {
    "precision": 0.7683808996633562,
    "recall": 0.7229423702788598,
    "f1-score": 0.7389100798227275,
    "support": 360
  },
  "weighted avg": {
    "precision": 0.7760932105354513,
    "recall": 0.7777777777777778,
    "f1-score": 0.7734523348720477,
    "support": 360
  }
}