{
  "object_color": {
    "precision": 0.9090909090909091,
    "recall": 0.9655172413793104,
    "f1-score": 0.9364548494983278,
    "support": 145
  },
  "object_name": {
    "precision": 0.8339483394833949,
    "recall": 0.9076305220883534,
    "f1-score": 0.8692307692307693,
    "support": 249
  },
  "placement": {
    "precision": 0.927536231884058,
    "recall": 0.810126582278481,
    "f1-score": 0.8648648648648648,
    "support": 79
  },
  "micro avg": {
    "precision": 0.8704453441295547,
    "recall": 0.9090909090909091,
    "f1-score": 0.889348500517063,
    "support": 473
  },
  "macro avg": {
    "precision": 0.890191826819454,
    "recall": 0.8944247819153816,
    "f1-score": 0.8901834945313206,
    "support": 473
  },
  "weighted avg": {
    "precision": 0.8726145468676272,
    "recall": 0.9090909090909091,
    "f1-score": 0.8891093848626711,
    "support": 473
  }
}