{
  "affirmative": {
    "precision": 0.85,
    "recall": 0.8947368421052632,
    "f1-score": 0.8717948717948718,
    "support": 19,
    "confused_with": {
      "deny": 2
    }
  },
  "clarify": {
    "precision": 0.9166666666666666,
    "recall": 0.55,
    "f1-score": 0.6874999999999999,
    "support": 20,
    "confused_with": {
      "pick up": 6,
      "show": 1
    }
  },
  "greetings": {
    "precision": 0.6666666666666666,
    "recall": 0.75,
    "f1-score": 0.7058823529411765,
    "support": 8,
    "confused_with": {
      "none": 1,
      "move": 1
    }
  },
  "pick up": {
    "precision": 0.5909090909090909,
    "recall": 0.65,
    "f1-score": 0.6190476190476191,
    "support": 20,
    "confused_with": {
      "move": 4,
      "find": 3
    }
  },
  "show": {
    "precision": 0.8571428571428571,
    "recall": 0.9,
    "f1-score": 0.8780487804878048,
    "support": 20,
    "confused_with": {
      "pick up": 1,
      "move": 1
    }
  },
  "find": {
    "precision": 0.7333333333333333,
    "recall": 0.55,
    "f1-score": 0.6285714285714286,
    "support": 20,
    "confused_with": {
      "move": 6,
      "show": 1
    }
  },
  "deny": {
    "precision": 0.9,
    "recall": 0.9473684210526315,
    "f1-score": 0.9230769230769231,
    "support": 19,
    "confused_with": {
      "affirmative": 1
    }
  },
  "move": {
    "precision": 0.5882352941176471,
    "recall": 1.0,
    "f1-score": 0.7407407407407407,
    "support": 20,
    "confused_with": {}
  },
  "none": {
    "precision": 0.8888888888888888,
    "recall": 0.6153846153846154,
    "f1-score": 0.7272727272727274,
    "support": 13,
    "confused_with": {
      "greetings": 3,
      "show": 1
    }
  },
  "bye": {
    "precision": 1.0,
    "recall": 0.6666666666666666,
    "f1-score": 0.8,
    "support": 9,
    "confused_with": {
      "pick up": 1,
      "move": 1
    }
  },
  "accuracy": 0.7619047619047619,
  "macro avg": {
    "precision": 0.799184279772515,
    "recall": 0.7524156545209176,
    "f1-score": 0.7581935443933292,
    "support": 168
  },
  "weighted avg": {
    "precision": 0.7908609150731001,
    "recall": 0.7619047619047619,
    "f1-score": 0.7588234509380407,
    "support": 168
  }
}