{
  "placement": {
    "precision": 0.9518072289156626,
    "recall": 0.9634146341463414,
    "f1-score": 0.9575757575757576,
    "support": 82
  },
  "object_name": {
    "precision": 0.9615384615384616,
    "recall": 0.8278145695364238,
    "f1-score": 0.8896797153024911,
    "support": 151
  },
  "object_color": {
    "precision": 0.9795918367346939,
    "recall": 0.9230769230769231,
    "f1-score": 0.9504950495049506,
    "support": 104
  },
  "micro avg": {
    "precision": 0.9646302250803859,
    "recall": 0.8902077151335311,
    "f1-score": 0.9259259259259259,
    "support": 337
  },
  "macro avg": {
    "precision": 0.9643125090629393,
    "recall": 0.9047687089198962,
    "f1-score": 0.9325835074610663,
    "support": 337
  },
  "weighted avg": {
    "precision": 0.9647419925335317,
    "recall": 0.8902077151335311,
    "f1-score": 0.9249683509804247,
    "support": 337
  }
}