{
  "show": {
    "precision": 0.8421052631578947,
    "recall": 0.5161290322580645,
    "f1-score": 0.6399999999999999,
    "support": 31,
    "confused_with": {
      "clarify": 5,
      "pick up": 4
    }
  },
  "affirmative": {
    "precision": 0.7368421052631579,
    "recall": 0.6666666666666666,
    "f1-score": 0.7,
    "support": 21,
    "confused_with": {
      "clarify": 3,
      "deny": 2
    }
  },
  "none": {
    "precision": 0.4444444444444444,
    "recall": 0.25,
    "f1-score": 0.32,
    "support": 16,
    "confused_with": {
      "find": 4,
      "clarify": 3
    }
  },
  "bye": {
    "precision": 0.8,
    "recall": 0.36363636363636365,
    "f1-score": 0.5000000000000001,
    "support": 11,
    "confused_with": {
      "clarify": 4,
      "affirmative": 2
    }
  },
  "pick up": {
    "precision": 0.5609756097560976,
    "recall": 0.575,
    "f1-score": 0.5679012345679012,
    "support": 40,
    "confused_with": {
      "clarify": 7,
      "move": 6
    }
  },
  "deny": {
    "precision": 0.8,
    "recall": 0.8,
    "f1-score": 0.8000000000000002,
    "support": 20,
    "confused_with": {
      "affirmative": 3,
      "clarify": 1
    }
  },
  "clarify": {
    "precision": 0.23404255319148937,
    "recall": 0.3793103448275862,
    "f1-score": 0.2894736842105263,
    "support": 29,
    "confused_with": {
      "pick up": 7,
      "find": 5
    }
  },
  "greetings": {
    "precision": 0.6666666666666666,
    "recall": 0.2222222222222222,
    "f1-score": 0.3333333333333333,
    "support": 9,
    "confused_with": {
      "none": 3,
      "show": 2
    }
  },
  "move": {
    "precision": 0.6363636363636364,
    "recall": 0.875,
    "f1-score": 0.7368421052631579,
    "support": 32,
    "confused_with": {
      "pick up": 2,
      "clarify": 2
    }
  },
  "find": {
    "precision": 0.3333333333333333,
    "recall": 0.35714285714285715,
    "f1-score": 0.3448275862068965,
    "support": 28,
    "confused_with": {
      "clarify": 10,
      "move": 4
    }
  },
  "accuracy": 0.540084388185654,
  "macro avg": {
    "precision": 0.605477361217672,
    "recall": 0.5005107486753759,
    "f1-score": 0.5232377943581815,
    "support": 237
  },
  "weighted avg": {
    "precision": 0.5840223063683502,
    "recall": 0.540084388185654,
    "f1-score": 0.5422147932786306,
    "support": 237
  }
}