{
  "placement": {
    "precision": 0.9367088607594937,
    "recall": 0.9487179487179487,
    "f1-score": 0.9426751592356688,
    "support": 78
  },
  "object_name": {
    "precision": 1.0,
    "recall": 0.9276315789473685,
    "f1-score": 0.962457337883959,
    "support": 152
  },
  "object_color": {
    "precision": 1.0,
    "recall": 1.0,
    "f1-score": 1.0,
    "support": 111
  },
  "micro avg": {
    "precision": 0.9848942598187311,
    "recall": 0.9560117302052786,
    "f1-score": 0.9702380952380952,
    "support": 341
  },
  "macro avg": {
    "precision": 0.9789029535864979,
    "recall": 0.958783175888439,
    "f1-score": 0.9683774990398759,
    "support": 341
  },
  "weighted avg": {
    "precision": 0.9855228479156614,
    "recall": 0.9560117302052786,
    "f1-score": 0.9701530140139119,
    "support": 341
  }
}