{
  "show": {
    "precision": 1.0,
    "recall": 1.0,
    "f1-score": 1.0,
    "support": 31,
    "confused_with": {}
  },
  "affirmative": {
    "precision": 0.7272727272727273,
    "recall": 0.7619047619047619,
    "f1-score": 0.7441860465116279,
    "support": 21,
    "confused_with": {
      "clarify": 4,
      "pick up": 1
    }
  },
  "none": {
    "precision": 0.6875,
    "recall": 0.6875,
    "f1-score": 0.6875,
    "support": 16,
    "confused_with": {
      "clarify": 3,
      "affirmative": 2
    }
  },
  "bye": {
    "precision": 1.0,
    "recall": 0.9090909090909091,
    "f1-score": 0.9523809523809523,
    "support": 11,
    "confused_with": {
      "none": 1
    }
  },
  "pick up": {
    "precision": 0.7659574468085106,
    "recall": 0.9,
    "f1-score": 0.8275862068965516,
    "support": 40,
    "confused_with": {
      "move": 2,
      "none": 1
    }
  },
  "deny": {
    "precision": 1.0,
    "recall": 0.95,
    "f1-score": 0.9743589743589743,
    "support": 20,
    "confused_with": {
      "affirmative": 1
    }
  },
  "clarify": {
    "precision": 0.7333333333333333,
    "recall": 0.7586206896551724,
    "f1-score": 0.7457627118644068,
    "support": 29,
    "confused_with": {
      "pick up": 5,
      "none": 1
    }
  },
  "greetings": {
    "precision": 1.0,
    "recall": 0.5555555555555556,
    "f1-score": 0.7142857142857143,
    "support": 9,
    "confused_with": {
      "affirmative": 2,
      "pick up": 1
    }
  },
  "move": {
    "precision": 0.9090909090909091,
    "recall": 0.9375,
    "f1-score": 0.923076923076923,
    "support": 32,
    "confused_with": {
      "pick up": 2
    }
  },
  "find": {
    "precision": 1.0,
    "recall": 0.8571428571428571,
    "f1-score": 0.923076923076923,
    "support": 28,
    "confused_with": {
      "pick up": 2,
      "none": 1
    }
  },
  "accuracy": 0.8607594936708861,
  "macro avg": {
    "precision": 0.8823154416505481,
    "recall": 0.8317314773349256,
    "f1-score": 0.8492214452452073,
    "support": 237
  },
  "weighted avg": {
    "precision": 0.8703316493782425,
    "recall": 0.8607594936708861,
    "f1-score": 0.8613292433469655,
    "support": 237
  }
}