{
  "object_color": {
    "precision": 0.9736842105263158,
    "recall": 0.9801324503311258,
    "f1-score": 0.976897689768977,
    "support": 151
  },
  "placement": {
    "precision": 0.9540229885057471,
    "recall": 0.9120879120879121,
    "f1-score": 0.9325842696629213,
    "support": 91
  },
  "object_name": {
    "precision": 0.9527272727272728,
    "recall": 0.9739776951672863,
    "f1-score": 0.963235294117647,
    "support": 269
  },
  "micro avg": {
    "precision": 0.9591439688715954,
    "recall": 0.9647749510763209,
    "f1-score": 0.9619512195121951,
    "support": 511
  },
  "macro avg": {
    "precision": 0.9601448239197786,
    "recall": 0.9553993525287746,
    "f1-score": 0.9575724178498485,
    "support": 511
  },
  "weighted avg": {
    "precision": 0.9591507712468357,
    "recall": 0.9647749510763209,
    "f1-score": 0.9618141170490966,
    "support": 511
  }
}