{
  "affirmative": {
    "precision": 0.9473684210526315,
    "recall": 0.9473684210526315,
    "f1-score": 0.9473684210526315,
    "support": 19,
    "confused_with": {
      "none": 1
    }
  },
  "clarify": {
    "precision": 0.95,
    "recall": 0.95,
    "f1-score": 0.9500000000000001,
    "support": 20,
    "confused_with": {
      "move": 1
    }
  },
  "greetings": {
    "precision": 0.8,
    "recall": 1.0,
    "f1-score": 0.888888888888889,
    "support": 8,
    "confused_with": {}
  },
  "pick up": {
    "precision": 0.8888888888888888,
    "recall": 0.8,
    "f1-score": 0.8421052631578948,
    "support": 20,
    "confused_with": {
      "find": 4
    }
  },
  "show": {
    "precision": 0.9090909090909091,
    "recall": 1.0,
    "f1-score": 0.9523809523809523,
    "support": 20,
    "confused_with": {}
  },
  "find": {
    "precision": 0.8,
    "recall": 0.8,
    "f1-score": 0.8000000000000002,
    "support": 20,
    "confused_with": {
      "show": 2,
      "pick up": 2
    }
  },
  "deny": {
    "precision": 0.95,
    "recall": 1.0,
    "f1-score": 0.9743589743589743,
    "support": 19,
    "confused_with": {}
  },
  "move": {
    "precision": 0.9523809523809523,
    "recall": 1.0,
    "f1-score": 0.975609756097561,
    "support": 20,
    "confused_with": {}
  },
  "none": {
    "precision": 0.9,
    "recall": 0.6923076923076923,
    "f1-score": 0.7826086956521738,
    "support": 13,
    "confused_with": {
      "greetings": 2,
      "clarify": 1
    }
  },
  "bye": {
    "precision": 1.0,
    "recall": 0.8888888888888888,
    "f1-score": 0.9411764705882353,
    "support": 9,
    "confused_with": {
      "deny": 1
    }
  },
  "accuracy": 0.9107142857142857,
  "macro avg": {
    "precision": 0.9097729171413382,
    "recall": 0.9078565002249214,
    "f1-score": 0.9054497422177313,
    "support": 168
  },
  "weighted avg": {
    "precision": 0.9116500893286608,
    "recall": 0.9107142857142857,
    "f1-score": 0.9087520972347153,
    "support": 168
  }
}