{
  "find": {
    "precision": 0.9642857142857143,
    "recall": 0.9642857142857143,
    "f1-score": 0.9642857142857143,
    "support": 28,
    "confused_with": {
      "deny": 1
    }
  },
  "none": {
    "precision": 0.6666666666666666,
    "recall": 0.8235294117647058,
    "f1-score": 0.7368421052631577,
    "support": 17,
    "confused_with": {
      "affirmative": 2,
      "deny": 1
    }
  },
  "affirmative": {
    "precision": 0.7619047619047619,
    "recall": 0.7619047619047619,
    "f1-score": 0.7619047619047619,
    "support": 21,
    "confused_with": {
      "deny": 2,
      "bye": 2
    }
  },
  "greetings": {
    "precision": 1.0,
    "recall": 0.6666666666666666,
    "f1-score": 0.8,
    "support": 9,
    "confused_with": {
      "none": 3
    }
  },
  "move": {
    "precision": 0.9,
    "recall": 0.84375,
    "f1-score": 0.870967741935484,
    "support": 32,
    "confused_with": {
      "pick up": 5
    }
  },
  "clarify": {
    "precision": 1.0,
    "recall": 0.896551724137931,
    "f1-score": 0.9454545454545454,
    "support": 29,
    "confused_with": {
      "show": 1,
      "pick up": 1
    }
  },
  "bye": {
    "precision": 0.75,
    "recall": 0.5454545454545454,
    "f1-score": 0.631578947368421,
    "support": 11,
    "confused_with": {
      "deny": 4,
      "affirmative": 1
    }
  },
  "deny": {
    "precision": 0.6428571428571429,
    "recall": 0.9,
    "f1-score": 0.75,
    "support": 20,
    "confused_with": {
      "none": 1,
      "affirmative": 1
    }
  },
  "show": {
    "precision": 0.9655172413793104,
    "recall": 0.9032258064516129,
    "f1-score": 0.9333333333333333,
    "support": 31,
    "confused_with": {
      "none": 2,
      "pick up": 1
    }
  },
  "pick up": {
    "precision": 0.8292682926829268,
    "recall": 0.85,
    "f1-score": 0.8395061728395061,
    "support": 40,
    "confused_with": {
      "move": 3,
      "find": 1
    }
  },
  "accuracy": 0.8487394957983193,
  "macro avg": {
    "precision": 0.8480499819776522,
    "recall": 0.8155368630665938,
    "f1-score": 0.8233873322384924,
    "support": 238
  },
  "weighted avg": {
    "precision": 0.8627825310107223,
    "recall": 0.8487394957983193,
    "f1-score": 0.8507412353678874,
    "support": 238
  }
}