{
  "move": {
    "precision": 0.8636363636363636,
    "recall": 0.95,
    "f1-score": 0.9047619047619048,
    "support": 20,
    "confused_with": {
      "clarify": 1
    }
  },
  "none": {
    "precision": 0.5625,
    "recall": 0.6923076923076923,
    "f1-score": 0.6206896551724138,
    "support": 13,
    "confused_with": {
      "affirmative": 2,
      "greetings": 1
    }
  },
  "show": {
    "precision": 0.8095238095238095,
    "recall": 0.85,
    "f1-score": 0.8292682926829269,
    "support": 20,
    "confused_with": {
      "pick up": 1,
      "find": 1
    }
  },
  "pick up": {
    "precision": 0.625,
    "recall": 0.5,
    "f1-score": 0.5555555555555556,
    "support": 20,
    "confused_with": {
      "find": 7,
      "show": 2
    }
  },
  "greetings": {
    "precision": 0.8333333333333334,
    "recall": 0.625,
    "f1-score": 0.7142857142857143,
    "support": 8,
    "confused_with": {
      "none": 1,
      "find": 1
    }
  },
  "affirmative": {
    "precision": 0.6363636363636364,
    "recall": 0.7368421052631579,
    "f1-score": 0.6829268292682926,
    "support": 19,
    "confused_with": {
      "none": 3,
      "deny": 1
    }
  },
  "clarify": {
    "precision": 0.7692307692307693,
    "recall": 0.5,
    "f1-score": 0.6060606060606061,
    "support": 20,
    "confused_with": {
      "move": 3,
      "find": 3
    }
  },
  "bye": {
    "precision": 0.8333333333333334,
    "recall": 0.5555555555555556,
    "f1-score": 0.6666666666666667,
    "support": 9,
    "confused_with": {
      "affirmative": 2,
      "none": 1
    }
  },
  "deny": {
    "precision": 0.8333333333333334,
    "recall": 0.7894736842105263,
    "f1-score": 0.8108108108108109,
    "support": 19,
    "confused_with": {
      "affirmative": 3,
      "none": 1
    }
  },
  "find": {
    "precision": 0.5714285714285714,
    "recall": 0.8,
    "f1-score": 0.6666666666666666,
    "support": 20,
    "confused_with": {
      "pick up": 4
    }
  },
  "accuracy": 0.7142857142857143,
  "macro avg": {
    "precision": 0.7337683150183151,
    "recall": 0.6999179037336932,
    "f1-score": 0.7057692701931558,
    "support": 168
  },
  "weighted avg": {
    "precision": 0.7272607105196391,
    "recall": 0.7142857142857143,
    "f1-score": 0.7107769458784718,
    "support": 168
  }
}