{
  "object_color": {
    "precision": 0.9871794871794872,
    "recall": 0.9685534591194969,
    "f1-score": 0.9777777777777779,
    "support": 159
  },
  "placement": {
    "precision": 1.0,
    "recall": 0.9318181818181818,
    "f1-score": 0.9647058823529412,
    "support": 88
  },
  "object_name": {
    "precision": 0.9230769230769231,
    "recall": 0.9484536082474226,
    "f1-score": 0.9355932203389831,
    "support": 291
  },
  "micro avg": {
    "precision": 0.9534450651769087,
    "recall": 0.9516728624535316,
    "f1-score": 0.9525581395348838,
    "support": 538
  },
  "macro avg": {
    "precision": 0.9700854700854702,
    "recall": 0.9496084163950339,
    "f1-score": 0.9593589601565674,
    "support": 538
  },
  "weighted avg": {
    "precision": 0.954603946239634,
    "recall": 0.9516728624535316,
    "f1-score": 0.9528223260824714,
    "support": 538
  }
}