{
  "affirmative": {
    "precision": 0.8,
    "recall": 0.7619047619047619,
    "f1-score": 0.7804878048780488,
    "support": 21,
    "confused_with": {
      "pick up": 4,
      "clarify": 1
    }
  },
  "none": {
    "precision": 0.5862068965517241,
    "recall": 0.5862068965517241,
    "f1-score": 0.5862068965517241,
    "support": 29,
    "confused_with": {
      "pick up": 5,
      "deny": 3
    }
  },
  "deny": {
    "precision": 0.8125,
    "recall": 0.8125,
    "f1-score": 0.8125,
    "support": 32,
    "confused_with": {
      "greetings": 3,
      "none": 2
    }
  },
  "show": {
    "precision": 0.8392857142857143,
    "recall": 0.8867924528301887,
    "f1-score": 0.8623853211009174,
    "support": 53,
    "confused_with": {
      "pick up": 4,
      "none": 1
    }
  },
  "find": {
    "precision": 0.8333333333333334,
    "recall": 0.7142857142857143,
    "f1-score": 0.7692307692307692,
    "support": 35,
    "confused_with": {
      "pick up": 6,
      "show": 4
    }
  },
  "bye": {
    "precision": 1.0,
    "recall": 0.7272727272727273,
    "f1-score": 0.8421052631578948,
    "support": 11,
    "confused_with": {
      "none": 2,
      "deny": 1
    }
  },
  "greetings": {
    "precision": 0.6,
    "recall": 0.42857142857142855,
    "f1-score": 0.5,
    "support": 14,
    "confused_with": {
      "none": 5,
      "affirmative": 3
    }
  },
  "move": {
    "precision": 0.8709677419354839,
    "recall": 0.7297297297297297,
    "f1-score": 0.7941176470588235,
    "support": 37,
    "confused_with": {
      "pick up": 9,
      "find": 1
    }
  },
  "clarify": {
    "precision": 0.8529411764705882,
    "recall": 0.8787878787878788,
    "f1-score": 0.8656716417910447,
    "support": 33,
    "confused_with": {
      "pick up": 2,
      "none": 1
    }
  },
  "pick up": {
    "precision": 0.7272727272727273,
    "recall": 0.8421052631578947,
    "f1-score": 0.7804878048780488,
    "support": 95,
    "confused_with": {
      "move": 4,
      "show": 3
    }
  },
  "accuracy": 0.7805555555555556,
  "macro avg": {
    "precision": 0.7922507589849571,
    "recall": 0.7368156853092048,
    "f1-score": 0.759319314864727,
    "support": 360
  },
  "weighted avg": {
    "precision": 0.7842016219162804,
    "recall": 0.7805555555555556,
    "f1-score": 0.7788298870063806,
    "support": 360
  }
}