{
  "affirmative": {
    "precision": 0.9230769230769231,
    "recall": 0.631578947368421,
    "f1-score": 0.7499999999999999,
    "support": 19,
    "confused_with": {
      "clarify": 4,
      "none": 1
    }
  },
  "clarify": {
    "precision": 0.5428571428571428,
    "recall": 0.95,
    "f1-score": 0.6909090909090908,
    "support": 20,
    "confused_with": {
      "show": 1
    }
  },
  "greetings": {
    "precision": 0.8,
    "recall": 0.5,
    "f1-score": 0.6153846153846154,
    "support": 8,
    "confused_with": {
      "clarify": 4
    }
  },
  "pick up": {
    "precision": 1.0,
    "recall": 0.75,
    "f1-score": 0.8571428571428571,
    "support": 20,
    "confused_with": {
      "find": 4,
      "show": 1
    }
  },
  "show": {
    "precision": 0.8333333333333334,
    "recall": 1.0,
    "f1-score": 0.9090909090909091,
    "support": 20,
    "confused_with": {}
  },
  "find": {
    "precision": 0.8095238095238095,
    "recall": 0.85,
    "f1-score": 0.8292682926829269,
    "support": 20,
    "confused_with": {
      "clarify": 2,
      "show": 1
    }
  },
  "deny": {
    "precision": 0.9444444444444444,
    "recall": 0.8947368421052632,
    "f1-score": 0.918918918918919,
    "support": 19,
    "confused_with": {
      "none": 1,
      "clarify": 1
    }
  },
  "move": {
    "precision": 1.0,
    "recall": 0.95,
    "f1-score": 0.9743589743589743,
    "support": 20,
    "confused_with": {
      "show": 1
    }
  },
  "none": {
    "precision": 0.6666666666666666,
    "recall": 0.6153846153846154,
    "f1-score": 0.64,
    "support": 13,
    "confused_with": {
      "clarify": 3,
      "deny": 1
    }
  },
  "bye": {
    "precision": 0.8333333333333334,
    "recall": 0.5555555555555556,
    "f1-score": 0.6666666666666667,
    "support": 9,
    "confused_with": {
      "none": 2,
      "clarify": 2
    }
  },
  "accuracy": 0.8095238095238095,
  "macro avg": {
    "precision": 0.8353235653235653,
    "recall": 0.7697255960413856,
    "f1-score": 0.7851740325154959,
    "support": 168
  },
  "weighted avg": {
    "precision": 0.8438324902610617,
    "recall": 0.8095238095238095,
    "f1-score": 0.8105234456323306,
    "support": 168
  }
}