{
  "move": {
    "precision": 1.0,
    "recall": 1.0,
    "f1-score": 1.0,
    "support": 20,
    "confused_with": {}
  },
  "none": {
    "precision": 0.5555555555555556,
    "recall": 0.38461538461538464,
    "f1-score": 0.4545454545454546,
    "support": 13,
    "confused_with": {
      "clarify": 3,
      "bye": 2
    }
  },
  "show": {
    "precision": 0.9411764705882353,
    "recall": 0.8,
    "f1-score": 0.8648648648648648,
    "support": 20,
    "confused_with": {
      "pick up": 4
    }
  },
  "pick up": {
    "precision": 0.7142857142857143,
    "recall": 0.75,
    "f1-score": 0.7317073170731706,
    "support": 20,
    "confused_with": {
      "clarify": 4,
      "find": 1
    }
  },
  "greetings": {
    "precision": 0.75,
    "recall": 0.75,
    "f1-score": 0.75,
    "support": 8,
    "confused_with": {
      "none": 2
    }
  },
  "affirmative": {
    "precision": 0.9230769230769231,
    "recall": 0.631578947368421,
    "f1-score": 0.7499999999999999,
    "support": 19,
    "confused_with": {
      "deny": 2,
      "clarify": 2
    }
  },
  "clarify": {
    "precision": 0.5294117647058824,
    "recall": 0.9,
    "f1-score": 0.6666666666666667,
    "support": 20,
    "confused_with": {
      "pick up": 1,
      "none": 1
    }
  },
  "bye": {
    "precision": 0.7777777777777778,
    "recall": 0.7777777777777778,
    "f1-score": 0.7777777777777778,
    "support": 9,
    "confused_with": {
      "clarify": 1,
      "affirmative": 1
    }
  },
  "deny": {
    "precision": 0.85,
    "recall": 0.8947368421052632,
    "f1-score": 0.8717948717948718,
    "support": 19,
    "confused_with": {
      "clarify": 2
    }
  },
  "find": {
    "precision": 0.9411764705882353,
    "recall": 0.8,
    "f1-score": 0.8648648648648648,
    "support": 20,
    "confused_with": {
      "clarify": 4
    }
  },
  "accuracy": 0.7857142857142857,
  "macro avg": {
    "precision": 0.7982460676578323,
    "recall": 0.7688708951866847,
    "f1-score": 0.7732221817587671,
    "support": 168
  },
  "weighted avg": {
    "precision": 0.8120934057383637,
    "recall": 0.7857142857142857,
    "f1-score": 0.7874123079915762,
    "support": 168
  }
}