{
  "show": {
    "precision": 0.9047619047619048,
    "recall": 0.6129032258064516,
    "f1-score": 0.7307692307692307,
    "support": 31,
    "confused_with": {
      "move": 4,
      "pick up": 3
    }
  },
  "affirmative": {
    "precision": 0.4782608695652174,
    "recall": 0.5238095238095238,
    "f1-score": 0.5,
    "support": 21,
    "confused_with": {
      "clarify": 7,
      "deny": 2
    }
  },
  "none": {
    "precision": 0.4,
    "recall": 0.25,
    "f1-score": 0.3076923076923077,
    "support": 16,
    "confused_with": {
      "affirmative": 5,
      "clarify": 4
    }
  },
  "bye": {
    "precision": 0.8333333333333334,
    "recall": 0.45454545454545453,
    "f1-score": 0.5882352941176471,
    "support": 11,
    "confused_with": {
      "none": 2,
      "affirmative": 2
    }
  },
  "pick up": {
    "precision": 0.52,
    "recall": 0.65,
    "f1-score": 0.5777777777777778,
    "support": 40,
    "confused_with": {
      "move": 8,
      "find": 3
    }
  },
  "deny": {
    "precision": 0.8125,
    "recall": 0.65,
    "f1-score": 0.7222222222222223,
    "support": 20,
    "confused_with": {
      "find": 3,
      "affirmative": 2
    }
  },
  "clarify": {
    "precision": 0.3333333333333333,
    "recall": 0.4827586206896552,
    "f1-score": 0.39436619718309857,
    "support": 29,
    "confused_with": {
      "pick up": 7,
      "move": 7
    }
  },
  "greetings": {
    "precision": 0.0,
    "recall": 0.0,
    "f1-score": 0.0,
    "support": 9,
    "confused_with": {
      "pick up": 3,
      "affirmative": 3,
      "none": 2
    }
  },
  "move": {
    "precision": 0.4888888888888889,
    "recall": 0.6875,
    "f1-score": 0.5714285714285714,
    "support": 32,
    "confused_with": {
      "pick up": 6,
      "find": 2
    }
  },
  "find": {
    "precision": 0.5217391304347826,
    "recall": 0.42857142857142855,
    "f1-score": 0.47058823529411764,
    "support": 28,
    "confused_with": {
      "clarify": 7,
      "pick up": 3
    }
  },
  "accuracy": 0.5316455696202531,
  "macro avg": {
    "precision": 0.529281746031746,
    "recall": 0.4740088253422514,
    "f1-score": 0.48630798364849737,
    "support": 237
  },
  "weighted avg": {
    "precision": 0.551171184550381,
    "recall": 0.5316455696202531,
    "f1-score": 0.5274340567933847,
    "support": 237
  }
}