{
  "show": {
    "precision": 0.896551724137931,
    "recall": 0.8387096774193549,
    "f1-score": 0.8666666666666666,
    "support": 31,
    "confused_with": {
      "none": 2,
      "find": 2
    }
  },
  "affirmative": {
    "precision": 0.8823529411764706,
    "recall": 0.7142857142857143,
    "f1-score": 0.7894736842105262,
    "support": 21,
    "confused_with": {
      "none": 2,
      "deny": 2
    }
  },
  "none": {
    "precision": 0.625,
    "recall": 0.625,
    "f1-score": 0.625,
    "support": 16,
    "confused_with": {
      "clarify": 3,
      "show": 1
    }
  },
  "bye": {
    "precision": 1.0,
    "recall": 0.5454545454545454,
    "f1-score": 0.7058823529411764,
    "support": 11,
    "confused_with": {
      "affirmative": 2,
      "none": 1
    }
  },
  "pick up": {
    "precision": 0.875,
    "recall": 0.875,
    "f1-score": 0.875,
    "support": 40,
    "confused_with": {
      "move": 3,
      "find": 2
    }
  },
  "deny": {
    "precision": 0.9090909090909091,
    "recall": 1.0,
    "f1-score": 0.9523809523809523,
    "support": 20,
    "confused_with": {}
  },
  "clarify": {
    "precision": 0.7647058823529411,
    "recall": 0.896551724137931,
    "f1-score": 0.8253968253968255,
    "support": 29,
    "confused_with": {
      "show": 2,
      "pick up": 1
    }
  },
  "greetings": {
    "precision": 0.8888888888888888,
    "recall": 0.8888888888888888,
    "f1-score": 0.8888888888888888,
    "support": 9,
    "confused_with": {
      "none": 1
    }
  },
  "move": {
    "precision": 0.9032258064516129,
    "recall": 0.875,
    "f1-score": 0.8888888888888888,
    "support": 32,
    "confused_with": {
      "pick up": 3,
      "clarify": 1
    }
  },
  "find": {
    "precision": 0.8484848484848485,
    "recall": 1.0,
    "f1-score": 0.9180327868852458,
    "support": 28,
    "confused_with": {}
  },
  "accuracy": 0.8523206751054853,
  "macro avg": {
    "precision": 0.8593301000583603,
    "recall": 0.8258890550186434,
    "f1-score": 0.833561104625917,
    "support": 237
  },
  "weighted avg": {
    "precision": 0.8579814580044834,
    "recall": 0.8523206751054853,
    "f1-score": 0.8495519383071687,
    "support": 237
  }
}