{
  "affirmative": {
    "precision": 1.0,
    "recall": 0.7619047619047619,
    "f1-score": 0.8648648648648648,
    "support": 21,
    "confused_with": {
      "pick up": 2,
      "clarify": 2
    }
  },
  "none": {
    "precision": 0.7272727272727273,
    "recall": 0.5517241379310345,
    "f1-score": 0.6274509803921569,
    "support": 29,
    "confused_with": {
      "show": 5,
      "pick up": 3
    }
  },
  "deny": {
    "precision": 0.9310344827586207,
    "recall": 0.84375,
    "f1-score": 0.8852459016393444,
    "support": 32,
    "confused_with": {
      "none": 2,
      "pick up": 1
    }
  },
  "show": {
    "precision": 0.8723404255319149,
    "recall": 0.7735849056603774,
    "f1-score": 0.8200000000000001,
    "support": 53,
    "confused_with": {
      "pick up": 4,
      "find": 3
    }
  },
  "find": {
    "precision": 0.868421052631579,
    "recall": 0.9428571428571428,
    "f1-score": 0.904109589041096,
    "support": 35,
    "confused_with": {
      "move": 1,
      "clarify": 1
    }
  },
  "bye": {
    "precision": 0.9,
    "recall": 0.8181818181818182,
    "f1-score": 0.8571428571428572,
    "support": 11,
    "confused_with": {
      "none": 2
    }
  },
  "greetings": {
    "precision": 0.7058823529411765,
    "recall": 0.8571428571428571,
    "f1-score": 0.7741935483870968,
    "support": 14,
    "confused_with": {
      "clarify": 2
    }
  },
  "move": {
    "precision": 0.825,
    "recall": 0.8918918918918919,
    "f1-score": 0.8571428571428571,
    "support": 37,
    "confused_with": {
      "pick up": 3,
      "clarify": 1
    }
  },
  "clarify": {
    "precision": 0.6341463414634146,
    "recall": 0.7878787878787878,
    "f1-score": 0.7027027027027027,
    "support": 33,
    "confused_with": {
      "pick up": 3,
      "find": 2
    }
  },
  "pick up": {
    "precision": 0.84,
    "recall": 0.8842105263157894,
    "f1-score": 0.8615384615384616,
    "support": 95,
    "confused_with": {
      "clarify": 6,
      "move": 5
    }
  },
  "accuracy": 0.825,
  "macro avg": {
    "precision": 0.8304097382599434,
    "recall": 0.8113126829764461,
    "f1-score": 0.8154391762851437,
    "support": 360
  },
  "weighted avg": {
    "precision": 0.8320749281776413,
    "recall": 0.825,
    "f1-score": 0.8244634858834767,
    "support": 360
  }
}