{
  "placement": {
    "precision": 0.8666666666666667,
    "recall": 0.8783783783783784,
    "f1-score": 0.87248322147651,
    "support": 74
  },
  "object_name": {
    "precision": 0.6598984771573604,
    "recall": 0.8552631578947368,
    "f1-score": 0.7449856733524356,
    "support": 152
  },
  "object_color": {
    "precision": 0.923728813559322,
    "recall": 0.9819819819819819,
    "f1-score": 0.9519650655021833,
    "support": 111
  },
  "micro avg": {
    "precision": 0.7794871794871795,
    "recall": 0.9020771513353115,
    "f1-score": 0.8363136176066025,
    "support": 337
  },
  "macro avg": {
    "precision": 0.8167646524611163,
    "recall": 0.9052078394183658,
    "f1-score": 0.856477986777043,
    "support": 337
  },
  "weighted avg": {
    "precision": 0.7922011874372012,
    "recall": 0.9020771513353115,
    "f1-score": 0.8411563887524459,
    "support": 337
  }
}