{
  "move": {
    "precision": 0.9523809523809523,
    "recall": 1.0,
    "f1-score": 0.975609756097561,
    "support": 20,
    "confused_with": {}
  },
  "none": {
    "precision": 0.7272727272727273,
    "recall": 0.6153846153846154,
    "f1-score": 0.6666666666666667,
    "support": 13,
    "confused_with": {
      "clarify": 3,
      "bye": 1
    }
  },
  "show": {
    "precision": 0.9523809523809523,
    "recall": 1.0,
    "f1-score": 0.975609756097561,
    "support": 20,
    "confused_with": {}
  },
  "pick up": {
    "precision": 0.9444444444444444,
    "recall": 0.85,
    "f1-score": 0.8947368421052632,
    "support": 20,
    "confused_with": {
      "find": 2,
      "move": 1
    }
  },
  "greetings": {
    "precision": 0.875,
    "recall": 0.875,
    "f1-score": 0.875,
    "support": 8,
    "confused_with": {
      "none": 1
    }
  },
  "affirmative": {
    "precision": 0.75,
    "recall": 0.7894736842105263,
    "f1-score": 0.7692307692307692,
    "support": 19,
    "confused_with": {
      "clarify": 2,
      "none": 1
    }
  },
  "clarify": {
    "precision": 0.7037037037037037,
    "recall": 0.95,
    "f1-score": 0.8085106382978724,
    "support": 20,
    "confused_with": {
      "show": 1
    }
  },
  "bye": {
    "precision": 0.8,
    "recall": 0.4444444444444444,
    "f1-score": 0.5714285714285714,
    "support": 9,
    "confused_with": {
      "affirmative": 3,
      "none": 1
    }
  },
  "deny": {
    "precision": 1.0,
    "recall": 0.8947368421052632,
    "f1-score": 0.9444444444444444,
    "support": 19,
    "confused_with": {
      "clarify": 1,
      "affirmative": 1
    }
  },
  "find": {
    "precision": 0.9,
    "recall": 0.9,
    "f1-score": 0.9,
    "support": 20,
    "confused_with": {
      "pick up": 1,
      "clarify": 1
    }
  },
  "accuracy": 0.8630952380952381,
  "macro avg": {
    "precision": 0.860518278018278,
    "recall": 0.8319039586144849,
    "f1-score": 0.838123744436871,
    "support": 168
  },
  "weighted avg": {
    "precision": 0.8688258720996817,
    "recall": 0.8630952380952381,
    "f1-score": 0.8598731709602263,
    "support": 168
  }
}