{
  "affirmative": {
    "precision": 0.7894736842105263,
    "recall": 0.7894736842105263,
    "f1-score": 0.7894736842105263,
    "support": 19,
    "confused_with": {
      "none": 2,
      "deny": 1
    }
  },
  "clarify": {
    "precision": 0.6551724137931034,
    "recall": 0.95,
    "f1-score": 0.7755102040816326,
    "support": 20,
    "confused_with": {
      "show": 1
    }
  },
  "greetings": {
    "precision": 0.8571428571428571,
    "recall": 0.75,
    "f1-score": 0.7999999999999999,
    "support": 8,
    "confused_with": {
      "none": 2
    }
  },
  "pick up": {
    "precision": 0.8181818181818182,
    "recall": 0.45,
    "f1-score": 0.5806451612903226,
    "support": 20,
    "confused_with": {
      "find": 7,
      "clarify": 3
    }
  },
  "show": {
    "precision": 0.8636363636363636,
    "recall": 0.95,
    "f1-score": 0.9047619047619048,
    "support": 20,
    "confused_with": {
      "pick up": 1
    }
  },
  "find": {
    "precision": 0.7083333333333334,
    "recall": 0.85,
    "f1-score": 0.7727272727272727,
    "support": 20,
    "confused_with": {
      "show": 1,
      "pick up": 1
    }
  },
  "deny": {
    "precision": 0.9473684210526315,
    "recall": 0.9473684210526315,
    "f1-score": 0.9473684210526315,
    "support": 19,
    "confused_with": {
      "bye": 1
    }
  },
  "move": {
    "precision": 1.0,
    "recall": 1.0,
    "f1-score": 1.0,
    "support": 20,
    "confused_with": {}
  },
  "none": {
    "precision": 0.5,
    "recall": 0.46153846153846156,
    "f1-score": 0.48000000000000004,
    "support": 13,
    "confused_with": {
      "clarify": 4,
      "affirmative": 2
    }
  },
  "bye": {
    "precision": 0.8,
    "recall": 0.4444444444444444,
    "f1-score": 0.5714285714285714,
    "support": 9,
    "confused_with": {
      "none": 2,
      "affirmative": 2
    }
  },
  "accuracy": 0.7916666666666666,
  "macro avg": {
    "precision": 0.7939308891350633,
    "recall": 0.7592825011246063,
    "f1-score": 0.7621915219552863,
    "support": 168
  },
  "weighted avg": {
    "precision": 0.8003786990240191,
    "recall": 0.7916666666666666,
    "f1-score": 0.7824746904766654,
    "support": 168
  }
}