{
  "placement": {
    "precision": 0.9523809523809523,
    "recall": 0.975609756097561,
    "f1-score": 0.963855421686747,
    "support": 82
  },
  "object_name": {
    "precision": 0.9791666666666666,
    "recall": 0.9337748344370861,
    "f1-score": 0.9559322033898305,
    "support": 151
  },
  "object_color": {
    "precision": 0.9901960784313726,
    "recall": 0.9711538461538461,
    "f1-score": 0.9805825242718447,
    "support": 104
  },
  "micro avg": {
    "precision": 0.9757575757575757,
    "recall": 0.9554896142433235,
    "f1-score": 0.9655172413793104,
    "support": 337
  },
  "macro avg": {
    "precision": 0.9739145658263305,
    "recall": 0.9601794788961645,
    "f1-score": 0.9667900497828074,
    "support": 337
  },
  "weighted avg": {
    "precision": 0.9760528098479748,
    "recall": 0.9554896142433235,
    "f1-score": 0.9654673288262597,
    "support": 337
  }
}