{
  "object_color": {
    "precision": 0.9933333333333333,
    "recall": 0.9738562091503268,
    "f1-score": 0.9834983498349835,
    "support": 153
  },
  "placement": {
    "precision": 0.9390243902439024,
    "recall": 0.9506172839506173,
    "f1-score": 0.9447852760736196,
    "support": 81
  },
  "object_name": {
    "precision": 0.94921875,
    "recall": 0.9204545454545454,
    "f1-score": 0.9346153846153846,
    "support": 264
  },
  "micro avg": {
    "precision": 0.9610655737704918,
    "recall": 0.9417670682730924,
    "f1-score": 0.95131845841785,
    "support": 498
  },
  "macro avg": {
    "precision": 0.9605254911924118,
    "recall": 0.9483093461851632,
    "f1-score": 0.9542996701746626,
    "support": 498
  },
  "weighted avg": {
    "precision": 0.9611139068468997,
    "recall": 0.9417670682730924,
    "f1-score": 0.9512877839862997,
    "support": 498
  }
}