{
  "show": {
    "precision": 0.8108108108108109,
    "recall": 0.967741935483871,
    "f1-score": 0.8823529411764706,
    "support": 31,
    "confused_with": {
      "clarify": 1
    }
  },
  "affirmative": {
    "precision": 0.85,
    "recall": 0.8095238095238095,
    "f1-score": 0.8292682926829269,
    "support": 21,
    "confused_with": {
      "pick up": 2,
      "none": 1
    }
  },
  "none": {
    "precision": 0.65,
    "recall": 0.8125,
    "f1-score": 0.7222222222222223,
    "support": 16,
    "confused_with": {
      "affirmative": 2,
      "greetings": 1
    }
  },
  "bye": {
    "precision": 0.9,
    "recall": 0.8181818181818182,
    "f1-score": 0.8571428571428572,
    "support": 11,
    "confused_with": {
      "none": 1,
      "affirmative": 1
    }
  },
  "pick up": {
    "precision": 0.7837837837837838,
    "recall": 0.725,
    "f1-score": 0.7532467532467533,
    "support": 40,
    "confused_with": {
      "clarify": 7,
      "move": 3
    }
  },
  "deny": {
    "precision": 1.0,
    "recall": 0.85,
    "f1-score": 0.9189189189189189,
    "support": 20,
    "confused_with": {
      "none": 2,
      "pick up": 1
    }
  },
  "clarify": {
    "precision": 0.6666666666666666,
    "recall": 0.5517241379310345,
    "f1-score": 0.6037735849056604,
    "support": 29,
    "confused_with": {
      "move": 6,
      "show": 5
    }
  },
  "greetings": {
    "precision": 0.8571428571428571,
    "recall": 0.6666666666666666,
    "f1-score": 0.75,
    "support": 9,
    "confused_with": {
      "none": 3
    }
  },
  "move": {
    "precision": 0.7567567567567568,
    "recall": 0.875,
    "f1-score": 0.8115942028985507,
    "support": 32,
    "confused_with": {
      "pick up": 3,
      "find": 1
    }
  },
  "find": {
    "precision": 0.9642857142857143,
    "recall": 0.9642857142857143,
    "f1-score": 0.9642857142857143,
    "support": 28,
    "confused_with": {
      "show": 1
    }
  },
  "accuracy": 0.810126582278481,
  "macro avg": {
    "precision": 0.8239446589446591,
    "recall": 0.8040624082072914,
    "f1-score": 0.8092805487480075,
    "support": 237
  },
  "weighted avg": {
    "precision": 0.8139254082292057,
    "recall": 0.810126582278481,
    "f1-score": 0.8079763682287144,
    "support": 237
  }
}