{
  "move": {
    "precision": 0.782608695652174,
    "recall": 0.9,
    "f1-score": 0.8372093023255814,
    "support": 20,
    "confused_with": {
      "show": 1,
      "find": 1
    }
  },
  "none": {
    "precision": 0.21428571428571427,
    "recall": 0.46153846153846156,
    "f1-score": 0.2926829268292683,
    "support": 13,
    "confused_with": {
      "affirmative": 4,
      "show": 1
    }
  },
  "show": {
    "precision": 0.7692307692307693,
    "recall": 1.0,
    "f1-score": 0.8695652173913044,
    "support": 20,
    "confused_with": {}
  },
  "pick up": {
    "precision": 0.2857142857142857,
    "recall": 0.7,
    "f1-score": 0.40579710144927533,
    "support": 20,
    "confused_with": {
      "show": 2,
      "move": 2
    }
  },
  "greetings": {
    "precision": 0.0,
    "recall": 0.0,
    "f1-score": 0.0,
    "support": 8,
    "confused_with": {
      "none": 7,
      "move": 1
    }
  },
  "affirmative": {
    "precision": 0.5454545454545454,
    "recall": 0.631578947368421,
    "f1-score": 0.5853658536585366,
    "support": 19,
    "confused_with": {
      "none": 4,
      "move": 1
    }
  },
  "clarify": {
    "precision": 1.0,
    "recall": 0.1,
    "f1-score": 0.18181818181818182,
    "support": 20,
    "confused_with": {
      "pick up": 15,
      "show": 1
    }
  },
  "bye": {
    "precision": 0.5,
    "recall": 0.1111111111111111,
    "f1-score": 0.1818181818181818,
    "support": 9,
    "confused_with": {
      "none": 7,
      "pick up": 1
    }
  },
  "deny": {
    "precision": 0.9,
    "recall": 0.47368421052631576,
    "f1-score": 0.6206896551724138,
    "support": 19,
    "confused_with": {
      "affirmative": 6,
      "none": 4
    }
  },
  "find": {
    "precision": 0.2,
    "recall": 0.05,
    "f1-score": 0.08000000000000002,
    "support": 20,
    "confused_with": {
      "pick up": 18,
      "show": 1
    }
  },
  "accuracy": 0.49404761904761907,
  "macro avg": {
    "precision": 0.519729401033749,
    "recall": 0.4427912730544309,
    "f1-score": 0.4054946420462744,
    "support": 168
  },
  "weighted avg": {
    "precision": 0.5684549146505669,
    "recall": 0.49404761904761907,
    "f1-score": 0.45145293102749423,
    "support": 168
  }
}