{
  "find": {
    "precision": 0.8125,
    "recall": 0.9285714285714286,
    "f1-score": 0.8666666666666666,
    "support": 28,
    "confused_with": {
      "pick up": 1,
      "deny": 1
    }
  },
  "none": {
    "precision": 0.5882352941176471,
    "recall": 0.5882352941176471,
    "f1-score": 0.5882352941176471,
    "support": 17,
    "confused_with": {
      "affirmative": 3,
      "clarify": 2
    }
  },
  "affirmative": {
    "precision": 0.8,
    "recall": 0.7619047619047619,
    "f1-score": 0.7804878048780488,
    "support": 21,
    "confused_with": {
      "none": 2,
      "deny": 2
    }
  },
  "greetings": {
    "precision": 0.75,
    "recall": 0.6666666666666666,
    "f1-score": 0.7058823529411765,
    "support": 9,
    "confused_with": {
      "none": 3
    }
  },
  "move": {
    "precision": 0.9615384615384616,
    "recall": 0.78125,
    "f1-score": 0.8620689655172413,
    "support": 32,
    "confused_with": {
      "pick up": 6,
      "none": 1
    }
  },
  "clarify": {
    "precision": 0.8709677419354839,
    "recall": 0.9310344827586207,
    "f1-score": 0.9,
    "support": 29,
    "confused_with": {
      "greetings": 1,
      "find": 1
    }
  },
  "bye": {
    "precision": 0.9090909090909091,
    "recall": 0.9090909090909091,
    "f1-score": 0.9090909090909091,
    "support": 11,
    "confused_with": {
      "none": 1
    }
  },
  "deny": {
    "precision": 0.7727272727272727,
    "recall": 0.85,
    "f1-score": 0.8095238095238095,
    "support": 20,
    "confused_with": {
      "clarify": 1,
      "bye": 1
    }
  },
  "show": {
    "precision": 0.9655172413793104,
    "recall": 0.9032258064516129,
    "f1-score": 0.9333333333333333,
    "support": 31,
    "confused_with": {
      "move": 1,
      "find": 1
    }
  },
  "pick up": {
    "precision": 0.8333333333333334,
    "recall": 0.875,
    "f1-score": 0.8536585365853658,
    "support": 40,
    "confused_with": {
      "find": 4,
      "deny": 1
    }
  },
  "accuracy": 0.8403361344537815,
  "macro avg": {
    "precision": 0.8263910254122419,
    "recall": 0.8194979349561645,
    "f1-score": 0.8208947672654199,
    "support": 238
  },
  "weighted avg": {
    "precision": 0.8447319687226774,
    "recall": 0.8403361344537815,
    "f1-score": 0.8401941581065216,
    "support": 238
  }
}