{
  "move": {
    "precision": 0.8181818181818182,
    "recall": 0.9,
    "f1-score": 0.8571428571428572,
    "support": 20,
    "confused_with": {
      "find": 1,
      "clarify": 1
    }
  },
  "none": {
    "precision": 0.7692307692307693,
    "recall": 0.7692307692307693,
    "f1-score": 0.7692307692307693,
    "support": 13,
    "confused_with": {
      "bye": 2,
      "move": 1
    }
  },
  "show": {
    "precision": 0.9090909090909091,
    "recall": 1.0,
    "f1-score": 0.9523809523809523,
    "support": 20,
    "confused_with": {}
  },
  "pick up": {
    "precision": 0.8095238095238095,
    "recall": 0.85,
    "f1-score": 0.8292682926829269,
    "support": 20,
    "confused_with": {
      "show": 1,
      "move": 1
    }
  },
  "greetings": {
    "precision": 1.0,
    "recall": 0.75,
    "f1-score": 0.8571428571428571,
    "support": 8,
    "confused_with": {
      "pick up": 1,
      "affirmative": 1
    }
  },
  "affirmative": {
    "precision": 0.7368421052631579,
    "recall": 0.7368421052631579,
    "f1-score": 0.7368421052631579,
    "support": 19,
    "confused_with": {
      "deny": 2,
      "bye": 2
    }
  },
  "clarify": {
    "precision": 0.8333333333333334,
    "recall": 0.75,
    "f1-score": 0.7894736842105262,
    "support": 20,
    "confused_with": {
      "move": 2,
      "show": 1
    }
  },
  "bye": {
    "precision": 0.6,
    "recall": 0.6666666666666666,
    "f1-score": 0.631578947368421,
    "support": 9,
    "confused_with": {
      "pick up": 1,
      "none": 1
    }
  },
  "deny": {
    "precision": 0.8823529411764706,
    "recall": 0.7894736842105263,
    "f1-score": 0.8333333333333333,
    "support": 19,
    "confused_with": {
      "affirmative": 3,
      "none": 1
    }
  },
  "find": {
    "precision": 0.85,
    "recall": 0.85,
    "f1-score": 0.85,
    "support": 20,
    "confused_with": {
      "clarify": 2,
      "pick up": 1
    }
  },
  "accuracy": 0.8214285714285714,
  "macro avg": {
    "precision": 0.8208555685800267,
    "recall": 0.8062213225371121,
    "f1-score": 0.8106393798755802,
    "support": 168
  },
  "weighted avg": {
    "precision": 0.8248053766961331,
    "recall": 0.8214285714285714,
    "f1-score": 0.8210714431258168,
    "support": 168
  }
}