{
  "placement": {
    "precision": 0.9375,
    "recall": 0.9615384615384616,
    "f1-score": 0.9493670886075949,
    "support": 78
  },
  "object_name": {
    "precision": 0.9770114942528736,
    "recall": 0.9714285714285714,
    "f1-score": 0.9742120343839543,
    "support": 175
  },
  "object_color": {
    "precision": 0.991304347826087,
    "recall": 0.9827586206896551,
    "f1-score": 0.9870129870129869,
    "support": 116
  },
  "micro avg": {
    "precision": 0.9728997289972899,
    "recall": 0.9728997289972899,
    "f1-score": 0.9728997289972899,
    "support": 369
  },
  "macro avg": {
    "precision": 0.9686052806929869,
    "recall": 0.971908551218896,
    "f1-score": 0.970197370001512,
    "support": 369
  },
  "weighted avg": {
    "precision": 0.9731526174582085,
    "recall": 0.9728997289972899,
    "f1-score": 0.9729844049379158,
    "support": 369
  }
}