{
  "show": {
    "precision": 0.96875,
    "recall": 1.0,
    "f1-score": 0.9841269841269841,
    "support": 31,
    "confused_with": {}
  },
  "affirmative": {
    "precision": 0.9545454545454546,
    "recall": 1.0,
    "f1-score": 0.9767441860465117,
    "support": 21,
    "confused_with": {}
  },
  "none": {
    "precision": 0.875,
    "recall": 0.875,
    "f1-score": 0.875,
    "support": 16,
    "confused_with": {
      "find": 1,
      "affirmative": 1
    }
  },
  "bye": {
    "precision": 1.0,
    "recall": 0.9090909090909091,
    "f1-score": 0.9523809523809523,
    "support": 11,
    "confused_with": {
      "none": 1
    }
  },
  "pick up": {
    "precision": 0.875,
    "recall": 0.875,
    "f1-score": 0.875,
    "support": 40,
    "confused_with": {
      "move": 5
    }
  },
  "deny": {
    "precision": 1.0,
    "recall": 1.0,
    "f1-score": 1.0,
    "support": 20,
    "confused_with": {}
  },
  "clarify": {
    "precision": 1.0,
    "recall": 0.8620689655172413,
    "f1-score": 0.9259259259259259,
    "support": 29,
    "confused_with": {
      "pick up": 2,
      "show": 1
    }
  },
  "greetings": {
    "precision": 1.0,
    "recall": 0.8888888888888888,
    "f1-score": 0.9411764705882353,
    "support": 9,
    "confused_with": {
      "none": 1
    }
  },
  "move": {
    "precision": 0.8333333333333334,
    "recall": 0.9375,
    "f1-score": 0.8823529411764706,
    "support": 32,
    "confused_with": {
      "pick up": 2
    }
  },
  "find": {
    "precision": 0.9642857142857143,
    "recall": 0.9642857142857143,
    "f1-score": 0.9642857142857143,
    "support": 28,
    "confused_with": {
      "pick up": 1
    }
  },
  "accuracy": 0.9324894514767933,
  "macro avg": {
    "precision": 0.9470914502164502,
    "recall": 0.9311834477782753,
    "f1-score": 0.9376993174530794,
    "support": 237
  },
  "weighted avg": {
    "precision": 0.9356260388697097,
    "recall": 0.9324894514767933,
    "f1-score": 0.9327151438645432,
    "support": 237
  }
}