{
  "object_color": {
    "precision": 0.9515151515151515,
    "recall": 0.9874213836477987,
    "f1-score": 0.9691358024691358,
    "support": 159
  },
  "placement": {
    "precision": 0.9866666666666667,
    "recall": 0.8409090909090909,
    "f1-score": 0.9079754601226994,
    "support": 88
  },
  "object_name": {
    "precision": 0.92578125,
    "recall": 0.92578125,
    "f1-score": 0.92578125,
    "support": 256
  },
  "micro avg": {
    "precision": 0.9435483870967742,
    "recall": 0.9304174950298211,
    "f1-score": 0.9369369369369369,
    "support": 503
  },
  "macro avg": {
    "precision": 0.9546543560606061,
    "recall": 0.9180372415189632,
    "f1-score": 0.9342975041972784,
    "support": 503
  },
  "weighted avg": {
    "precision": 0.9445677450448823,
    "recall": 0.9304174950298211,
    "f1-score": 0.9363706423129028,
    "support": 503
  }
}