{
  "move": {
    "precision": 0.68,
    "recall": 0.85,
    "f1-score": 0.7555555555555556,
    "support": 20,
    "confused_with": {
      "find": 2,
      "pick up": 1
    }
  },
  "none": {
    "precision": 0.2,
    "recall": 0.07692307692307693,
    "f1-score": 0.1111111111111111,
    "support": 13,
    "confused_with": {
      "deny": 7,
      "affirmative": 2,
      "show": 1
    }
  },
  "show": {
    "precision": 0.625,
    "recall": 0.5,
    "f1-score": 0.5555555555555556,
    "support": 20,
    "confused_with": {
      "find": 5,
      "clarify": 3
    }
  },
  "pick up": {
    "precision": 0.3548387096774194,
    "recall": 0.55,
    "f1-score": 0.43137254901960786,
    "support": 20,
    "confused_with": {
      "move": 4,
      "find": 2
    }
  },
  "greetings": {
    "precision": 0.0,
    "recall": 0.0,
    "f1-score": 0.0,
    "support": 8,
    "confused_with": {
      "clarify": 4,
      "none": 2,
      "show": 1
    }
  },
  "affirmative": {
    "precision": 0.5,
    "recall": 0.42105263157894735,
    "f1-score": 0.45714285714285713,
    "support": 19,
    "confused_with": {
      "deny": 6,
      "pick up": 2
    }
  },
  "clarify": {
    "precision": 0.4444444444444444,
    "recall": 0.6,
    "f1-score": 0.5106382978723405,
    "support": 20,
    "confused_with": {
      "pick up": 3,
      "show": 2
    }
  },
  "bye": {
    "precision": 1.0,
    "recall": 0.2222222222222222,
    "f1-score": 0.3636363636363636,
    "support": 9,
    "confused_with": {
      "affirmative": 3,
      "show": 1
    }
  },
  "deny": {
    "precision": 0.5,
    "recall": 0.7368421052631579,
    "f1-score": 0.5957446808510638,
    "support": 19,
    "confused_with": {
      "affirmative": 2,
      "none": 1
    }
  },
  "find": {
    "precision": 0.2222222222222222,
    "recall": 0.2,
    "f1-score": 0.2105263157894737,
    "support": 20,
    "confused_with": {
      "pick up": 14,
      "move": 1
    }
  },
  "accuracy": 0.47023809523809523,
  "macro avg": {
    "precision": 0.4526505376344086,
    "recall": 0.41570400359874043,
    "f1-score": 0.3991283286533929,
    "support": 168
  },
  "weighted avg": {
    "precision": 0.45910778289810544,
    "recall": 0.47023809523809523,
    "f1-score": 0.4404464310411124,
    "support": 168
  }
}