{
  "find": {
    "precision": 0.9615384615384616,
    "recall": 0.8928571428571429,
    "f1-score": 0.9259259259259259,
    "support": 28,
    "confused_with": {
      "pick up": 2,
      "deny": 1
    }
  },
  "none": {
    "precision": 0.8,
    "recall": 0.7058823529411765,
    "f1-score": 0.7500000000000001,
    "support": 17,
    "confused_with": {
      "affirmative": 4,
      "clarify": 1
    }
  },
  "affirmative": {
    "precision": 0.7727272727272727,
    "recall": 0.8095238095238095,
    "f1-score": 0.7906976744186046,
    "support": 21,
    "confused_with": {
      "pick up": 1,
      "none": 1
    }
  },
  "greetings": {
    "precision": 0.8888888888888888,
    "recall": 0.8888888888888888,
    "f1-score": 0.8888888888888888,
    "support": 9,
    "confused_with": {
      "none": 1
    }
  },
  "move": {
    "precision": 0.8928571428571429,
    "recall": 0.78125,
    "f1-score": 0.8333333333333334,
    "support": 32,
    "confused_with": {
      "pick up": 6,
      "none": 1
    }
  },
  "clarify": {
    "precision": 0.9642857142857143,
    "recall": 0.9310344827586207,
    "f1-score": 0.9473684210526316,
    "support": 29,
    "confused_with": {
      "pick up": 1,
      "greetings": 1
    }
  },
  "bye": {
    "precision": 0.8461538461538461,
    "recall": 1.0,
    "f1-score": 0.9166666666666666,
    "support": 11,
    "confused_with": {}
  },
  "deny": {
    "precision": 0.8571428571428571,
    "recall": 0.9,
    "f1-score": 0.8780487804878048,
    "support": 20,
    "confused_with": {
      "bye": 1,
      "affirmative": 1
    }
  },
  "show": {
    "precision": 1.0,
    "recall": 0.9354838709677419,
    "f1-score": 0.9666666666666666,
    "support": 31,
    "confused_with": {
      "pick up": 1,
      "move": 1
    }
  },
  "pick up": {
    "precision": 0.7659574468085106,
    "recall": 0.9,
    "f1-score": 0.8275862068965516,
    "support": 40,
    "confused_with": {
      "move": 2,
      "find": 1
    }
  },
  "accuracy": 0.8739495798319328,
  "macro avg": {
    "precision": 0.8749551630402694,
    "recall": 0.8744920547937379,
    "f1-score": 0.8725182564337075,
    "support": 238
  },
  "weighted avg": {
    "precision": 0.8797265178947639,
    "recall": 0.8739495798319328,
    "f1-score": 0.8745182850904529,
    "support": 238
  }
}