{
  "object_color": {
    "precision": 1.0,
    "recall": 1.0,
    "f1-score": 1.0,
    "support": 98
  },
  "object_name": {
    "precision": 1.0,
    "recall": 0.958904109589041,
    "f1-score": 0.9790209790209791,
    "support": 146
  },
  "placement": {
    "precision": 0.96875,
    "recall": 0.9841269841269841,
    "f1-score": 0.9763779527559054,
    "support": 63
  },
  "undefined_object": {
    "precision": 0.8888888888888888,
    "recall": 0.7272727272727273,
    "f1-score": 0.7999999999999999,
    "support": 11
  },
  "micro avg": {
    "precision": 0.9903536977491961,
    "recall": 0.9685534591194969,
    "f1-score": 0.9793322734499205,
    "support": 318
  },
  "macro avg": {
    "precision": 0.9644097222222222,
    "recall": 0.917575955247188,
    "f1-score": 0.9388497329442211,
    "support": 318
  },
  "weighted avg": {
    "precision": 0.9899654961565338,
    "recall": 0.9685534591194969,
    "f1-score": 0.9787700439015251,
    "support": 318
  }
}