{
  "placement": {
    "precision": 0.9295774647887324,
    "recall": 0.8461538461538461,
    "f1-score": 0.8859060402684563,
    "support": 78
  },
  "object_name": {
    "precision": 0.9815950920245399,
    "recall": 0.9142857142857143,
    "f1-score": 0.9467455621301776,
    "support": 175
  },
  "object_color": {
    "precision": 0.9829059829059829,
    "recall": 0.9913793103448276,
    "f1-score": 0.9871244635193134,
    "support": 116
  },
  "micro avg": {
    "precision": 0.9715099715099715,
    "recall": 0.924119241192412,
    "f1-score": 0.9472222222222223,
    "support": 369
  },
  "macro avg": {
    "precision": 0.964692846573085,
    "recall": 0.9172729569281293,
    "f1-score": 0.9399253553059824,
    "support": 369
  },
  "weighted avg": {
    "precision": 0.9710115918019231,
    "recall": 0.924119241192412,
    "f1-score": 0.9465788137722521,
    "support": 369
  }
}