{
  "move": {
    "precision": 1.0,
    "recall": 1.0,
    "f1-score": 1.0,
    "support": 20,
    "confused_with": {}
  },
  "none": {
    "precision": 0.8181818181818182,
    "recall": 0.6923076923076923,
    "f1-score": 0.7500000000000001,
    "support": 13,
    "confused_with": {
      "greetings": 1,
      "deny": 1
    }
  },
  "show": {
    "precision": 0.9090909090909091,
    "recall": 1.0,
    "f1-score": 0.9523809523809523,
    "support": 20,
    "confused_with": {}
  },
  "pick up": {
    "precision": 0.9444444444444444,
    "recall": 0.85,
    "f1-score": 0.8947368421052632,
    "support": 20,
    "confused_with": {
      "show": 1,
      "find": 1
    }
  },
  "greetings": {
    "precision": 0.8571428571428571,
    "recall": 0.75,
    "f1-score": 0.7999999999999999,
    "support": 8,
    "confused_with": {
      "none": 2
    }
  },
  "affirmative": {
    "precision": 0.8181818181818182,
    "recall": 0.9473684210526315,
    "f1-score": 0.8780487804878049,
    "support": 19,
    "confused_with": {
      "clarify": 1
    }
  },
  "clarify": {
    "precision": 0.72,
    "recall": 0.9,
    "f1-score": 0.7999999999999999,
    "support": 20,
    "confused_with": {
      "show": 1,
      "pick up": 1
    }
  },
  "bye": {
    "precision": 1.0,
    "recall": 0.5555555555555556,
    "f1-score": 0.7142857142857143,
    "support": 9,
    "confused_with": {
      "affirmative": 3,
      "deny": 1
    }
  },
  "deny": {
    "precision": 0.8947368421052632,
    "recall": 0.8947368421052632,
    "f1-score": 0.8947368421052632,
    "support": 19,
    "confused_with": {
      "clarify": 2
    }
  },
  "find": {
    "precision": 0.9473684210526315,
    "recall": 0.9,
    "f1-score": 0.9230769230769231,
    "support": 20,
    "confused_with": {
      "clarify": 2
    }
  },
  "accuracy": 0.8809523809523809,
  "macro avg": {
    "precision": 0.8909147110199742,
    "recall": 0.8489968511021141,
    "f1-score": 0.860726605444192,
    "support": 168
  },
  "weighted avg": {
    "precision": 0.8896252174447662,
    "recall": 0.8809523809523809,
    "f1-score": 0.8789606702922766,
    "support": 168
  }
}