{
  "affirmative": {
    "precision": 0.7894736842105263,
    "recall": 0.7894736842105263,
    "f1-score": 0.7894736842105263,
    "support": 19,
    "confused_with": {
      "deny": 2,
      "none": 1
    }
  },
  "clarify": {
    "precision": 0.6785714285714286,
    "recall": 0.95,
    "f1-score": 0.7916666666666667,
    "support": 20,
    "confused_with": {
      "show": 1
    }
  },
  "greetings": {
    "precision": 0.875,
    "recall": 0.875,
    "f1-score": 0.875,
    "support": 8,
    "confused_with": {
      "none": 1
    }
  },
  "pick up": {
    "precision": 1.0,
    "recall": 0.85,
    "f1-score": 0.9189189189189189,
    "support": 20,
    "confused_with": {
      "show": 1,
      "find": 1
    }
  },
  "show": {
    "precision": 0.8695652173913043,
    "recall": 1.0,
    "f1-score": 0.9302325581395349,
    "support": 20,
    "confused_with": {}
  },
  "find": {
    "precision": 0.9444444444444444,
    "recall": 0.85,
    "f1-score": 0.8947368421052632,
    "support": 20,
    "confused_with": {
      "clarify": 2,
      "show": 1
    }
  },
  "deny": {
    "precision": 0.8888888888888888,
    "recall": 0.8421052631578947,
    "f1-score": 0.8648648648648649,
    "support": 19,
    "confused_with": {
      "none": 1,
      "clarify": 1
    }
  },
  "move": {
    "precision": 1.0,
    "recall": 1.0,
    "f1-score": 1.0,
    "support": 20,
    "confused_with": {}
  },
  "none": {
    "precision": 0.6923076923076923,
    "recall": 0.6923076923076923,
    "f1-score": 0.6923076923076923,
    "support": 13,
    "confused_with": {
      "clarify": 2,
      "greetings": 1
    }
  },
  "bye": {
    "precision": 1.0,
    "recall": 0.4444444444444444,
    "f1-score": 0.6153846153846153,
    "support": 9,
    "confused_with": {
      "clarify": 2,
      "affirmative": 2
    }
  },
  "accuracy": 0.8571428571428571,
  "macro avg": {
    "precision": 0.8738251355814285,
    "recall": 0.8293331084120558,
    "f1-score": 0.8372585842598083,
    "support": 168
  },
  "weighted avg": {
    "precision": 0.8734554208156693,
    "recall": 0.8571428571428571,
    "f1-score": 0.8552499624256051,
    "support": 168
  }
}