{
  "object_color": {
    "precision": 0.9361702127659575,
    "recall": 1.0,
    "f1-score": 0.967032967032967,
    "support": 88
  },
  "object_name": {
    "precision": 0.9239130434782609,
    "recall": 1.0,
    "f1-score": 0.96045197740113,
    "support": 85
  },
  "placement": {
    "precision": 0.972972972972973,
    "recall": 1.0,
    "f1-score": 0.9863013698630138,
    "support": 72
  },
  "undefined_object": {
    "precision": 0.9090909090909091,
    "recall": 0.7142857142857143,
    "f1-score": 0.8,
    "support": 14
  },
  "micro avg": {
    "precision": 0.940959409594096,
    "recall": 0.9845559845559846,
    "f1-score": 0.9622641509433963,
    "support": 259
  },
  "macro avg": {
    "precision": 0.935536784577025,
    "recall": 0.9285714285714286,
    "f1-score": 0.9284465785742777,
    "support": 259
  },
  "weighted avg": {
    "precision": 0.9409147266424062,
    "recall": 0.9845559845559846,
    "f1-score": 0.9612008409580468,
    "support": 259
  }
}