{
  "undefined_object": {
    "precision": 0.9230769230769231,
    "recall": 1.0,
    "f1-score": 0.9600000000000001,
    "support": 12
  },
  "object_name": {
    "precision": 1.0,
    "recall": 1.0,
    "f1-score": 1.0,
    "support": 88
  },
  "placement": {
    "precision": 0.9852941176470589,
    "recall": 1.0,
    "f1-score": 0.9925925925925926,
    "support": 67
  },
  "object_color": {
    "precision": 1.0,
    "recall": 1.0,
    "f1-score": 1.0,
    "support": 87
  },
  "micro avg": {
    "precision": 0.9921875,
    "recall": 1.0,
    "f1-score": 0.996078431372549,
    "support": 254
  },
  "macro avg": {
    "precision": 0.9770927601809956,
    "recall": 1.0,
    "f1-score": 0.9881481481481481,
    "support": 254
  },
  "weighted avg": {
    "precision": 0.992486728186126,
    "recall": 1.0,
    "f1-score": 0.996156313794109,
    "support": 254
  }
}