{
  "undefined_object": {
    "precision": 0.0,
    "recall": 0.0,
    "f1-score": 0.0,
    "support": 12
  },
  "object_name": {
    "precision": 1.0,
    "recall": 0.38636363636363635,
    "f1-score": 0.5573770491803279,
    "support": 88
  },
  "placement": {
    "precision": 1.0,
    "recall": 1.0,
    "f1-score": 1.0,
    "support": 67
  },
  "object_color": {
    "precision": 0.8490566037735849,
    "recall": 0.5172413793103449,
    "f1-score": 0.642857142857143,
    "support": 87
  },
  "micro avg": {
    "precision": 0.948051948051948,
    "recall": 0.5748031496062992,
    "f1-score": 0.7156862745098039,
    "support": 254
  },
  "macro avg": {
    "precision": 0.7122641509433962,
    "recall": 0.47590125391849525,
    "f1-score": 0.5500585480093678,
    "support": 254
  },
  "weighted avg": {
    "precision": 0.9010548209775665,
    "recall": 0.5748031496062992,
    "f1-score": 0.6770777628206311,
    "support": 254
  }
}