{
  "affirmative": {
    "precision": 0.42857142857142855,
    "recall": 0.47368421052631576,
    "f1-score": 0.45,
    "support": 19,
    "confused_with": {
      "show": 6,
      "clarify": 4
    }
  },
  "clarify": {
    "precision": 0.13333333333333333,
    "recall": 0.1,
    "f1-score": 0.1142857142857143,
    "support": 20,
    "confused_with": {
      "show": 11,
      "find": 3,
      "pick up": 2
    }
  },
  "greetings": {
    "precision": 0.5,
    "recall": 0.125,
    "f1-score": 0.2,
    "support": 8,
    "confused_with": {
      "show": 4,
      "clarify": 2
    }
  },
  "pick up": {
    "precision": 0.2916666666666667,
    "recall": 0.35,
    "f1-score": 0.31818181818181823,
    "support": 20,
    "confused_with": {
      "show": 6,
      "find": 5
    }
  },
  "show": {
    "precision": 0.21875,
    "recall": 0.7,
    "f1-score": 0.3333333333333333,
    "support": 20,
    "confused_with": {
      "pick up": 3,
      "move": 1
    }
  },
  "find": {
    "precision": 0.2777777777777778,
    "recall": 0.25,
    "f1-score": 0.2631578947368421,
    "support": 20,
    "confused_with": {
      "pick up": 5,
      "show": 4
    }
  },
  "deny": {
    "precision": 1.0,
    "recall": 0.15789473684210525,
    "f1-score": 0.2727272727272727,
    "support": 19,
    "confused_with": {
      "show": 6,
      "affirmative": 6
    }
  },
  "move": {
    "precision": 0.6666666666666666,
    "recall": 0.6,
    "f1-score": 0.631578947368421,
    "support": 20,
    "confused_with": {
      "pick up": 6,
      "show": 2
    }
  },
  "none": {
    "precision": 0.6666666666666666,
    "recall": 0.15384615384615385,
    "f1-score": 0.25,
    "support": 13,
    "confused_with": {
      "show": 8,
      "affirmative": 2
    }
  },
  "bye": {
    "precision": 0.0,
    "recall": 0.0,
    "f1-score": 0.0,
    "support": 9,
    "confused_with": {
      "show": 3,
      "find": 3,
      "pick up": 1
    }
  },
  "accuracy": 0.3273809523809524,
  "macro avg": {
    "precision": 0.41834325396825395,
    "recall": 0.29104251012145743,
    "f1-score": 0.2833264980633402,
    "support": 168
  },
  "weighted avg": {
    "precision": 0.4260322184429327,
    "recall": 0.3273809523809524,
    "f1-score": 0.308289121071076,
    "support": 168
  }
}