{
  "affirmative": {
    "precision": 0.6,
    "recall": 0.5714285714285714,
    "f1-score": 0.5853658536585366,
    "support": 21,
    "confused_with": {
      "none": 3,
      "deny": 2
    }
  },
  "show": {
    "precision": 0.6885245901639344,
    "recall": 0.7924528301886793,
    "f1-score": 0.7368421052631579,
    "support": 53,
    "confused_with": {
      "pick up": 7,
      "clarify": 2
    }
  },
  "none": {
    "precision": 0.4230769230769231,
    "recall": 0.3793103448275862,
    "f1-score": 0.4,
    "support": 29,
    "confused_with": {
      "show": 5,
      "clarify": 4
    }
  },
  "bye": {
    "precision": 0.8571428571428571,
    "recall": 0.5454545454545454,
    "f1-score": 0.6666666666666665,
    "support": 11,
    "confused_with": {
      "greetings": 2,
      "none": 1
    }
  },
  "deny": {
    "precision": 0.78125,
    "recall": 0.78125,
    "f1-score": 0.78125,
    "support": 32,
    "confused_with": {
      "show": 2,
      "pick up": 2
    }
  },
  "pick up": {
    "precision": 0.6220472440944882,
    "recall": 0.8315789473684211,
    "f1-score": 0.7117117117117117,
    "support": 95,
    "confused_with": {
      "none": 4,
      "find": 4
    }
  },
  "move": {
    "precision": 0.65,
    "recall": 0.35135135135135137,
    "f1-score": 0.456140350877193,
    "support": 37,
    "confused_with": {
      "pick up": 19,
      "find": 3
    }
  },
  "greetings": {
    "precision": 0.42857142857142855,
    "recall": 0.21428571428571427,
    "f1-score": 0.2857142857142857,
    "support": 14,
    "confused_with": {
      "none": 4,
      "affirmative": 4
    }
  },
  "clarify": {
    "precision": 0.5333333333333333,
    "recall": 0.48484848484848486,
    "f1-score": 0.507936507936508,
    "support": 33,
    "confused_with": {
      "pick up": 7,
      "show": 5
    }
  },
  "find": {
    "precision": 0.6,
    "recall": 0.5142857142857142,
    "f1-score": 0.5538461538461538,
    "support": 35,
    "confused_with": {
      "pick up": 11,
      "show": 2
    }
  },
  "accuracy": 0.625,
  "macro avg": {
    "precision": 0.6183946376382965,
    "recall": 0.5466246504039068,
    "f1-score": 0.5685473635674213,
    "support": 360
  },
  "weighted avg": {
    "precision": 0.6209280379596309,
    "recall": 0.625,
    "f1-score": 0.6108749266130523,
    "support": 360
  }
}