{
  "object_color": {
    "precision": 0.935064935064935,
    "recall": 0.993103448275862,
    "f1-score": 0.9632107023411371,
    "support": 145
  },
  "object_name": {
    "precision": 0.8415492957746479,
    "recall": 0.9598393574297188,
    "f1-score": 0.896810506566604,
    "support": 249
  },
  "placement": {
    "precision": 0.9558823529411765,
    "recall": 0.8227848101265823,
    "f1-score": 0.8843537414965986,
    "support": 79
  },
  "micro avg": {
    "precision": 0.8853754940711462,
    "recall": 0.9471458773784355,
    "f1-score": 0.9152196118488253,
    "support": 473
  },
  "macro avg": {
    "precision": 0.9108321945935866,
    "recall": 0.9252425386107211,
    "f1-score": 0.9147916501347799,
    "support": 473
  },
  "weighted avg": {
    "precision": 0.8893126767751709,
    "recall": 0.9471458773784355,
    "f1-score": 0.915085229498479,
    "support": 473
  }
}