{
  "object_color": {
    "precision": 0.9365079365079365,
    "recall": 0.9315789473684211,
    "f1-score": 0.9340369393139841,
    "support": 190
  },
  "object_name": {
    "precision": 0.8929384965831435,
    "recall": 0.7887323943661971,
    "f1-score": 0.8376068376068376,
    "support": 497
  },
  "placement": {
    "precision": 0.6956521739130435,
    "recall": 0.64,
    "f1-score": 0.6666666666666666,
    "support": 50
  },
  "micro avg": {
    "precision": 0.8916913946587537,
    "recall": 0.8154681139755766,
    "f1-score": 0.8518781006378454,
    "support": 737
  },
  "macro avg": {
    "precision": 0.8416995356680411,
    "recall": 0.7867704472448728,
    "f1-score": 0.8127701478624961,
    "support": 737
  },
  "weighted avg": {
    "precision": 0.8907863628683615,
    "recall": 0.8154681139755766,
    "f1-score": 0.8508696744824813,
    "support": 737
  }
}