{
  "object_color": {
    "precision": 0.9933333333333333,
    "recall": 0.9738562091503268,
    "f1-score": 0.9834983498349835,
    "support": 153
  },
  "placement": {
    "precision": 0.9390243902439024,
    "recall": 0.9506172839506173,
    "f1-score": 0.9447852760736196,
    "support": 81
  },
  "object_name": {
    "precision": 0.9525691699604744,
    "recall": 0.9128787878787878,
    "f1-score": 0.9323017408123792,
    "support": 264
  },
  "micro avg": {
    "precision": 0.9628865979381444,
    "recall": 0.9377510040160643,
    "f1-score": 0.9501525940996948,
    "support": 498
  },
  "macro avg": {
    "precision": 0.9616422978459033,
    "recall": 0.9457840936599107,
    "f1-score": 0.9535284555736608,
    "support": 498
  },
  "weighted avg": {
    "precision": 0.9628900330910066,
    "recall": 0.9377510040160643,
    "f1-score": 0.9500612740184413,
    "support": 498
  }
}