{
  "affirmative": {
    "precision": 0.75,
    "recall": 0.5714285714285714,
    "f1-score": 0.6486486486486486,
    "support": 21,
    "confused_with": {
      "clarify": 4,
      "show": 1
    }
  },
  "none": {
    "precision": 0.8181818181818182,
    "recall": 0.3103448275862069,
    "f1-score": 0.45000000000000007,
    "support": 29,
    "confused_with": {
      "show": 4,
      "clarify": 4
    }
  },
  "deny": {
    "precision": 0.7941176470588235,
    "recall": 0.84375,
    "f1-score": 0.8181818181818182,
    "support": 32,
    "confused_with": {
      "pick up": 2,
      "find": 1
    }
  },
  "show": {
    "precision": 0.8461538461538461,
    "recall": 0.8301886792452831,
    "f1-score": 0.8380952380952382,
    "support": 53,
    "confused_with": {
      "pick up": 4,
      "find": 2
    }
  },
  "find": {
    "precision": 0.7631578947368421,
    "recall": 0.8285714285714286,
    "f1-score": 0.7945205479452055,
    "support": 35,
    "confused_with": {
      "pick up": 3,
      "clarify": 3
    }
  },
  "bye": {
    "precision": 0.8888888888888888,
    "recall": 0.7272727272727273,
    "f1-score": 0.7999999999999999,
    "support": 11,
    "confused_with": {
      "none": 1,
      "deny": 1
    }
  },
  "greetings": {
    "precision": 0.7857142857142857,
    "recall": 0.7857142857142857,
    "f1-score": 0.7857142857142857,
    "support": 14,
    "confused_with": {
      "clarify": 2,
      "deny": 1
    }
  },
  "move": {
    "precision": 0.8571428571428571,
    "recall": 0.8108108108108109,
    "f1-score": 0.8333333333333334,
    "support": 37,
    "confused_with": {
      "pick up": 5,
      "clarify": 2
    }
  },
  "clarify": {
    "precision": 0.4791666666666667,
    "recall": 0.696969696969697,
    "f1-score": 0.5679012345679013,
    "support": 33,
    "confused_with": {
      "find": 4,
      "pick up": 3
    }
  },
  "pick up": {
    "precision": 0.7961165048543689,
    "recall": 0.8631578947368421,
    "f1-score": 0.8282828282828283,
    "support": 95,
    "confused_with": {
      "clarify": 6,
      "move": 4
    }
  },
  "accuracy": 0.7638888888888888,
  "macro avg": {
    "precision": 0.7778640409398397,
    "recall": 0.7268208922335854,
    "f1-score": 0.7364677934769259,
    "support": 360
  },
  "weighted avg": {
    "precision": 0.7788370806897972,
    "recall": 0.7638888888888888,
    "f1-score": 0.7587268037819788,
    "support": 360
  }
}