{
  "placement": {
    "precision": 0.9466666666666667,
    "recall": 0.9594594594594594,
    "f1-score": 0.9530201342281879,
    "support": 74
  },
  "object_name": {
    "precision": 0.9113924050632911,
    "recall": 0.9473684210526315,
    "f1-score": 0.9290322580645162,
    "support": 152
  },
  "object_color": {
    "precision": 0.9819819819819819,
    "recall": 0.9819819819819819,
    "f1-score": 0.9819819819819819,
    "support": 111
  },
  "micro avg": {
    "precision": 0.9418604651162791,
    "recall": 0.9614243323442137,
    "f1-score": 0.9515418502202644,
    "support": 337
  },
  "macro avg": {
    "precision": 0.9466803512373133,
    "recall": 0.9629366208313576,
    "f1-score": 0.9546781247582287,
    "support": 337
  },
  "weighted avg": {
    "precision": 0.9423886614330967,
    "recall": 0.9614243323442137,
    "f1-score": 0.9517400390465648,
    "support": 337
  }
}