{
  "show": {
    "precision": 0.8333333333333334,
    "recall": 0.967741935483871,
    "f1-score": 0.8955223880597015,
    "support": 31,
    "confused_with": {
      "move": 1
    }
  },
  "affirmative": {
    "precision": 0.8125,
    "recall": 0.6190476190476191,
    "f1-score": 0.7027027027027026,
    "support": 21,
    "confused_with": {
      "none": 3,
      "deny": 2
    }
  },
  "none": {
    "precision": 0.5652173913043478,
    "recall": 0.8125,
    "f1-score": 0.6666666666666667,
    "support": 16,
    "confused_with": {
      "show": 1,
      "move": 1
    }
  },
  "bye": {
    "precision": 1.0,
    "recall": 0.6363636363636364,
    "f1-score": 0.7777777777777778,
    "support": 11,
    "confused_with": {
      "none": 1,
      "find": 1
    }
  },
  "pick up": {
    "precision": 0.7741935483870968,
    "recall": 0.6,
    "f1-score": 0.676056338028169,
    "support": 40,
    "confused_with": {
      "find": 6,
      "clarify": 5
    }
  },
  "deny": {
    "precision": 0.7894736842105263,
    "recall": 0.75,
    "f1-score": 0.7692307692307692,
    "support": 20,
    "confused_with": {
      "none": 3,
      "affirmative": 2
    }
  },
  "clarify": {
    "precision": 0.75,
    "recall": 0.7241379310344828,
    "f1-score": 0.736842105263158,
    "support": 29,
    "confused_with": {
      "move": 4,
      "show": 2
    }
  },
  "greetings": {
    "precision": 0.8571428571428571,
    "recall": 0.6666666666666666,
    "f1-score": 0.75,
    "support": 9,
    "confused_with": {
      "none": 2,
      "show": 1
    }
  },
  "move": {
    "precision": 0.7567567567567568,
    "recall": 0.875,
    "f1-score": 0.8115942028985507,
    "support": 32,
    "confused_with": {
      "pick up": 3,
      "find": 1
    }
  },
  "find": {
    "precision": 0.696969696969697,
    "recall": 0.8214285714285714,
    "f1-score": 0.7540983606557378,
    "support": 28,
    "confused_with": {
      "pick up": 2,
      "show": 1
    }
  },
  "accuracy": 0.759493670886076,
  "macro avg": {
    "precision": 0.7835587268104616,
    "recall": 0.7472886360024847,
    "f1-score": 0.7540491311283234,
    "support": 237
  },
  "weighted avg": {
    "precision": 0.7716969648082311,
    "recall": 0.759493670886076,
    "f1-score": 0.7568406394865727,
    "support": 237
  }
}