{
  "placement": {
    "precision": 0.9736842105263158,
    "recall": 0.9487179487179487,
    "f1-score": 0.9610389610389611,
    "support": 78
  },
  "object_name": {
    "precision": 0.9539473684210527,
    "recall": 0.9539473684210527,
    "f1-score": 0.9539473684210527,
    "support": 152
  },
  "object_color": {
    "precision": 0.9823008849557522,
    "recall": 1.0,
    "f1-score": 0.9910714285714286,
    "support": 111
  },
  "micro avg": {
    "precision": 0.967741935483871,
    "recall": 0.967741935483871,
    "f1-score": 0.967741935483871,
    "support": 341
  },
  "macro avg": {
    "precision": 0.9699774879677069,
    "recall": 0.9675551057130004,
    "f1-score": 0.9686859193438142,
    "support": 341
  },
  "weighted avg": {
    "precision": 0.9676913978039329,
    "recall": 0.967741935483871,
    "f1-score": 0.9676538637315764,
    "support": 341
  }
}