{
  "placement": {
    "precision": 0.9518072289156626,
    "recall": 0.9634146341463414,
    "f1-score": 0.9575757575757576,
    "support": 82
  },
  "object_name": {
    "precision": 0.9615384615384616,
    "recall": 0.8278145695364238,
    "f1-score": 0.8896797153024911,
    "support": 151
  },
  "object_color": {
    "precision": 0.979381443298969,
    "recall": 0.9134615384615384,
    "f1-score": 0.9452736318407959,
    "support": 104
  },
  "micro avg": {
    "precision": 0.964516129032258,
    "recall": 0.887240356083086,
    "f1-score": 0.9242658423493045,
    "support": 337
  },
  "macro avg": {
    "precision": 0.9642423779176977,
    "recall": 0.9015635807147678,
    "f1-score": 0.9308430349063482,
    "support": 337
  },
  "weighted avg": {
    "precision": 0.9646770639955039,
    "recall": 0.887240356083086,
    "f1-score": 0.9233569936003889,
    "support": 337
  }
}