{
  "object_color": {
    "precision": 1.0,
    "recall": 0.23529411764705882,
    "f1-score": 0.38095238095238093,
    "support": 85
  },
  "object_name": {
    "precision": 0.68,
    "recall": 0.19318181818181818,
    "f1-score": 0.3008849557522124,
    "support": 88
  },
  "placement": {
    "precision": 1.0,
    "recall": 0.6231884057971014,
    "f1-score": 0.7678571428571428,
    "support": 69
  },
  "undefined_object": {
    "precision": 1.0,
    "recall": 0.25,
    "f1-score": 0.4,
    "support": 12
  },
  "micro avg": {
    "precision": 0.9120879120879121,
    "recall": 0.32677165354330706,
    "f1-score": 0.48115942028985503,
    "support": 254
  },
  "macro avg": {
    "precision": 0.92,
    "recall": 0.3254160854064946,
    "f1-score": 0.462423619890434,
    "support": 254
  },
  "weighted avg": {
    "precision": 0.8891338582677165,
    "recall": 0.32677165354330706,
    "f1-score": 0.45921642261531465,
    "support": 254
  }
}