{
  "undefined_object": {
    "precision": 0.0,
    "recall": 0.0,
    "f1-score": 0.0,
    "support": 12
  },
  "object_name": {
    "precision": 1.0,
    "recall": 0.22727272727272727,
    "f1-score": 0.37037037037037035,
    "support": 88
  },
  "placement": {
    "precision": 0.95,
    "recall": 0.5671641791044776,
    "f1-score": 0.7102803738317757,
    "support": 67
  },
  "object_color": {
    "precision": 1.0,
    "recall": 0.22988505747126436,
    "f1-score": 0.37383177570093457,
    "support": 87
  },
  "micro avg": {
    "precision": 0.975,
    "recall": 0.30708661417322836,
    "f1-score": 0.46706586826347307,
    "support": 254
  },
  "macro avg": {
    "precision": 0.7375,
    "recall": 0.2560804909621173,
    "f1-score": 0.36362062997577016,
    "support": 254
  },
  "weighted avg": {
    "precision": 0.9395669291338583,
    "recall": 0.30708661417322836,
    "f1-score": 0.4437194571862318,
    "support": 254
  }
}