{
  "move": {
    "precision": 0.7777777777777778,
    "recall": 0.35,
    "f1-score": 0.48275862068965514,
    "support": 20,
    "confused_with": {
      "bye": 11,
      "pick up": 1
    }
  },
  "none": {
    "precision": 1.0,
    "recall": 0.07692307692307693,
    "f1-score": 0.14285714285714288,
    "support": 13,
    "confused_with": {
      "pick up": 5,
      "deny": 3,
      "bye": 3
    }
  },
  "show": {
    "precision": 0.42857142857142855,
    "recall": 0.15,
    "f1-score": 0.2222222222222222,
    "support": 20,
    "confused_with": {
      "pick up": 9,
      "bye": 5
    }
  },
  "pick up": {
    "precision": 0.1625,
    "recall": 0.65,
    "f1-score": 0.26,
    "support": 20,
    "confused_with": {
      "bye": 6,
      "deny": 1
    }
  },
  "greetings": {
    "precision": 0.6666666666666666,
    "recall": 0.25,
    "f1-score": 0.36363636363636365,
    "support": 8,
    "confused_with": {
      "pick up": 4,
      "deny": 2
    }
  },
  "affirmative": {
    "precision": 0.5,
    "recall": 0.05263157894736842,
    "f1-score": 0.09523809523809525,
    "support": 19,
    "confused_with": {
      "pick up": 13,
      "deny": 3,
      "greetings": 1
    }
  },
  "clarify": {
    "precision": 0.25,
    "recall": 0.05,
    "f1-score": 0.08333333333333334,
    "support": 20,
    "confused_with": {
      "pick up": 6,
      "bye": 6,
      "deny": 4
    }
  },
  "bye": {
    "precision": 0.024390243902439025,
    "recall": 0.1111111111111111,
    "f1-score": 0.04,
    "support": 9,
    "confused_with": {
      "pick up": 6,
      "deny": 2
    }
  },
  "deny": {
    "precision": 0.2857142857142857,
    "recall": 0.3157894736842105,
    "f1-score": 0.3,
    "support": 19,
    "confused_with": {
      "pick up": 12,
      "bye": 1
    }
  },
  "find": {
    "precision": 0.0,
    "recall": 0.0,
    "f1-score": 0.0,
    "support": 20,
    "confused_with": {
      "pick up": 11,
      "bye": 7,
      "show": 1
    }
  },
  "accuracy": 0.20833333333333334,
  "macro avg": {
    "precision": 0.40956204026325976,
    "recall": 0.2006455240665767,
    "f1-score": 0.19900457779768124,
    "support": 168
  },
  "weighted avg": {
    "precision": 0.39201429216673117,
    "recall": 0.20833333333333334,
    "f1-score": 0.20001214940870116,
    "support": 168
  }
}