{
  "affirmative": {
    "precision": 0.2962962962962963,
    "recall": 0.8421052631578947,
    "f1-score": 0.4383561643835616,
    "support": 19,
    "confused_with": {
      "find": 3
    }
  },
  "clarify": {
    "precision": 0.0,
    "recall": 0.0,
    "f1-score": 0.0,
    "support": 20,
    "confused_with": {
      "find": 16,
      "affirmative": 3,
      "bye": 1
    }
  },
  "greetings": {
    "precision": 0.0,
    "recall": 0.0,
    "f1-score": 0.0,
    "support": 8,
    "confused_with": {
      "affirmative": 6,
      "find": 1,
      "clarify": 1
    }
  },
  "pick up": {
    "precision": 0.0,
    "recall": 0.0,
    "f1-score": 0.0,
    "support": 20,
    "confused_with": {
      "find": 18,
      "clarify": 2
    }
  },
  "show": {
    "precision": 1.0,
    "recall": 0.05,
    "f1-score": 0.09523809523809523,
    "support": 20,
    "confused_with": {
      "find": 16,
      "clarify": 1
    }
  },
  "find": {
    "precision": 0.19387755102040816,
    "recall": 0.95,
    "f1-score": 0.3220338983050847,
    "support": 20,
    "confused_with": {
      "clarify": 1
    }
  },
  "deny": {
    "precision": 1.0,
    "recall": 0.05263157894736842,
    "f1-score": 0.1,
    "support": 19,
    "confused_with": {
      "affirmative": 16,
      "find": 2
    }
  },
  "move": {
    "precision": 1.0,
    "recall": 0.1,
    "f1-score": 0.18181818181818182,
    "support": 20,
    "confused_with": {
      "find": 15,
      "bye": 2
    }
  },
  "none": {
    "precision": 0.0,
    "recall": 0.0,
    "f1-score": 0.0,
    "support": 13,
    "confused_with": {
      "affirmative": 10,
      "find": 3
    }
  },
  "bye": {
    "precision": 0.3333333333333333,
    "recall": 0.2222222222222222,
    "f1-score": 0.26666666666666666,
    "support": 9,
    "confused_with": {
      "find": 5,
      "affirmative": 2
    }
  },
  "accuracy": 0.24404761904761904,
  "macro avg": {
    "precision": 0.38235071806500376,
    "recall": 0.22169590643274853,
    "f1-score": 0.140411300641159,
    "support": 168
  },
  "weighted avg": {
    "precision": 0.4256379800597488,
    "recall": 0.24404761904761904,
    "f1-score": 0.146491491848303,
    "support": 168
  }
}