{
  "object_color": {
    "precision": 0.9772727272727273,
    "recall": 0.5058823529411764,
    "f1-score": 0.6666666666666666,
    "support": 85
  },
  "object_name": {
    "precision": 0.8095238095238095,
    "recall": 0.38636363636363635,
    "f1-score": 0.523076923076923,
    "support": 88
  },
  "placement": {
    "precision": 1.0,
    "recall": 0.8115942028985508,
    "f1-score": 0.896,
    "support": 69
  },
  "undefined_object": {
    "precision": 1.0,
    "recall": 0.25,
    "f1-score": 0.4,
    "support": 12
  },
  "micro avg": {
    "precision": 0.9379310344827586,
    "recall": 0.5354330708661418,
    "f1-score": 0.681704260651629,
    "support": 254
  },
  "macro avg": {
    "precision": 0.9466991341991342,
    "recall": 0.48846004805084087,
    "f1-score": 0.6214358974358973,
    "support": 254
  },
  "weighted avg": {
    "precision": 0.9264026655758939,
    "recall": 0.5354330708661418,
    "f1-score": 0.6666198263678579,
    "support": 254
  }
}