{
  "move": {
    "precision": 0.7647058823529411,
    "recall": 0.65,
    "f1-score": 0.7027027027027027,
    "support": 20,
    "confused_with": {
      "show": 4,
      "pick up": 2
    }
  },
  "none": {
    "precision": 0.0,
    "recall": 0.0,
    "f1-score": 0.0,
    "support": 13,
    "confused_with": {
      "affirmative": 7,
      "deny": 4,
      "move": 1
    }
  },
  "show": {
    "precision": 0.2222222222222222,
    "recall": 0.1,
    "f1-score": 0.13793103448275865,
    "support": 20,
    "confused_with": {
      "clarify": 7,
      "pick up": 6
    }
  },
  "pick up": {
    "precision": 0.16666666666666666,
    "recall": 0.2,
    "f1-score": 0.1818181818181818,
    "support": 20,
    "confused_with": {
      "find": 7,
      "clarify": 7
    }
  },
  "greetings": {
    "precision": 0.0,
    "recall": 0.0,
    "f1-score": 0.0,
    "support": 8,
    "confused_with": {
      "clarify": 4,
      "deny": 3,
      "affirmative": 1
    }
  },
  "affirmative": {
    "precision": 0.3111111111111111,
    "recall": 0.7368421052631579,
    "f1-score": 0.4375,
    "support": 19,
    "confused_with": {
      "find": 2,
      "deny": 2
    }
  },
  "clarify": {
    "precision": 0.12,
    "recall": 0.15,
    "f1-score": 0.1333333333333333,
    "support": 20,
    "confused_with": {
      "find": 11,
      "move": 2
    }
  },
  "bye": {
    "precision": 0.0,
    "recall": 0.0,
    "f1-score": 0.0,
    "support": 9,
    "confused_with": {
      "deny": 5,
      "find": 2,
      "clarify": 1
    }
  },
  "deny": {
    "precision": 0.0625,
    "recall": 0.05263157894736842,
    "f1-score": 0.05714285714285714,
    "support": 19,
    "confused_with": {
      "affirmative": 17,
      "none": 1
    }
  },
  "find": {
    "precision": 0.1724137931034483,
    "recall": 0.25,
    "f1-score": 0.20408163265306123,
    "support": 20,
    "confused_with": {
      "pick up": 11,
      "affirmative": 2
    }
  },
  "accuracy": 0.25,
  "macro avg": {
    "precision": 0.18196196754563893,
    "recall": 0.2139473684210526,
    "f1-score": 0.1854509742132895,
    "support": 168
  },
  "weighted avg": {
    "precision": 0.21439751427390882,
    "recall": 0.25,
    "f1-score": 0.2178306665804467,
    "support": 168
  }
}