{
  "undefined_object": {
    "precision": 0.0,
    "recall": 0.0,
    "f1-score": 0.0,
    "support": 12
  },
  "object_name": {
    "precision": 0.9493670886075949,
    "recall": 0.7978723404255319,
    "f1-score": 0.8670520231213873,
    "support": 94
  },
  "placement": {
    "precision": 0.9852941176470589,
    "recall": 1.0,
    "f1-score": 0.9925925925925926,
    "support": 67
  },
  "object_color": {
    "precision": 0.8288288288288288,
    "recall": 0.968421052631579,
    "f1-score": 0.8932038834951456,
    "support": 95
  },
  "micro avg": {
    "precision": 0.9069767441860465,
    "recall": 0.8731343283582089,
    "f1-score": 0.8897338403041826,
    "support": 268
  },
  "macro avg": {
    "precision": 0.6908725087708707,
    "recall": 0.6915733482642777,
    "f1-score": 0.6882121248022813,
    "support": 268
  },
  "weighted avg": {
    "precision": 0.8731117572768866,
    "recall": 0.8731343283582089,
    "f1-score": 0.8688841895863916,
    "support": 268
  }
}