{
  "affirmative": {
    "precision": 0.6923076923076923,
    "recall": 0.9473684210526315,
    "f1-score": 0.7999999999999999,
    "support": 19,
    "confused_with": {
      "deny": 1
    }
  },
  "clarify": {
    "precision": 0.3333333333333333,
    "recall": 0.1,
    "f1-score": 0.15384615384615383,
    "support": 20,
    "confused_with": {
      "move": 13,
      "show": 3
    }
  },
  "greetings": {
    "precision": 0.8333333333333334,
    "recall": 0.625,
    "f1-score": 0.7142857142857143,
    "support": 8,
    "confused_with": {
      "bye": 2,
      "none": 1
    }
  },
  "pick up": {
    "precision": 0.2,
    "recall": 0.05,
    "f1-score": 0.08000000000000002,
    "support": 20,
    "confused_with": {
      "move": 12,
      "find": 4,
      "show": 2
    }
  },
  "show": {
    "precision": 0.2727272727272727,
    "recall": 0.15,
    "f1-score": 0.19354838709677416,
    "support": 20,
    "confused_with": {
      "move": 16,
      "clarify": 1
    }
  },
  "find": {
    "precision": 0.2857142857142857,
    "recall": 0.1,
    "f1-score": 0.14814814814814817,
    "support": 20,
    "confused_with": {
      "move": 13,
      "pick up": 2
    }
  },
  "deny": {
    "precision": 0.75,
    "recall": 0.3157894736842105,
    "f1-score": 0.44444444444444436,
    "support": 19,
    "confused_with": {
      "affirmative": 6,
      "move": 2
    }
  },
  "move": {
    "precision": 0.25,
    "recall": 1.0,
    "f1-score": 0.4,
    "support": 20,
    "confused_with": {}
  },
  "none": {
    "precision": 0.6666666666666666,
    "recall": 0.46153846153846156,
    "f1-score": 0.5454545454545455,
    "support": 13,
    "confused_with": {
      "move": 3,
      "show": 2
    }
  },
  "bye": {
    "precision": 0.6,
    "recall": 0.6666666666666666,
    "f1-score": 0.631578947368421,
    "support": 9,
    "confused_with": {
      "move": 1,
      "deny": 1
    }
  },
  "accuracy": 0.4107142857142857,
  "macro avg": {
    "precision": 0.48840825840825836,
    "recall": 0.44163630229419704,
    "f1-score": 0.4111306340644201,
    "support": 168
  },
  "weighted avg": {
    "precision": 0.4462659364445079,
    "recall": 0.4107142857142857,
    "f1-score": 0.36693275927247954,
    "support": 168
  }
}