{
  "placement": {
    "precision": 0.9493670886075949,
    "recall": 0.9615384615384616,
    "f1-score": 0.9554140127388535,
    "support": 78
  },
  "object_name": {
    "precision": 0.9825581395348837,
    "recall": 0.9657142857142857,
    "f1-score": 0.9740634005763689,
    "support": 175
  },
  "object_color": {
    "precision": 0.991304347826087,
    "recall": 0.9827586206896551,
    "f1-score": 0.9870129870129869,
    "support": 116
  },
  "micro avg": {
    "precision": 0.9781420765027322,
    "recall": 0.9701897018970189,
    "f1-score": 0.9741496598639455,
    "support": 369
  },
  "macro avg": {
    "precision": 0.9744098586561885,
    "recall": 0.9700037893141342,
    "f1-score": 0.9721634667760698,
    "support": 369
  },
  "weighted avg": {
    "precision": 0.9782916305632063,
    "recall": 0.9701897018970189,
    "f1-score": 0.974192126254747,
    "support": 369
  }
}