{
  "undefined_object": {
    "precision": 0.9230769230769231,
    "recall": 1.0,
    "f1-score": 0.9600000000000001,
    "support": 12
  },
  "object_name": {
    "precision": 1.0,
    "recall": 0.9893617021276596,
    "f1-score": 0.9946524064171123,
    "support": 94
  },
  "placement": {
    "precision": 1.0,
    "recall": 1.0,
    "f1-score": 1.0,
    "support": 67
  },
  "object_color": {
    "precision": 0.9895833333333334,
    "recall": 1.0,
    "f1-score": 0.9947643979057591,
    "support": 95
  },
  "micro avg": {
    "precision": 0.9925650557620818,
    "recall": 0.996268656716418,
    "f1-score": 0.994413407821229,
    "support": 268
  },
  "macro avg": {
    "precision": 0.9781650641025642,
    "recall": 0.9973404255319149,
    "f1-score": 0.9873542010807178,
    "support": 268
  },
  "weighted avg": {
    "precision": 0.9928632079984693,
    "recall": 0.996268656716418,
    "f1-score": 0.9944774030009539,
    "support": 268
  }
}