{
  "move": {
    "precision": 0.8181818181818182,
    "recall": 0.9,
    "f1-score": 0.8571428571428572,
    "support": 20,
    "confused_with": {
      "find": 2
    }
  },
  "none": {
    "precision": 0.6,
    "recall": 0.23076923076923078,
    "f1-score": 0.33333333333333337,
    "support": 13,
    "confused_with": {
      "affirmative": 6,
      "pick up": 1
    }
  },
  "show": {
    "precision": 0.8695652173913043,
    "recall": 1.0,
    "f1-score": 0.9302325581395349,
    "support": 20,
    "confused_with": {}
  },
  "pick up": {
    "precision": 0.56,
    "recall": 0.7,
    "f1-score": 0.6222222222222222,
    "support": 20,
    "confused_with": {
      "find": 2,
      "clarify": 2
    }
  },
  "greetings": {
    "precision": 0.6666666666666666,
    "recall": 0.5,
    "f1-score": 0.5714285714285715,
    "support": 8,
    "confused_with": {
      "show": 1,
      "find": 1
    }
  },
  "affirmative": {
    "precision": 0.4444444444444444,
    "recall": 0.631578947368421,
    "f1-score": 0.5217391304347826,
    "support": 19,
    "confused_with": {
      "deny": 2,
      "show": 1
    }
  },
  "clarify": {
    "precision": 0.7619047619047619,
    "recall": 0.8,
    "f1-score": 0.7804878048780488,
    "support": 20,
    "confused_with": {
      "pick up": 3,
      "move": 1
    }
  },
  "bye": {
    "precision": 0.8,
    "recall": 0.4444444444444444,
    "f1-score": 0.5714285714285714,
    "support": 9,
    "confused_with": {
      "affirmative": 3,
      "none": 2
    }
  },
  "deny": {
    "precision": 0.8125,
    "recall": 0.6842105263157895,
    "f1-score": 0.742857142857143,
    "support": 19,
    "confused_with": {
      "affirmative": 5,
      "move": 1
    }
  },
  "find": {
    "precision": 0.6666666666666666,
    "recall": 0.6,
    "f1-score": 0.631578947368421,
    "support": 20,
    "confused_with": {
      "pick up": 7,
      "move": 1
    }
  },
  "accuracy": 0.6904761904761905,
  "macro avg": {
    "precision": 0.6999929575255662,
    "recall": 0.6491003148897885,
    "f1-score": 0.6562451139233485,
    "support": 168
  },
  "weighted avg": {
    "precision": 0.7008431372658857,
    "recall": 0.6904761904761905,
    "f1-score": 0.6815966430665912,
    "support": 168
  }
}