{
  "object_color": {
    "precision": 0.9887640449438202,
    "recall": 1.0,
    "f1-score": 0.9943502824858756,
    "support": 88
  },
  "object_name": {
    "precision": 0.9550561797752809,
    "recall": 1.0,
    "f1-score": 0.9770114942528736,
    "support": 85
  },
  "placement": {
    "precision": 0.972972972972973,
    "recall": 1.0,
    "f1-score": 0.9863013698630138,
    "support": 72
  },
  "undefined_object": {
    "precision": 0.7777777777777778,
    "recall": 1.0,
    "f1-score": 0.8750000000000001,
    "support": 14
  },
  "micro avg": {
    "precision": 0.9592592592592593,
    "recall": 1.0,
    "f1-score": 0.9792060491493384,
    "support": 259
  },
  "macro avg": {
    "precision": 0.923642743867463,
    "recall": 1.0,
    "f1-score": 0.9581657866504407,
    "support": 259
  },
  "weighted avg": {
    "precision": 0.9619071589918842,
    "recall": 1.0,
    "f1-score": 0.9799710444030436,
    "support": 259
  }
}