{
  "undefined_object": {
    "precision": 1.0,
    "recall": 1.0,
    "f1-score": 1.0,
    "support": 15
  },
  "object_name": {
    "precision": 0.9666666666666667,
    "recall": 1.0,
    "f1-score": 0.983050847457627,
    "support": 87
  },
  "placement": {
    "precision": 1.0,
    "recall": 1.0,
    "f1-score": 1.0,
    "support": 79
  },
  "object_color": {
    "precision": 1.0,
    "recall": 0.967741935483871,
    "f1-score": 0.9836065573770492,
    "support": 93
  },
  "micro avg": {
    "precision": 0.9890510948905109,
    "recall": 0.9890510948905109,
    "f1-score": 0.9890510948905109,
    "support": 274
  },
  "macro avg": {
    "precision": 0.9916666666666667,
    "recall": 0.9919354838709677,
    "f1-score": 0.9916643512086691,
    "support": 274
  },
  "weighted avg": {
    "precision": 0.9894160583941607,
    "recall": 0.9890510948905109,
    "f1-score": 0.9890541370980991,
    "support": 274
  }
}