{
  "affirmative": {
    "precision": 1.0,
    "recall": 1.0,
    "f1-score": 1.0,
    "support": 19,
    "confused_with": {}
  },
  "clarify": {
    "precision": 0.9375,
    "recall": 0.75,
    "f1-score": 0.8333333333333334,
    "support": 20,
    "confused_with": {
      "show": 4,
      "find": 1
    }
  },
  "greetings": {
    "precision": 0.6666666666666666,
    "recall": 1.0,
    "f1-score": 0.8,
    "support": 8,
    "confused_with": {}
  },
  "pick up": {
    "precision": 0.9,
    "recall": 0.9,
    "f1-score": 0.9,
    "support": 20,
    "confused_with": {
      "move": 1,
      "find": 1
    }
  },
  "show": {
    "precision": 0.8333333333333334,
    "recall": 1.0,
    "f1-score": 0.9090909090909091,
    "support": 20,
    "confused_with": {}
  },
  "find": {
    "precision": 0.8888888888888888,
    "recall": 0.8,
    "f1-score": 0.8421052631578948,
    "support": 20,
    "confused_with": {
      "pick up": 2,
      "move": 2
    }
  },
  "deny": {
    "precision": 0.9047619047619048,
    "recall": 1.0,
    "f1-score": 0.9500000000000001,
    "support": 19,
    "confused_with": {}
  },
  "move": {
    "precision": 0.8695652173913043,
    "recall": 1.0,
    "f1-score": 0.9302325581395349,
    "support": 20,
    "confused_with": {}
  },
  "none": {
    "precision": 0.7,
    "recall": 0.5384615384615384,
    "f1-score": 0.608695652173913,
    "support": 13,
    "confused_with": {
      "greetings": 4,
      "deny": 1
    }
  },
  "bye": {
    "precision": 1.0,
    "recall": 0.5555555555555556,
    "f1-score": 0.7142857142857143,
    "support": 9,
    "confused_with": {
      "none": 3,
      "deny": 1
    }
  },
  "accuracy": 0.875,
  "macro avg": {
    "precision": 0.8700716011042097,
    "recall": 0.8544017094017093,
    "f1-score": 0.84877434301813,
    "support": 168
  },
  "weighted avg": {
    "precision": 0.8821997518814287,
    "recall": 0.875,
    "f1-score": 0.8695646201265819,
    "support": 168
  }
}