{
  "affirmative": {
    "precision": 0.8333333333333334,
    "recall": 0.9523809523809523,
    "f1-score": 0.888888888888889,
    "support": 21,
    "confused_with": {
      "pick up": 1
    }
  },
  "none": {
    "precision": 0.6285714285714286,
    "recall": 0.7586206896551724,
    "f1-score": 0.6875,
    "support": 29,
    "confused_with": {
      "pick up": 3,
      "show": 2
    }
  },
  "deny": {
    "precision": 0.8,
    "recall": 0.75,
    "f1-score": 0.7741935483870969,
    "support": 32,
    "confused_with": {
      "none": 5,
      "affirmative": 2
    }
  },
  "show": {
    "precision": 0.9056603773584906,
    "recall": 0.9056603773584906,
    "f1-score": 0.9056603773584906,
    "support": 53,
    "confused_with": {
      "pick up": 2,
      "none": 2
    }
  },
  "find": {
    "precision": 0.9,
    "recall": 0.7714285714285715,
    "f1-score": 0.8307692307692307,
    "support": 35,
    "confused_with": {
      "pick up": 2,
      "clarify": 2
    }
  },
  "bye": {
    "precision": 1.0,
    "recall": 0.8181818181818182,
    "f1-score": 0.9,
    "support": 11,
    "confused_with": {
      "none": 2
    }
  },
  "greetings": {
    "precision": 0.6923076923076923,
    "recall": 0.6428571428571429,
    "f1-score": 0.6666666666666666,
    "support": 14,
    "confused_with": {
      "none": 3,
      "deny": 2
    }
  },
  "move": {
    "precision": 0.8666666666666667,
    "recall": 0.7027027027027027,
    "f1-score": 0.7761194029850748,
    "support": 37,
    "confused_with": {
      "pick up": 11
    }
  },
  "clarify": {
    "precision": 0.9032258064516129,
    "recall": 0.8484848484848485,
    "f1-score": 0.875,
    "support": 33,
    "confused_with": {
      "pick up": 2,
      "show": 1
    }
  },
  "pick up": {
    "precision": 0.8,
    "recall": 0.8842105263157894,
    "f1-score": 0.8400000000000001,
    "support": 95,
    "confused_with": {
      "move": 3,
      "deny": 3
    }
  },
  "accuracy": 0.825,
  "macro avg": {
    "precision": 0.8329765304689225,
    "recall": 0.8034527629365489,
    "f1-score": 0.8144798115055447,
    "support": 360
  },
  "weighted avg": {
    "precision": 0.8316499927790252,
    "recall": 0.825,
    "f1-score": 0.8252223181548831,
    "support": 360
  }
}