{
  "placement": {
    "precision": 0.9418604651162791,
    "recall": 0.9878048780487805,
    "f1-score": 0.9642857142857143,
    "support": 82
  },
  "object_name": {
    "precision": 0.9735099337748344,
    "recall": 0.9735099337748344,
    "f1-score": 0.9735099337748344,
    "support": 151
  },
  "object_color": {
    "precision": 1.0,
    "recall": 1.0,
    "f1-score": 1.0,
    "support": 104
  },
  "micro avg": {
    "precision": 0.9736070381231672,
    "recall": 0.9851632047477745,
    "f1-score": 0.9793510324483776,
    "support": 337
  },
  "macro avg": {
    "precision": 0.9717901329637044,
    "recall": 0.9871049372745383,
    "f1-score": 0.9792652160201829,
    "support": 337
  },
  "weighted avg": {
    "precision": 0.9739838520460976,
    "recall": 0.9851632047477745,
    "f1-score": 0.9794404408647731,
    "support": 337
  }
}