{
  "affirmative": {
    "precision": 0.7083333333333334,
    "recall": 0.8947368421052632,
    "f1-score": 0.7906976744186046,
    "support": 19,
    "confused_with": {
      "find": 2
    }
  },
  "clarify": {
    "precision": 0.8333333333333334,
    "recall": 0.25,
    "f1-score": 0.3846153846153846,
    "support": 20,
    "confused_with": {
      "move": 6,
      "find": 5
    }
  },
  "greetings": {
    "precision": 1.0,
    "recall": 0.875,
    "f1-score": 0.9333333333333333,
    "support": 8,
    "confused_with": {
      "bye": 1
    }
  },
  "pick up": {
    "precision": 0.375,
    "recall": 0.3,
    "f1-score": 0.33333333333333326,
    "support": 20,
    "confused_with": {
      "move": 7,
      "show": 5
    }
  },
  "show": {
    "precision": 0.52,
    "recall": 0.65,
    "f1-score": 0.5777777777777778,
    "support": 20,
    "confused_with": {
      "move": 3,
      "pick up": 2
    }
  },
  "find": {
    "precision": 0.4782608695652174,
    "recall": 0.55,
    "f1-score": 0.5116279069767442,
    "support": 20,
    "confused_with": {
      "pick up": 5,
      "move": 3
    }
  },
  "deny": {
    "precision": 0.9285714285714286,
    "recall": 0.6842105263157895,
    "f1-score": 0.7878787878787878,
    "support": 19,
    "confused_with": {
      "affirmative": 5,
      "find": 1
    }
  },
  "move": {
    "precision": 0.5,
    "recall": 1.0,
    "f1-score": 0.6666666666666666,
    "support": 20,
    "confused_with": {}
  },
  "none": {
    "precision": 1.0,
    "recall": 0.38461538461538464,
    "f1-score": 0.5555555555555556,
    "support": 13,
    "confused_with": {
      "show": 4,
      "affirmative": 2
    }
  },
  "bye": {
    "precision": 0.75,
    "recall": 0.6666666666666666,
    "f1-score": 0.7058823529411765,
    "support": 9,
    "confused_with": {
      "show": 1,
      "pick up": 1
    }
  },
  "accuracy": 0.6130952380952381,
  "macro avg": {
    "precision": 0.7093498964803313,
    "recall": 0.6255229419703106,
    "f1-score": 0.6247368773497365,
    "support": 168
  },
  "weighted avg": {
    "precision": 0.6725183007985803,
    "recall": 0.6130952380952381,
    "f1-score": 0.5983047871214767,
    "support": 168
  }
}