{
  "move": {
    "precision": 0.9473684210526315,
    "recall": 0.9,
    "f1-score": 0.9230769230769231,
    "support": 20,
    "confused_with": {
      "clarify": 2
    }
  },
  "none": {
    "precision": 0.6153846153846154,
    "recall": 0.6153846153846154,
    "f1-score": 0.6153846153846154,
    "support": 13,
    "confused_with": {
      "greetings": 4,
      "affirmative": 1
    }
  },
  "show": {
    "precision": 1.0,
    "recall": 1.0,
    "f1-score": 1.0,
    "support": 20,
    "confused_with": {}
  },
  "pick up": {
    "precision": 0.9523809523809523,
    "recall": 1.0,
    "f1-score": 0.975609756097561,
    "support": 20,
    "confused_with": {}
  },
  "greetings": {
    "precision": 0.46153846153846156,
    "recall": 0.75,
    "f1-score": 0.5714285714285714,
    "support": 8,
    "confused_with": {
      "none": 2
    }
  },
  "affirmative": {
    "precision": 0.9411764705882353,
    "recall": 0.8421052631578947,
    "f1-score": 0.8888888888888888,
    "support": 19,
    "confused_with": {
      "none": 1,
      "greetings": 1
    }
  },
  "clarify": {
    "precision": 0.9,
    "recall": 0.9,
    "f1-score": 0.9,
    "support": 20,
    "confused_with": {
      "pick up": 1,
      "find": 1
    }
  },
  "bye": {
    "precision": 1.0,
    "recall": 0.5555555555555556,
    "f1-score": 0.7142857142857143,
    "support": 9,
    "confused_with": {
      "greetings": 2,
      "none": 1
    }
  },
  "deny": {
    "precision": 0.9473684210526315,
    "recall": 0.9473684210526315,
    "f1-score": 0.9473684210526315,
    "support": 19,
    "confused_with": {
      "none": 1
    }
  },
  "find": {
    "precision": 0.9523809523809523,
    "recall": 1.0,
    "f1-score": 0.975609756097561,
    "support": 20,
    "confused_with": {}
  },
  "accuracy": 0.8869047619047619,
  "macro avg": {
    "precision": 0.8717598294378479,
    "recall": 0.8510413855150698,
    "f1-score": 0.8511652646312466,
    "support": 168
  },
  "weighted avg": {
    "precision": 0.9024837330343742,
    "recall": 0.8869047619047619,
    "f1-score": 0.8891358190138677,
    "support": 168
  }
}