{
  "object_color": {
    "precision": 1.0,
    "recall": 0.9090909090909091,
    "f1-score": 0.9523809523809523,
    "support": 88
  },
  "object_name": {
    "precision": 1.0,
    "recall": 0.7647058823529411,
    "f1-score": 0.8666666666666666,
    "support": 85
  },
  "placement": {
    "precision": 1.0,
    "recall": 1.0,
    "f1-score": 1.0,
    "support": 72
  },
  "undefined_object": {
    "precision": 1.0,
    "recall": 0.6428571428571429,
    "f1-score": 0.782608695652174,
    "support": 14
  },
  "micro avg": {
    "precision": 1.0,
    "recall": 0.8725868725868726,
    "f1-score": 0.931958762886598,
    "support": 259
  },
  "macro avg": {
    "precision": 1.0,
    "recall": 0.8291634835752483,
    "f1-score": 0.9004140786749482,
    "support": 259
  },
  "weighted avg": {
    "precision": 1.0,
    "recall": 0.8725868725868726,
    "f1-score": 0.9283116301749842,
    "support": 259
  }
}