{
  "affirmative": {
    "precision": 0.47058823529411764,
    "recall": 0.8421052631578947,
    "f1-score": 0.6037735849056604,
    "support": 19,
    "confused_with": {
      "greetings": 2,
      "deny": 1
    }
  },
  "clarify": {
    "precision": 0.3333333333333333,
    "recall": 0.25,
    "f1-score": 0.28571428571428575,
    "support": 20,
    "confused_with": {
      "find": 5,
      "pick up": 4
    }
  },
  "greetings": {
    "precision": 0.4,
    "recall": 0.25,
    "f1-score": 0.3076923076923077,
    "support": 8,
    "confused_with": {
      "affirmative": 4,
      "pick up": 1
    }
  },
  "pick up": {
    "precision": 0.2727272727272727,
    "recall": 0.3,
    "f1-score": 0.28571428571428564,
    "support": 20,
    "confused_with": {
      "show": 4,
      "find": 3
    }
  },
  "show": {
    "precision": 0.5625,
    "recall": 0.45,
    "f1-score": 0.5,
    "support": 20,
    "confused_with": {
      "pick up": 4,
      "clarify": 4
    }
  },
  "find": {
    "precision": 0.47368421052631576,
    "recall": 0.45,
    "f1-score": 0.46153846153846156,
    "support": 20,
    "confused_with": {
      "pick up": 5,
      "clarify": 3
    }
  },
  "deny": {
    "precision": 0.5714285714285714,
    "recall": 0.631578947368421,
    "f1-score": 0.6,
    "support": 19,
    "confused_with": {
      "affirmative": 6,
      "none": 1
    }
  },
  "move": {
    "precision": 0.7037037037037037,
    "recall": 0.95,
    "f1-score": 0.8085106382978724,
    "support": 20,
    "confused_with": {
      "pick up": 1
    }
  },
  "none": {
    "precision": 0.5,
    "recall": 0.15384615384615385,
    "f1-score": 0.23529411764705882,
    "support": 13,
    "confused_with": {
      "deny": 4,
      "affirmative": 4
    }
  },
  "bye": {
    "precision": 0.8,
    "recall": 0.4444444444444444,
    "f1-score": 0.5714285714285714,
    "support": 9,
    "confused_with": {
      "affirmative": 3,
      "find": 1
    }
  },
  "accuracy": 0.5,
  "macro avg": {
    "precision": 0.5087965327013314,
    "recall": 0.47219748088169144,
    "f1-score": 0.46596662529385036,
    "support": 168
  },
  "weighted avg": {
    "precision": 0.4977219626996643,
    "recall": 0.5,
    "f1-score": 0.4783599444780537,
    "support": 168
  }
}