{
  "object_color": {
    "precision": 1.0,
    "recall": 1.0,
    "f1-score": 1.0,
    "support": 98
  },
  "object_name": {
    "precision": 1.0,
    "recall": 0.9931506849315068,
    "f1-score": 0.9965635738831615,
    "support": 146
  },
  "placement": {
    "precision": 1.0,
    "recall": 1.0,
    "f1-score": 1.0,
    "support": 63
  },
  "undefined_object": {
    "precision": 1.0,
    "recall": 1.0,
    "f1-score": 1.0,
    "support": 11
  },
  "micro avg": {
    "precision": 1.0,
    "recall": 0.9968553459119497,
    "f1-score": 0.9984251968503937,
    "support": 318
  },
  "macro avg": {
    "precision": 1.0,
    "recall": 0.9982876712328768,
    "f1-score": 0.9991408934707904,
    "support": 318
  },
  "weighted avg": {
    "precision": 1.0,
    "recall": 0.9968553459119497,
    "f1-score": 0.9984222697702565,
    "support": 318
  }
}