{
  "move": {
    "precision": 1.0,
    "recall": 0.95,
    "f1-score": 0.9743589743589743,
    "support": 20,
    "confused_with": {
      "pick up": 1
    }
  },
  "none": {
    "precision": 0.9166666666666666,
    "recall": 0.8461538461538461,
    "f1-score": 0.8799999999999999,
    "support": 13,
    "confused_with": {
      "greetings": 2
    }
  },
  "show": {
    "precision": 1.0,
    "recall": 1.0,
    "f1-score": 1.0,
    "support": 20,
    "confused_with": {}
  },
  "pick up": {
    "precision": 0.8095238095238095,
    "recall": 0.85,
    "f1-score": 0.8292682926829269,
    "support": 20,
    "confused_with": {
      "find": 2,
      "deny": 1
    }
  },
  "greetings": {
    "precision": 0.7,
    "recall": 0.875,
    "f1-score": 0.7777777777777777,
    "support": 8,
    "confused_with": {
      "none": 1
    }
  },
  "affirmative": {
    "precision": 0.8636363636363636,
    "recall": 1.0,
    "f1-score": 0.9268292682926829,
    "support": 19,
    "confused_with": {}
  },
  "clarify": {
    "precision": 1.0,
    "recall": 0.9,
    "f1-score": 0.9473684210526316,
    "support": 20,
    "confused_with": {
      "find": 1,
      "affirmative": 1
    }
  },
  "bye": {
    "precision": 1.0,
    "recall": 0.5555555555555556,
    "f1-score": 0.7142857142857143,
    "support": 9,
    "confused_with": {
      "affirmative": 2,
      "greetings": 1
    }
  },
  "deny": {
    "precision": 0.9047619047619048,
    "recall": 1.0,
    "f1-score": 0.9500000000000001,
    "support": 19,
    "confused_with": {}
  },
  "find": {
    "precision": 0.85,
    "recall": 0.85,
    "f1-score": 0.85,
    "support": 20,
    "confused_with": {
      "pick up": 3
    }
  },
  "accuracy": 0.9047619047619048,
  "macro avg": {
    "precision": 0.9044588744588744,
    "recall": 0.88267094017094,
    "f1-score": 0.8849888448450708,
    "support": 168
  },
  "weighted avg": {
    "precision": 0.9125399402185115,
    "recall": 0.9047619047619048,
    "f1-score": 0.9033956161324125,
    "support": 168
  }
}