{
  "move": {
    "precision": 1.0,
    "recall": 0.9,
    "f1-score": 0.9473684210526316,
    "support": 20,
    "confused_with": {
      "pick up": 1,
      "find": 1
    }
  },
  "none": {
    "precision": 0.8461538461538461,
    "recall": 0.8461538461538461,
    "f1-score": 0.8461538461538461,
    "support": 13,
    "confused_with": {
      "greetings": 1,
      "affirmative": 1
    }
  },
  "show": {
    "precision": 0.9523809523809523,
    "recall": 1.0,
    "f1-score": 0.975609756097561,
    "support": 20,
    "confused_with": {}
  },
  "pick up": {
    "precision": 0.8888888888888888,
    "recall": 0.8,
    "f1-score": 0.8421052631578948,
    "support": 20,
    "confused_with": {
      "find": 4
    }
  },
  "greetings": {
    "precision": 0.6666666666666666,
    "recall": 0.75,
    "f1-score": 0.7058823529411765,
    "support": 8,
    "confused_with": {
      "none": 1,
      "deny": 1
    }
  },
  "affirmative": {
    "precision": 0.8421052631578947,
    "recall": 0.8421052631578947,
    "f1-score": 0.8421052631578947,
    "support": 19,
    "confused_with": {
      "greetings": 2,
      "deny": 1
    }
  },
  "clarify": {
    "precision": 1.0,
    "recall": 0.95,
    "f1-score": 0.9743589743589743,
    "support": 20,
    "confused_with": {
      "show": 1
    }
  },
  "bye": {
    "precision": 0.875,
    "recall": 0.7777777777777778,
    "f1-score": 0.823529411764706,
    "support": 9,
    "confused_with": {
      "deny": 1,
      "affirmative": 1
    }
  },
  "deny": {
    "precision": 0.8421052631578947,
    "recall": 0.8421052631578947,
    "f1-score": 0.8421052631578947,
    "support": 19,
    "confused_with": {
      "none": 1,
      "bye": 1
    }
  },
  "find": {
    "precision": 0.7916666666666666,
    "recall": 0.95,
    "f1-score": 0.8636363636363635,
    "support": 20,
    "confused_with": {
      "pick up": 1
    }
  },
  "accuracy": 0.8809523809523809,
  "macro avg": {
    "precision": 0.870496754707281,
    "recall": 0.8658142150247412,
    "f1-score": 0.8662854915478944,
    "support": 168
  },
  "weighted avg": {
    "precision": 0.8861134731670446,
    "recall": 0.8809523809523809,
    "f1-score": 0.8816690422350016,
    "support": 168
  }
}