{
  "placement": {
    "precision": 0.9418604651162791,
    "recall": 0.9878048780487805,
    "f1-score": 0.9642857142857143,
    "support": 82
  },
  "object_name": {
    "precision": 0.9797297297297297,
    "recall": 0.9602649006622517,
    "f1-score": 0.9698996655518396,
    "support": 151
  },
  "object_color": {
    "precision": 0.9903846153846154,
    "recall": 0.9903846153846154,
    "f1-score": 0.9903846153846154,
    "support": 104
  },
  "micro avg": {
    "precision": 0.9733727810650887,
    "recall": 0.9762611275964391,
    "f1-score": 0.9748148148148148,
    "support": 337
  },
  "macro avg": {
    "precision": 0.9706582700768748,
    "recall": 0.9794847980318826,
    "f1-score": 0.9748566650740565,
    "support": 337
  },
  "weighted avg": {
    "precision": 0.9738034045362733,
    "recall": 0.9762611275964391,
    "f1-score": 0.9748554245393364,
    "support": 337
  }
}