{
  "show": {
    "precision": 0.8387096774193549,
    "recall": 0.8387096774193549,
    "f1-score": 0.8387096774193549,
    "support": 31,
    "confused_with": {
      "clarify": 2,
      "pick up": 1
    }
  },
  "affirmative": {
    "precision": 0.6785714285714286,
    "recall": 0.9047619047619048,
    "f1-score": 0.7755102040816326,
    "support": 21,
    "confused_with": {
      "greetings": 1,
      "deny": 1
    }
  },
  "none": {
    "precision": 0.6470588235294118,
    "recall": 0.6875,
    "f1-score": 0.6666666666666667,
    "support": 16,
    "confused_with": {
      "affirmative": 4,
      "deny": 1
    }
  },
  "bye": {
    "precision": 1.0,
    "recall": 0.6363636363636364,
    "f1-score": 0.7777777777777778,
    "support": 11,
    "confused_with": {
      "affirmative": 4
    }
  },
  "pick up": {
    "precision": 0.7692307692307693,
    "recall": 0.75,
    "f1-score": 0.7594936708860761,
    "support": 40,
    "confused_with": {
      "move": 5,
      "clarify": 3
    }
  },
  "deny": {
    "precision": 0.8947368421052632,
    "recall": 0.85,
    "f1-score": 0.8717948717948718,
    "support": 20,
    "confused_with": {
      "none": 2,
      "affirmative": 1
    }
  },
  "clarify": {
    "precision": 0.75,
    "recall": 0.6206896551724138,
    "f1-score": 0.679245283018868,
    "support": 29,
    "confused_with": {
      "move": 5,
      "show": 3
    }
  },
  "greetings": {
    "precision": 0.8888888888888888,
    "recall": 0.8888888888888888,
    "f1-score": 0.8888888888888888,
    "support": 9,
    "confused_with": {
      "none": 1
    }
  },
  "move": {
    "precision": 0.6923076923076923,
    "recall": 0.84375,
    "f1-score": 0.7605633802816902,
    "support": 32,
    "confused_with": {
      "pick up": 5
    }
  },
  "find": {
    "precision": 0.9166666666666666,
    "recall": 0.7857142857142857,
    "f1-score": 0.8461538461538461,
    "support": 28,
    "confused_with": {
      "show": 2,
      "pick up": 2
    }
  },
  "accuracy": 0.7805907172995781,
  "macro avg": {
    "precision": 0.8076170788719474,
    "recall": 0.7806378048320484,
    "f1-score": 0.7864804266969674,
    "support": 237
  },
  "weighted avg": {
    "precision": 0.7925629603726558,
    "recall": 0.7805907172995781,
    "f1-score": 0.7808102525238225,
    "support": 237
  }
}