{
  "affirmative": {
    "precision": 0.9375,
    "recall": 0.7894736842105263,
    "f1-score": 0.8571428571428572,
    "support": 19,
    "confused_with": {
      "deny": 3,
      "none": 1
    }
  },
  "clarify": {
    "precision": 0.7692307692307693,
    "recall": 0.5,
    "f1-score": 0.6060606060606061,
    "support": 20,
    "confused_with": {
      "pick up": 5,
      "show": 3
    }
  },
  "greetings": {
    "precision": 1.0,
    "recall": 0.75,
    "f1-score": 0.8571428571428571,
    "support": 8,
    "confused_with": {
      "pick up": 1,
      "none": 1
    }
  },
  "pick up": {
    "precision": 0.3235294117647059,
    "recall": 0.55,
    "f1-score": 0.4074074074074075,
    "support": 20,
    "confused_with": {
      "find": 4,
      "show": 2
    }
  },
  "show": {
    "precision": 0.6153846153846154,
    "recall": 0.8,
    "f1-score": 0.6956521739130435,
    "support": 20,
    "confused_with": {
      "pick up": 3,
      "move": 1
    }
  },
  "find": {
    "precision": 0.47368421052631576,
    "recall": 0.45,
    "f1-score": 0.46153846153846156,
    "support": 20,
    "confused_with": {
      "pick up": 5,
      "show": 3
    }
  },
  "deny": {
    "precision": 0.8,
    "recall": 0.8421052631578947,
    "f1-score": 0.8205128205128205,
    "support": 19,
    "confused_with": {
      "pick up": 1,
      "find": 1
    }
  },
  "move": {
    "precision": 0.6842105263157895,
    "recall": 0.65,
    "f1-score": 0.6666666666666667,
    "support": 20,
    "confused_with": {
      "pick up": 4,
      "find": 3
    }
  },
  "none": {
    "precision": 0.7272727272727273,
    "recall": 0.6153846153846154,
    "f1-score": 0.6666666666666667,
    "support": 13,
    "confused_with": {
      "show": 2,
      "pick up": 1
    }
  },
  "bye": {
    "precision": 1.0,
    "recall": 0.4444444444444444,
    "f1-score": 0.6153846153846153,
    "support": 9,
    "confused_with": {
      "pick up": 3,
      "none": 1
    }
  },
  "accuracy": 0.6428571428571429,
  "macro avg": {
    "precision": 0.7330812260494923,
    "recall": 0.639140800719748,
    "f1-score": 0.6654175132436002,
    "support": 168
  },
  "weighted avg": {
    "precision": 0.6951656911844606,
    "recall": 0.6428571428571429,
    "f1-score": 0.6528823526753135,
    "support": 168
  }
}