{
  "object_color": {
    "precision": 0.9775280898876404,
    "recall": 0.9886363636363636,
    "f1-score": 0.983050847457627,
    "support": 88
  },
  "object_name": {
    "precision": 0.9772727272727273,
    "recall": 1.0,
    "f1-score": 0.9885057471264368,
    "support": 86
  },
  "placement": {
    "precision": 0.984375,
    "recall": 1.0,
    "f1-score": 0.9921259842519685,
    "support": 63
  },
  "undefined_object": {
    "precision": 0.9166666666666666,
    "recall": 1.0,
    "f1-score": 0.9565217391304348,
    "support": 11
  },
  "micro avg": {
    "precision": 0.9762845849802372,
    "recall": 0.9959677419354839,
    "f1-score": 0.9860279441117764,
    "support": 248
  },
  "macro avg": {
    "precision": 0.9639606209567585,
    "recall": 0.9971590909090909,
    "f1-score": 0.9800510794916168,
    "support": 248
  },
  "weighted avg": {
    "precision": 0.9764793741487914,
    "recall": 0.9959677419354839,
    "f1-score": 0.9860711490623126,
    "support": 248
  }
}