{
  "show": {
    "precision": 0.8823529411764706,
    "recall": 0.967741935483871,
    "f1-score": 0.923076923076923,
    "support": 31,
    "confused_with": {
      "clarify": 1
    }
  },
  "affirmative": {
    "precision": 0.9444444444444444,
    "recall": 0.8095238095238095,
    "f1-score": 0.8717948717948718,
    "support": 21,
    "confused_with": {
      "none": 1,
      "greetings": 1
    }
  },
  "none": {
    "precision": 0.7,
    "recall": 0.875,
    "f1-score": 0.7777777777777777,
    "support": 16,
    "confused_with": {
      "bye": 1,
      "affirmative": 1
    }
  },
  "bye": {
    "precision": 0.8333333333333334,
    "recall": 0.9090909090909091,
    "f1-score": 0.8695652173913043,
    "support": 11,
    "confused_with": {
      "none": 1
    }
  },
  "pick up": {
    "precision": 0.8333333333333334,
    "recall": 0.75,
    "f1-score": 0.7894736842105262,
    "support": 40,
    "confused_with": {
      "clarify": 6,
      "move": 3
    }
  },
  "deny": {
    "precision": 0.9473684210526315,
    "recall": 0.9,
    "f1-score": 0.9230769230769231,
    "support": 20,
    "confused_with": {
      "pick up": 1,
      "none": 1
    }
  },
  "clarify": {
    "precision": 0.7307692307692307,
    "recall": 0.6551724137931034,
    "f1-score": 0.6909090909090909,
    "support": 29,
    "confused_with": {
      "move": 5,
      "show": 3
    }
  },
  "greetings": {
    "precision": 0.8571428571428571,
    "recall": 0.6666666666666666,
    "f1-score": 0.75,
    "support": 9,
    "confused_with": {
      "none": 3
    }
  },
  "move": {
    "precision": 0.7837837837837838,
    "recall": 0.90625,
    "f1-score": 0.8405797101449275,
    "support": 32,
    "confused_with": {
      "pick up": 3
    }
  },
  "find": {
    "precision": 1.0,
    "recall": 1.0,
    "f1-score": 1.0,
    "support": 28,
    "confused_with": {}
  },
  "accuracy": 0.8481012658227848,
  "macro avg": {
    "precision": 0.8512528345036084,
    "recall": 0.843944573455836,
    "f1-score": 0.8436254198382345,
    "support": 237
  },
  "weighted avg": {
    "precision": 0.8515667401625784,
    "recall": 0.8481012658227848,
    "f1-score": 0.8466588141341204,
    "support": 237
  }
}