{
  "move": {
    "precision": 0.041666666666666664,
    "recall": 0.05,
    "f1-score": 0.04545454545454545,
    "support": 20,
    "confused_with": {
      "show": 12,
      "find": 6
    }
  },
  "none": {
    "precision": 0.041666666666666664,
    "recall": 0.07692307692307693,
    "f1-score": 0.05405405405405406,
    "support": 13,
    "confused_with": {
      "affirmative": 12
    }
  },
  "show": {
    "precision": 0.09090909090909091,
    "recall": 0.1,
    "f1-score": 0.09523809523809525,
    "support": 20,
    "confused_with": {
      "deny": 11,
      "move": 7
    }
  },
  "pick up": {
    "precision": 0.0,
    "recall": 0.0,
    "f1-score": 0.0,
    "support": 20,
    "confused_with": {
      "move": 7,
      "deny": 6,
      "show": 5
    }
  },
  "greetings": {
    "precision": 0.0,
    "recall": 0.0,
    "f1-score": 0.0,
    "support": 8,
    "confused_with": {
      "none": 5,
      "affirmative": 3
    }
  },
  "affirmative": {
    "precision": 0.0784313725490196,
    "recall": 0.21052631578947367,
    "f1-score": 0.11428571428571428,
    "support": 19,
    "confused_with": {
      "none": 12,
      "deny": 3
    }
  },
  "clarify": {
    "precision": 1.0,
    "recall": 0.3,
    "f1-score": 0.4615384615384615,
    "support": 20,
    "confused_with": {
      "affirmative": 9,
      "move": 2
    }
  },
  "bye": {
    "precision": 0.0,
    "recall": 0.0,
    "f1-score": 0.0,
    "support": 9,
    "confused_with": {
      "affirmative": 6,
      "none": 2,
      "deny": 1
    }
  },
  "deny": {
    "precision": 0.03571428571428571,
    "recall": 0.05263157894736842,
    "f1-score": 0.0425531914893617,
    "support": 19,
    "confused_with": {
      "affirmative": 14,
      "none": 3,
      "show": 1
    }
  },
  "find": {
    "precision": 0.4166666666666667,
    "recall": 0.25,
    "f1-score": 0.3125,
    "support": 20,
    "confused_with": {
      "move": 7,
      "deny": 4
    }
  },
  "accuracy": 0.11904761904761904,
  "macro avg": {
    "precision": 0.17050547491723964,
    "recall": 0.10400809716599191,
    "f1-score": 0.11256240620602323,
    "support": 168
  },
  "weighted avg": {
    "precision": 0.20056715868165448,
    "recall": 0.11904761904761904,
    "f1-score": 0.13081704736339994,
    "support": 168
  }
}