{
  "move": {
    "precision": 0.8947368421052632,
    "recall": 0.85,
    "f1-score": 0.8717948717948718,
    "support": 20,
    "confused_with": {
      "find": 2,
      "clarify": 1
    }
  },
  "none": {
    "precision": 0.6666666666666666,
    "recall": 0.6153846153846154,
    "f1-score": 0.64,
    "support": 13,
    "confused_with": {
      "pick up": 1,
      "greetings": 1
    }
  },
  "show": {
    "precision": 0.9523809523809523,
    "recall": 1.0,
    "f1-score": 0.975609756097561,
    "support": 20,
    "confused_with": {}
  },
  "pick up": {
    "precision": 0.7222222222222222,
    "recall": 0.65,
    "f1-score": 0.6842105263157895,
    "support": 20,
    "confused_with": {
      "find": 4,
      "clarify": 3
    }
  },
  "greetings": {
    "precision": 0.8,
    "recall": 0.5,
    "f1-score": 0.6153846153846154,
    "support": 8,
    "confused_with": {
      "clarify": 2,
      "pick up": 1
    }
  },
  "affirmative": {
    "precision": 0.8666666666666667,
    "recall": 0.6842105263157895,
    "f1-score": 0.7647058823529413,
    "support": 19,
    "confused_with": {
      "find": 3,
      "deny": 2
    }
  },
  "clarify": {
    "precision": 0.7083333333333334,
    "recall": 0.85,
    "f1-score": 0.7727272727272727,
    "support": 20,
    "confused_with": {
      "show": 1,
      "pick up": 1
    }
  },
  "bye": {
    "precision": 0.8571428571428571,
    "recall": 0.6666666666666666,
    "f1-score": 0.75,
    "support": 9,
    "confused_with": {
      "none": 2,
      "affirmative": 1
    }
  },
  "deny": {
    "precision": 0.85,
    "recall": 0.8947368421052632,
    "f1-score": 0.8717948717948718,
    "support": 19,
    "confused_with": {
      "none": 1,
      "bye": 1
    }
  },
  "find": {
    "precision": 0.6296296296296297,
    "recall": 0.85,
    "f1-score": 0.723404255319149,
    "support": 20,
    "confused_with": {
      "pick up": 2,
      "move": 1
    }
  },
  "accuracy": 0.7857142857142857,
  "macro avg": {
    "precision": 0.7947779170147591,
    "recall": 0.7560998650472335,
    "f1-score": 0.7669632051787072,
    "support": 168
  },
  "weighted avg": {
    "precision": 0.7949028490538514,
    "recall": 0.7857142857142857,
    "f1-score": 0.7835805053391564,
    "support": 168
  }
}