{
  "move": {
    "precision": 1.0,
    "recall": 1.0,
    "f1-score": 1.0,
    "support": 20,
    "confused_with": {}
  },
  "none": {
    "precision": 0.7142857142857143,
    "recall": 0.38461538461538464,
    "f1-score": 0.5,
    "support": 13,
    "confused_with": {
      "greetings": 4,
      "clarify": 3
    }
  },
  "show": {
    "precision": 1.0,
    "recall": 1.0,
    "f1-score": 1.0,
    "support": 20,
    "confused_with": {}
  },
  "pick up": {
    "precision": 1.0,
    "recall": 0.95,
    "f1-score": 0.9743589743589743,
    "support": 20,
    "confused_with": {
      "clarify": 1
    }
  },
  "greetings": {
    "precision": 0.5833333333333334,
    "recall": 0.875,
    "f1-score": 0.7000000000000001,
    "support": 8,
    "confused_with": {
      "clarify": 1
    }
  },
  "affirmative": {
    "precision": 0.9333333333333333,
    "recall": 0.7368421052631579,
    "f1-score": 0.8235294117647058,
    "support": 19,
    "confused_with": {
      "clarify": 3,
      "greetings": 1
    }
  },
  "clarify": {
    "precision": 0.6451612903225806,
    "recall": 1.0,
    "f1-score": 0.7843137254901961,
    "support": 20,
    "confused_with": {}
  },
  "bye": {
    "precision": 0.8333333333333334,
    "recall": 0.5555555555555556,
    "f1-score": 0.6666666666666667,
    "support": 9,
    "confused_with": {
      "clarify": 2,
      "none": 1
    }
  },
  "deny": {
    "precision": 0.9473684210526315,
    "recall": 0.9473684210526315,
    "f1-score": 0.9473684210526315,
    "support": 19,
    "confused_with": {
      "none": 1
    }
  },
  "find": {
    "precision": 1.0,
    "recall": 0.95,
    "f1-score": 0.9743589743589743,
    "support": 20,
    "confused_with": {
      "clarify": 1
    }
  },
  "accuracy": 0.875,
  "macro avg": {
    "precision": 0.8656815425660926,
    "recall": 0.8399381466486731,
    "f1-score": 0.837059617369215,
    "support": 168
  },
  "weighted avg": {
    "precision": 0.8933865481676542,
    "recall": 0.875,
    "f1-score": 0.871474358974359,
    "support": 168
  }
}