{
  "affirmative": {
    "precision": 0.8947368421052632,
    "recall": 0.8947368421052632,
    "f1-score": 0.8947368421052632,
    "support": 19,
    "confused_with": {
      "clarify": 1,
      "bye": 1
    }
  },
  "clarify": {
    "precision": 0.8333333333333334,
    "recall": 1.0,
    "f1-score": 0.9090909090909091,
    "support": 20,
    "confused_with": {}
  },
  "greetings": {
    "precision": 0.7142857142857143,
    "recall": 0.625,
    "f1-score": 0.6666666666666666,
    "support": 8,
    "confused_with": {
      "none": 1,
      "clarify": 1
    }
  },
  "pick up": {
    "precision": 1.0,
    "recall": 0.95,
    "f1-score": 0.9743589743589743,
    "support": 20,
    "confused_with": {
      "find": 1
    }
  },
  "show": {
    "precision": 0.9523809523809523,
    "recall": 1.0,
    "f1-score": 0.975609756097561,
    "support": 20,
    "confused_with": {}
  },
  "find": {
    "precision": 0.95,
    "recall": 0.95,
    "f1-score": 0.9500000000000001,
    "support": 20,
    "confused_with": {
      "show": 1
    }
  },
  "deny": {
    "precision": 1.0,
    "recall": 0.8421052631578947,
    "f1-score": 0.9142857142857143,
    "support": 19,
    "confused_with": {
      "none": 1,
      "clarify": 1
    }
  },
  "move": {
    "precision": 1.0,
    "recall": 1.0,
    "f1-score": 1.0,
    "support": 20,
    "confused_with": {}
  },
  "none": {
    "precision": 0.6666666666666666,
    "recall": 0.7692307692307693,
    "f1-score": 0.7142857142857142,
    "support": 13,
    "confused_with": {
      "greetings": 2,
      "clarify": 1
    }
  },
  "bye": {
    "precision": 0.8571428571428571,
    "recall": 0.6666666666666666,
    "f1-score": 0.75,
    "support": 9,
    "confused_with": {
      "none": 3
    }
  },
  "accuracy": 0.9047619047619048,
  "macro avg": {
    "precision": 0.8868546365914787,
    "recall": 0.8697739541160594,
    "f1-score": 0.8749034576890804,
    "support": 168
  },
  "weighted avg": {
    "precision": 0.9095804988662133,
    "recall": 0.9047619047619048,
    "f1-score": 0.9042956486989586,
    "support": 168
  }
}