{
  "affirmative": {
    "precision": 0.9523809523809523,
    "recall": 0.9523809523809523,
    "f1-score": 0.9523809523809523,
    "support": 21,
    "confused_with": {
      "pick up": 1
    }
  },
  "none": {
    "precision": 0.8260869565217391,
    "recall": 0.6551724137931034,
    "f1-score": 0.7307692307692308,
    "support": 29,
    "confused_with": {
      "greetings": 3,
      "show": 2
    }
  },
  "deny": {
    "precision": 0.96875,
    "recall": 0.96875,
    "f1-score": 0.96875,
    "support": 32,
    "confused_with": {
      "none": 1
    }
  },
  "show": {
    "precision": 0.9444444444444444,
    "recall": 0.9622641509433962,
    "f1-score": 0.9532710280373832,
    "support": 53,
    "confused_with": {
      "pick up": 1,
      "find": 1
    }
  },
  "find": {
    "precision": 0.9444444444444444,
    "recall": 0.9714285714285714,
    "f1-score": 0.9577464788732395,
    "support": 35,
    "confused_with": {
      "pick up": 1
    }
  },
  "bye": {
    "precision": 1.0,
    "recall": 0.8181818181818182,
    "f1-score": 0.9,
    "support": 11,
    "confused_with": {
      "none": 2
    }
  },
  "greetings": {
    "precision": 0.8125,
    "recall": 0.9285714285714286,
    "f1-score": 0.8666666666666666,
    "support": 14,
    "confused_with": {
      "none": 1
    }
  },
  "move": {
    "precision": 0.7954545454545454,
    "recall": 0.9459459459459459,
    "f1-score": 0.8641975308641975,
    "support": 37,
    "confused_with": {
      "pick up": 2
    }
  },
  "clarify": {
    "precision": 0.9333333333333333,
    "recall": 0.8484848484848485,
    "f1-score": 0.888888888888889,
    "support": 33,
    "confused_with": {
      "pick up": 3,
      "show": 1
    }
  },
  "pick up": {
    "precision": 0.8947368421052632,
    "recall": 0.8947368421052632,
    "f1-score": 0.8947368421052632,
    "support": 95,
    "confused_with": {
      "move": 9,
      "deny": 1
    }
  },
  "accuracy": 0.9027777777777778,
  "macro avg": {
    "precision": 0.9072131518684723,
    "recall": 0.8945916971835327,
    "f1-score": 0.8977407618585822,
    "support": 360
  },
  "weighted avg": {
    "precision": 0.9046512528668326,
    "recall": 0.9027777777777778,
    "f1-score": 0.90160770624304,
    "support": 360
  }
}