{
  "placement": {
    "precision": 0.9310344827586207,
    "recall": 0.9878048780487805,
    "f1-score": 0.9585798816568047,
    "support": 82
  },
  "object_name": {
    "precision": 0.9865771812080537,
    "recall": 0.9735099337748344,
    "f1-score": 0.98,
    "support": 151
  },
  "object_color": {
    "precision": 1.0,
    "recall": 1.0,
    "f1-score": 1.0,
    "support": 104
  },
  "micro avg": {
    "precision": 0.9764705882352941,
    "recall": 0.9851632047477745,
    "f1-score": 0.980797636632201,
    "support": 337
  },
  "macro avg": {
    "precision": 0.9725372213222249,
    "recall": 0.9871049372745383,
    "f1-score": 0.9795266272189349,
    "support": 337
  },
  "weighted avg": {
    "precision": 0.9772046942095638,
    "recall": 0.9851632047477745,
    "f1-score": 0.9809600898986884,
    "support": 337
  }
}