{
  "show": {
    "precision": 0.84375,
    "recall": 0.8709677419354839,
    "f1-score": 0.8571428571428571,
    "support": 31,
    "confused_with": {
      "none": 2,
      "pick up": 1
    }
  },
  "affirmative": {
    "precision": 0.8666666666666667,
    "recall": 0.6190476190476191,
    "f1-score": 0.7222222222222222,
    "support": 21,
    "confused_with": {
      "none": 3,
      "deny": 2
    }
  },
  "none": {
    "precision": 0.5714285714285714,
    "recall": 0.5,
    "f1-score": 0.5333333333333333,
    "support": 16,
    "confused_with": {
      "show": 2,
      "greetings": 2
    }
  },
  "bye": {
    "precision": 1.0,
    "recall": 0.45454545454545453,
    "f1-score": 0.625,
    "support": 11,
    "confused_with": {
      "find": 2,
      "pick up": 1
    }
  },
  "pick up": {
    "precision": 0.74,
    "recall": 0.925,
    "f1-score": 0.8222222222222222,
    "support": 40,
    "confused_with": {
      "move": 1,
      "greetings": 1
    }
  },
  "deny": {
    "precision": 0.9090909090909091,
    "recall": 1.0,
    "f1-score": 0.9523809523809523,
    "support": 20,
    "confused_with": {}
  },
  "clarify": {
    "precision": 0.8928571428571429,
    "recall": 0.8620689655172413,
    "f1-score": 0.8771929824561403,
    "support": 29,
    "confused_with": {
      "show": 2,
      "pick up": 1
    }
  },
  "greetings": {
    "precision": 0.6363636363636364,
    "recall": 0.7777777777777778,
    "f1-score": 0.7000000000000001,
    "support": 9,
    "confused_with": {
      "show": 1,
      "clarify": 1
    }
  },
  "move": {
    "precision": 0.9032258064516129,
    "recall": 0.875,
    "f1-score": 0.8888888888888888,
    "support": 32,
    "confused_with": {
      "pick up": 4
    }
  },
  "find": {
    "precision": 0.8275862068965517,
    "recall": 0.8571428571428571,
    "f1-score": 0.8421052631578947,
    "support": 28,
    "confused_with": {
      "pick up": 4
    }
  },
  "accuracy": 0.8185654008438819,
  "macro avg": {
    "precision": 0.8190968939755091,
    "recall": 0.7741550415966434,
    "f1-score": 0.7820488721804512,
    "support": 237
  },
  "weighted avg": {
    "precision": 0.8269058852082711,
    "recall": 0.8185654008438819,
    "f1-score": 0.8136916658735446,
    "support": 237
  }
}