{
  "show": {
    "precision": 0.7741935483870968,
    "recall": 0.7741935483870968,
    "f1-score": 0.7741935483870968,
    "support": 31,
    "confused_with": {
      "pick up": 2,
      "clarify": 2
    }
  },
  "affirmative": {
    "precision": 0.8571428571428571,
    "recall": 0.5714285714285714,
    "f1-score": 0.6857142857142857,
    "support": 21,
    "confused_with": {
      "deny": 4,
      "clarify": 3
    }
  },
  "none": {
    "precision": 0.38461538461538464,
    "recall": 0.3125,
    "f1-score": 0.3448275862068966,
    "support": 16,
    "confused_with": {
      "clarify": 5,
      "show": 2
    }
  },
  "bye": {
    "precision": 1.0,
    "recall": 0.6363636363636364,
    "f1-score": 0.7777777777777778,
    "support": 11,
    "confused_with": {
      "clarify": 2,
      "move": 1
    }
  },
  "pick up": {
    "precision": 0.7441860465116279,
    "recall": 0.8,
    "f1-score": 0.7710843373493975,
    "support": 40,
    "confused_with": {
      "clarify": 5,
      "show": 1
    }
  },
  "deny": {
    "precision": 0.8095238095238095,
    "recall": 0.85,
    "f1-score": 0.8292682926829269,
    "support": 20,
    "confused_with": {
      "clarify": 3
    }
  },
  "clarify": {
    "precision": 0.38,
    "recall": 0.6551724137931034,
    "f1-score": 0.48101265822784806,
    "support": 29,
    "confused_with": {
      "pick up": 4,
      "show": 3
    }
  },
  "greetings": {
    "precision": 0.8,
    "recall": 0.4444444444444444,
    "f1-score": 0.5714285714285714,
    "support": 9,
    "confused_with": {
      "none": 3,
      "pick up": 2
    }
  },
  "move": {
    "precision": 0.8181818181818182,
    "recall": 0.84375,
    "f1-score": 0.8307692307692308,
    "support": 32,
    "confused_with": {
      "clarify": 3,
      "pick up": 2
    }
  },
  "find": {
    "precision": 0.85,
    "recall": 0.6071428571428571,
    "f1-score": 0.7083333333333333,
    "support": 28,
    "confused_with": {
      "clarify": 8,
      "none": 2
    }
  },
  "accuracy": 0.6919831223628692,
  "macro avg": {
    "precision": 0.7417843464362595,
    "recall": 0.6494995471559709,
    "f1-score": 0.6774409621877364,
    "support": 237
  },
  "weighted avg": {
    "precision": 0.7312809383401082,
    "recall": 0.6919831223628692,
    "f1-score": 0.6979397014004801,
    "support": 237
  }
}