{
  "affirmative": {
    "precision": 0.7368421052631579,
    "recall": 0.7368421052631579,
    "f1-score": 0.7368421052631579,
    "support": 19,
    "confused_with": {
      "none": 3,
      "deny": 1
    }
  },
  "clarify": {
    "precision": 0.72,
    "recall": 0.9,
    "f1-score": 0.7999999999999999,
    "support": 20,
    "confused_with": {
      "show": 1,
      "pick up": 1
    }
  },
  "greetings": {
    "precision": 0.6363636363636364,
    "recall": 0.875,
    "f1-score": 0.7368421052631579,
    "support": 8,
    "confused_with": {
      "affirmative": 1
    }
  },
  "pick up": {
    "precision": 0.8571428571428571,
    "recall": 0.6,
    "f1-score": 0.7058823529411764,
    "support": 20,
    "confused_with": {
      "find": 4,
      "show": 3
    }
  },
  "show": {
    "precision": 0.8,
    "recall": 1.0,
    "f1-score": 0.888888888888889,
    "support": 20,
    "confused_with": {}
  },
  "find": {
    "precision": 0.7619047619047619,
    "recall": 0.8,
    "f1-score": 0.7804878048780488,
    "support": 20,
    "confused_with": {
      "clarify": 2,
      "show": 1
    }
  },
  "deny": {
    "precision": 0.9411764705882353,
    "recall": 0.8421052631578947,
    "f1-score": 0.8888888888888888,
    "support": 19,
    "confused_with": {
      "none": 1,
      "clarify": 1
    }
  },
  "move": {
    "precision": 1.0,
    "recall": 1.0,
    "f1-score": 1.0,
    "support": 20,
    "confused_with": {}
  },
  "none": {
    "precision": 0.5,
    "recall": 0.38461538461538464,
    "f1-score": 0.4347826086956522,
    "support": 13,
    "confused_with": {
      "greetings": 4,
      "clarify": 2
    }
  },
  "bye": {
    "precision": 0.8333333333333334,
    "recall": 0.5555555555555556,
    "f1-score": 0.6666666666666667,
    "support": 9,
    "confused_with": {
      "affirmative": 2,
      "none": 1
    }
  },
  "accuracy": 0.7916666666666666,
  "macro avg": {
    "precision": 0.7786763164595981,
    "recall": 0.7694118308591993,
    "f1-score": 0.7639281421485637,
    "support": 168
  },
  "weighted avg": {
    "precision": 0.7961560381728449,
    "recall": 0.7916666666666666,
    "f1-score": 0.7853629796321425,
    "support": 168
  }
}