{
  "move": {
    "precision": 0.9523809523809523,
    "recall": 1.0,
    "f1-score": 0.975609756097561,
    "support": 20,
    "confused_with": {}
  },
  "none": {
    "precision": 0.9,
    "recall": 0.6923076923076923,
    "f1-score": 0.7826086956521738,
    "support": 13,
    "confused_with": {
      "affirmative": 2,
      "clarify": 1
    }
  },
  "show": {
    "precision": 0.8695652173913043,
    "recall": 1.0,
    "f1-score": 0.9302325581395349,
    "support": 20,
    "confused_with": {}
  },
  "pick up": {
    "precision": 0.9375,
    "recall": 0.75,
    "f1-score": 0.8333333333333334,
    "support": 20,
    "confused_with": {
      "show": 2,
      "clarify": 2
    }
  },
  "greetings": {
    "precision": 1.0,
    "recall": 0.75,
    "f1-score": 0.8571428571428571,
    "support": 8,
    "confused_with": {
      "pick up": 1,
      "deny": 1
    }
  },
  "affirmative": {
    "precision": 0.7391304347826086,
    "recall": 0.8947368421052632,
    "f1-score": 0.8095238095238095,
    "support": 19,
    "confused_with": {
      "none": 1,
      "clarify": 1
    }
  },
  "clarify": {
    "precision": 0.7307692307692307,
    "recall": 0.95,
    "f1-score": 0.8260869565217392,
    "support": 20,
    "confused_with": {
      "show": 1
    }
  },
  "bye": {
    "precision": 0.8333333333333334,
    "recall": 0.5555555555555556,
    "f1-score": 0.6666666666666667,
    "support": 9,
    "confused_with": {
      "affirmative": 3,
      "deny": 1
    }
  },
  "deny": {
    "precision": 0.8947368421052632,
    "recall": 0.8947368421052632,
    "f1-score": 0.8947368421052632,
    "support": 19,
    "confused_with": {
      "clarify": 1,
      "affirmative": 1
    }
  },
  "find": {
    "precision": 1.0,
    "recall": 0.9,
    "f1-score": 0.9473684210526316,
    "support": 20,
    "confused_with": {
      "clarify": 2
    }
  },
  "accuracy": 0.8690476190476191,
  "macro avg": {
    "precision": 0.8857416010762691,
    "recall": 0.8387336932073775,
    "f1-score": 0.8523309896235569,
    "support": 168
  },
  "weighted avg": {
    "precision": 0.8812368230458292,
    "recall": 0.8690476190476191,
    "f1-score": 0.8670513618123185,
    "support": 168
  }
}