{
  "object_color": {
    "precision": 0.9933774834437086,
    "recall": 0.9803921568627451,
    "f1-score": 0.9868421052631579,
    "support": 153
  },
  "placement": {
    "precision": 0.9506172839506173,
    "recall": 0.9506172839506173,
    "f1-score": 0.9506172839506173,
    "support": 81
  },
  "object_name": {
    "precision": 0.9647058823529412,
    "recall": 0.9318181818181818,
    "f1-score": 0.9479768786127167,
    "support": 264
  },
  "micro avg": {
    "precision": 0.971252566735113,
    "recall": 0.9497991967871486,
    "f1-score": 0.9604060913705583,
    "support": 498
  },
  "macro avg": {
    "precision": 0.969566883249089,
    "recall": 0.9542758742105146,
    "f1-score": 0.9618120892754973,
    "support": 498
  },
  "weighted avg": {
    "precision": 0.9712231082491243,
    "recall": 0.9497991967871486,
    "f1-score": 0.96034686357233,
    "support": 498
  }
}