{
  "object_color": {
    "precision": 1.0,
    "recall": 1.0,
    "f1-score": 1.0,
    "support": 98
  },
  "object_name": {
    "precision": 1.0,
    "recall": 0.9794520547945206,
    "f1-score": 0.9896193771626297,
    "support": 146
  },
  "placement": {
    "precision": 0.984375,
    "recall": 1.0,
    "f1-score": 0.9921259842519685,
    "support": 63
  },
  "undefined_object": {
    "precision": 1.0,
    "recall": 1.0,
    "f1-score": 1.0,
    "support": 11
  },
  "micro avg": {
    "precision": 0.9968354430379747,
    "recall": 0.9905660377358491,
    "f1-score": 0.9936908517350158,
    "support": 318
  },
  "macro avg": {
    "precision": 0.99609375,
    "recall": 0.9948630136986302,
    "f1-score": 0.9954363403536496,
    "support": 318
  },
  "weighted avg": {
    "precision": 0.9969044811320755,
    "recall": 0.9905660377358491,
    "f1-score": 0.993674107149742,
    "support": 318
  }
}