{
  "move": {
    "precision": 1.0,
    "recall": 0.9,
    "f1-score": 0.9473684210526316,
    "support": 20,
    "confused_with": {
      "pick up": 2
    }
  },
  "none": {
    "precision": 0.8,
    "recall": 0.6153846153846154,
    "f1-score": 0.6956521739130435,
    "support": 13,
    "confused_with": {
      "greetings": 3,
      "deny": 1
    }
  },
  "show": {
    "precision": 1.0,
    "recall": 1.0,
    "f1-score": 1.0,
    "support": 20,
    "confused_with": {}
  },
  "pick up": {
    "precision": 0.782608695652174,
    "recall": 0.9,
    "f1-score": 0.8372093023255814,
    "support": 20,
    "confused_with": {
      "find": 1,
      "deny": 1
    }
  },
  "greetings": {
    "precision": 0.6363636363636364,
    "recall": 0.875,
    "f1-score": 0.7368421052631579,
    "support": 8,
    "confused_with": {
      "none": 1
    }
  },
  "affirmative": {
    "precision": 0.8636363636363636,
    "recall": 1.0,
    "f1-score": 0.9268292682926829,
    "support": 19,
    "confused_with": {}
  },
  "clarify": {
    "precision": 1.0,
    "recall": 0.9,
    "f1-score": 0.9473684210526316,
    "support": 20,
    "confused_with": {
      "find": 1,
      "affirmative": 1
    }
  },
  "bye": {
    "precision": 1.0,
    "recall": 0.5555555555555556,
    "f1-score": 0.7142857142857143,
    "support": 9,
    "confused_with": {
      "deny": 2,
      "greetings": 1
    }
  },
  "deny": {
    "precision": 0.8181818181818182,
    "recall": 0.9473684210526315,
    "f1-score": 0.8780487804878049,
    "support": 19,
    "confused_with": {
      "none": 1
    }
  },
  "find": {
    "precision": 0.8947368421052632,
    "recall": 0.85,
    "f1-score": 0.8717948717948718,
    "support": 20,
    "confused_with": {
      "pick up": 3
    }
  },
  "accuracy": 0.8809523809523809,
  "macro avg": {
    "precision": 0.8795527355939254,
    "recall": 0.8543308591992803,
    "f1-score": 0.855539905846812,
    "support": 168
  },
  "weighted avg": {
    "precision": 0.8928116982178768,
    "recall": 0.8809523809523809,
    "f1-score": 0.8793707725172014,
    "support": 168
  }
}