{
  "undefined_object": {
    "precision": 0.0,
    "recall": 0.0,
    "f1-score": 0.0,
    "support": 15
  },
  "object_name": {
    "precision": 0.9629629629629629,
    "recall": 0.32098765432098764,
    "f1-score": 0.48148148148148145,
    "support": 81
  },
  "placement": {
    "precision": 1.0,
    "recall": 0.7088607594936709,
    "f1-score": 0.8296296296296296,
    "support": 79
  },
  "object_color": {
    "precision": 1.0,
    "recall": 0.313953488372093,
    "f1-score": 0.47787610619469023,
    "support": 86
  },
  "micro avg": {
    "precision": 0.990909090909091,
    "recall": 0.41762452107279696,
    "f1-score": 0.587601078167116,
    "support": 261
  },
  "macro avg": {
    "precision": 0.7407407407407407,
    "recall": 0.3359504755466879,
    "f1-score": 0.44724680432645036,
    "support": 261
  },
  "weighted avg": {
    "precision": 0.9310344827586207,
    "recall": 0.41762452107279696,
    "f1-score": 0.5580003290171804,
    "support": 261
  }
}