{
  "move": {
    "precision": 1.0,
    "recall": 0.05,
    "f1-score": 0.09523809523809523,
    "support": 20,
    "confused_with": {
      "affirmative": 18,
      "pick up": 1
    }
  },
  "none": {
    "precision": 1.0,
    "recall": 0.15384615384615385,
    "f1-score": 0.2666666666666667,
    "support": 13,
    "confused_with": {
      "find": 5,
      "affirmative": 4,
      "pick up": 2
    }
  },
  "show": {
    "precision": 1.0,
    "recall": 0.3,
    "f1-score": 0.4615384615384615,
    "support": 20,
    "confused_with": {
      "affirmative": 12,
      "find": 1
    }
  },
  "pick up": {
    "precision": 0.041666666666666664,
    "recall": 0.05,
    "f1-score": 0.04545454545454545,
    "support": 20,
    "confused_with": {
      "affirmative": 19
    }
  },
  "greetings": {
    "precision": 1.0,
    "recall": 0.5,
    "f1-score": 0.6666666666666666,
    "support": 8,
    "confused_with": {
      "find": 3,
      "pick up": 1
    }
  },
  "affirmative": {
    "precision": 0.07317073170731707,
    "recall": 0.3157894736842105,
    "f1-score": 0.11881188118811879,
    "support": 19,
    "confused_with": {
      "find": 10,
      "pick up": 3
    }
  },
  "clarify": {
    "precision": 0.5,
    "recall": 0.05,
    "f1-score": 0.09090909090909091,
    "support": 20,
    "confused_with": {
      "affirmative": 9,
      "find": 6,
      "pick up": 4
    }
  },
  "bye": {
    "precision": 0.0,
    "recall": 0.0,
    "f1-score": 0.0,
    "support": 9,
    "confused_with": {
      "find": 6,
      "pick up": 3
    }
  },
  "deny": {
    "precision": 0.0,
    "recall": 0.0,
    "f1-score": 0.0,
    "support": 19,
    "confused_with": {
      "find": 14,
      "affirmative": 4,
      "pick up": 1
    }
  },
  "find": {
    "precision": 0.0425531914893617,
    "recall": 0.1,
    "f1-score": 0.05970149253731343,
    "support": 20,
    "confused_with": {
      "affirmative": 10,
      "pick up": 8
    }
  },
  "accuracy": 0.13690476190476192,
  "macro avg": {
    "precision": 0.4657390589863346,
    "recall": 0.15196356275303646,
    "f1-score": 0.18049869001989588,
    "support": 168
  },
  "weighted avg": {
    "precision": 0.4409204825330928,
    "recall": 0.13690476190476192,
    "f1-score": 0.15544202057216897,
    "support": 168
  }
}