{
  "affirmative": {
    "precision": 0.7142857142857143,
    "recall": 0.2631578947368421,
    "f1-score": 0.3846153846153846,
    "support": 19,
    "confused_with": {
      "find": 5,
      "deny": 3
    }
  },
  "clarify": {
    "precision": 0.07894736842105263,
    "recall": 0.15,
    "f1-score": 0.10344827586206896,
    "support": 20,
    "confused_with": {
      "find": 7,
      "pick up": 6,
      "move": 3
    }
  },
  "greetings": {
    "precision": 0.375,
    "recall": 0.375,
    "f1-score": 0.375,
    "support": 8,
    "confused_with": {
      "clarify": 3,
      "deny": 1
    }
  },
  "pick up": {
    "precision": 0.20512820512820512,
    "recall": 0.4,
    "f1-score": 0.27118644067796605,
    "support": 20,
    "confused_with": {
      "clarify": 5,
      "show": 3
    }
  },
  "show": {
    "precision": 0.4117647058823529,
    "recall": 0.35,
    "f1-score": 0.37837837837837834,
    "support": 20,
    "confused_with": {
      "pick up": 8,
      "move": 4
    }
  },
  "find": {
    "precision": 0.19047619047619047,
    "recall": 0.2,
    "f1-score": 0.1951219512195122,
    "support": 20,
    "confused_with": {
      "pick up": 7,
      "clarify": 4
    }
  },
  "deny": {
    "precision": 0.5,
    "recall": 0.3157894736842105,
    "f1-score": 0.3870967741935484,
    "support": 19,
    "confused_with": {
      "clarify": 10,
      "find": 3
    }
  },
  "move": {
    "precision": 0.1111111111111111,
    "recall": 0.1,
    "f1-score": 0.10526315789473685,
    "support": 20,
    "confused_with": {
      "pick up": 10,
      "show": 4
    }
  },
  "none": {
    "precision": 0.5,
    "recall": 0.23076923076923078,
    "f1-score": 0.3157894736842105,
    "support": 13,
    "confused_with": {
      "clarify": 7,
      "move": 1
    }
  },
  "bye": {
    "precision": 0.5,
    "recall": 0.1111111111111111,
    "f1-score": 0.1818181818181818,
    "support": 9,
    "confused_with": {
      "none": 2,
      "move": 2,
      "clarify": 2
    }
  },
  "accuracy": 0.25,
  "macro avg": {
    "precision": 0.35867132953046266,
    "recall": 0.24958277103013943,
    "f1-score": 0.26977180183439875,
    "support": 168
  },
  "weighted avg": {
    "precision": 0.3394046439988501,
    "recall": 0.25,
    "f1-score": 0.26471501126357944,
    "support": 168
  }
}