{
  "move": {
    "precision": 0.8,
    "recall": 0.8,
    "f1-score": 0.8000000000000002,
    "support": 20,
    "confused_with": {
      "find": 4
    }
  },
  "none": {
    "precision": 0.6666666666666666,
    "recall": 0.46153846153846156,
    "f1-score": 0.5454545454545455,
    "support": 13,
    "confused_with": {
      "deny": 2,
      "affirmative": 2
    }
  },
  "show": {
    "precision": 0.9090909090909091,
    "recall": 1.0,
    "f1-score": 0.9523809523809523,
    "support": 20,
    "confused_with": {}
  },
  "pick up": {
    "precision": 0.4,
    "recall": 0.3,
    "f1-score": 0.34285714285714286,
    "support": 20,
    "confused_with": {
      "find": 9,
      "move": 3
    }
  },
  "greetings": {
    "precision": 0.6666666666666666,
    "recall": 0.25,
    "f1-score": 0.36363636363636365,
    "support": 8,
    "confused_with": {
      "none": 2,
      "pick up": 1
    }
  },
  "affirmative": {
    "precision": 0.5,
    "recall": 0.47368421052631576,
    "f1-score": 0.4864864864864865,
    "support": 19,
    "confused_with": {
      "deny": 3,
      "find": 2
    }
  },
  "clarify": {
    "precision": 0.631578947368421,
    "recall": 0.6,
    "f1-score": 0.6153846153846154,
    "support": 20,
    "confused_with": {
      "find": 4,
      "show": 2
    }
  },
  "bye": {
    "precision": 0.6,
    "recall": 0.3333333333333333,
    "f1-score": 0.42857142857142855,
    "support": 9,
    "confused_with": {
      "affirmative": 3,
      "deny": 2
    }
  },
  "deny": {
    "precision": 0.6363636363636364,
    "recall": 0.7368421052631579,
    "f1-score": 0.6829268292682926,
    "support": 19,
    "confused_with": {
      "affirmative": 3,
      "move": 1
    }
  },
  "find": {
    "precision": 0.42857142857142855,
    "recall": 0.75,
    "f1-score": 0.5454545454545454,
    "support": 20,
    "confused_with": {
      "pick up": 4,
      "clarify": 1
    }
  },
  "accuracy": 0.6130952380952381,
  "macro avg": {
    "precision": 0.6238938254727728,
    "recall": 0.5705398110661267,
    "f1-score": 0.5763152909494373,
    "support": 168
  },
  "weighted avg": {
    "precision": 0.6212841356638349,
    "recall": 0.6130952380952381,
    "f1-score": 0.6023663153454093,
    "support": 168
  }
}