{
  "object_color": {
    "precision": 0.9361702127659575,
    "recall": 1.0,
    "f1-score": 0.967032967032967,
    "support": 88
  },
  "object_name": {
    "precision": 0.9230769230769231,
    "recall": 0.9767441860465116,
    "f1-score": 0.9491525423728814,
    "support": 86
  },
  "placement": {
    "precision": 0.8873239436619719,
    "recall": 1.0,
    "f1-score": 0.9402985074626865,
    "support": 63
  },
  "undefined_object": {
    "precision": 0.8461538461538461,
    "recall": 1.0,
    "f1-score": 0.9166666666666666,
    "support": 11
  },
  "micro avg": {
    "precision": 0.9144981412639405,
    "recall": 0.9919354838709677,
    "f1-score": 0.9516441005802708,
    "support": 248
  },
  "macro avg": {
    "precision": 0.8981812314146747,
    "recall": 0.9941860465116279,
    "f1-score": 0.9432876708838004,
    "support": 248
  },
  "weighted avg": {
    "precision": 0.9152286083323233,
    "recall": 0.9919354838709677,
    "f1-score": 0.9518070929292399,
    "support": 248
  }
}