{
  "move": {
    "precision": 1.0,
    "recall": 0.9,
    "f1-score": 0.9473684210526316,
    "support": 20,
    "confused_with": {
      "pick up": 1,
      "clarify": 1
    }
  },
  "none": {
    "precision": 0.6666666666666666,
    "recall": 0.6153846153846154,
    "f1-score": 0.64,
    "support": 13,
    "confused_with": {
      "greetings": 3,
      "bye": 1
    }
  },
  "show": {
    "precision": 1.0,
    "recall": 1.0,
    "f1-score": 1.0,
    "support": 20,
    "confused_with": {}
  },
  "pick up": {
    "precision": 0.8,
    "recall": 1.0,
    "f1-score": 0.888888888888889,
    "support": 20,
    "confused_with": {}
  },
  "greetings": {
    "precision": 0.5,
    "recall": 0.625,
    "f1-score": 0.5555555555555556,
    "support": 8,
    "confused_with": {
      "none": 3
    }
  },
  "affirmative": {
    "precision": 0.9,
    "recall": 0.9473684210526315,
    "f1-score": 0.9230769230769231,
    "support": 19,
    "confused_with": {
      "deny": 1
    }
  },
  "clarify": {
    "precision": 0.9411764705882353,
    "recall": 0.8,
    "f1-score": 0.8648648648648648,
    "support": 20,
    "confused_with": {
      "pick up": 2,
      "find": 2
    }
  },
  "bye": {
    "precision": 0.8333333333333334,
    "recall": 0.5555555555555556,
    "f1-score": 0.6666666666666667,
    "support": 9,
    "confused_with": {
      "greetings": 2,
      "pick up": 1
    }
  },
  "deny": {
    "precision": 0.9473684210526315,
    "recall": 0.9473684210526315,
    "f1-score": 0.9473684210526315,
    "support": 19,
    "confused_with": {
      "none": 1
    }
  },
  "find": {
    "precision": 0.9047619047619048,
    "recall": 0.95,
    "f1-score": 0.9268292682926829,
    "support": 20,
    "confused_with": {
      "pick up": 1
    }
  },
  "accuracy": 0.875,
  "macro avg": {
    "precision": 0.8493306796402772,
    "recall": 0.8340677013045434,
    "f1-score": 0.8360619009450845,
    "support": 168
  },
  "weighted avg": {
    "precision": 0.8820561557956514,
    "recall": 0.875,
    "f1-score": 0.8741781836005199,
    "support": 168
  }
}