{
  "object_color": {
    "precision": 0.9874213836477987,
    "recall": 0.98125,
    "f1-score": 0.9843260188087775,
    "support": 160
  },
  "placement": {
    "precision": 0.9634146341463414,
    "recall": 0.9753086419753086,
    "f1-score": 0.9693251533742332,
    "support": 81
  },
  "object_name": {
    "precision": 0.9575971731448764,
    "recall": 0.9508771929824561,
    "f1-score": 0.954225352112676,
    "support": 285
  },
  "micro avg": {
    "precision": 0.9675572519083969,
    "recall": 0.9638783269961977,
    "f1-score": 0.9657142857142857,
    "support": 526
  },
  "macro avg": {
    "precision": 0.9694777303130055,
    "recall": 0.9691452783192549,
    "f1-score": 0.9692921747652289,
    "support": 526
  },
  "weighted avg": {
    "precision": 0.96756502109466,
    "recall": 0.9638783269961977,
    "f1-score": 0.9657067030129847,
    "support": 526
  }
}