{
  "affirmative": {
    "precision": 1.0,
    "recall": 0.9523809523809523,
    "f1-score": 0.975609756097561,
    "support": 21,
    "confused_with": {
      "none": 1
    }
  },
  "none": {
    "precision": 0.8333333333333334,
    "recall": 0.6896551724137931,
    "f1-score": 0.7547169811320755,
    "support": 29,
    "confused_with": {
      "pick up": 3,
      "show": 2
    }
  },
  "deny": {
    "precision": 0.9696969696969697,
    "recall": 1.0,
    "f1-score": 0.9846153846153847,
    "support": 32,
    "confused_with": {}
  },
  "show": {
    "precision": 0.9607843137254902,
    "recall": 0.9245283018867925,
    "f1-score": 0.9423076923076923,
    "support": 53,
    "confused_with": {
      "none": 2,
      "move": 1
    }
  },
  "find": {
    "precision": 0.9444444444444444,
    "recall": 0.9714285714285714,
    "f1-score": 0.9577464788732395,
    "support": 35,
    "confused_with": {
      "pick up": 1
    }
  },
  "bye": {
    "precision": 1.0,
    "recall": 0.9090909090909091,
    "f1-score": 0.9523809523809523,
    "support": 11,
    "confused_with": {
      "none": 1
    }
  },
  "greetings": {
    "precision": 0.875,
    "recall": 1.0,
    "f1-score": 0.9333333333333333,
    "support": 14,
    "confused_with": {}
  },
  "move": {
    "precision": 0.8571428571428571,
    "recall": 0.972972972972973,
    "f1-score": 0.9113924050632912,
    "support": 37,
    "confused_with": {
      "pick up": 1
    }
  },
  "clarify": {
    "precision": 0.9090909090909091,
    "recall": 0.9090909090909091,
    "f1-score": 0.9090909090909091,
    "support": 33,
    "confused_with": {
      "pick up": 2,
      "find": 1
    }
  },
  "pick up": {
    "precision": 0.9263157894736842,
    "recall": 0.9263157894736842,
    "f1-score": 0.9263157894736842,
    "support": 95,
    "confused_with": {
      "move": 4,
      "find": 1
    }
  },
  "accuracy": 0.925,
  "macro avg": {
    "precision": 0.9275808616907687,
    "recall": 0.9255463578738583,
    "f1-score": 0.9247509682368122,
    "support": 360
  },
  "weighted avg": {
    "precision": 0.9253843877618387,
    "recall": 0.925,
    "f1-score": 0.9239169450601147,
    "support": 360
  }
}