{
  "object_color": {
    "precision": 0.9736842105263158,
    "recall": 0.9801324503311258,
    "f1-score": 0.976897689768977,
    "support": 151
  },
  "placement": {
    "precision": 0.9662921348314607,
    "recall": 0.945054945054945,
    "f1-score": 0.9555555555555557,
    "support": 91
  },
  "object_name": {
    "precision": 0.9392857142857143,
    "recall": 0.9776951672862454,
    "f1-score": 0.9581056466302369,
    "support": 269
  },
  "micro avg": {
    "precision": 0.9539347408829175,
    "recall": 0.9726027397260274,
    "f1-score": 0.9631782945736435,
    "support": 511
  },
  "macro avg": {
    "precision": 0.9597540198811636,
    "recall": 0.9676275208907721,
    "f1-score": 0.9635196306515899,
    "support": 511
  },
  "weighted avg": {
    "precision": 0.9542597988297334,
    "recall": 0.9726027397260274,
    "f1-score": 0.9632045511823969,
    "support": 511
  }
}