{
  "affirmative": {
    "precision": 0.875,
    "recall": 1.0,
    "f1-score": 0.9333333333333333,
    "support": 21,
    "confused_with": {}
  },
  "none": {
    "precision": 0.8947368421052632,
    "recall": 0.5862068965517241,
    "f1-score": 0.7083333333333333,
    "support": 29,
    "confused_with": {
      "pick up": 7,
      "deny": 3
    }
  },
  "deny": {
    "precision": 0.90625,
    "recall": 0.90625,
    "f1-score": 0.90625,
    "support": 32,
    "confused_with": {
      "none": 2,
      "greetings": 1
    }
  },
  "show": {
    "precision": 0.9607843137254902,
    "recall": 0.9245283018867925,
    "f1-score": 0.9423076923076923,
    "support": 53,
    "confused_with": {
      "move": 3,
      "pick up": 1
    }
  },
  "find": {
    "precision": 1.0,
    "recall": 0.9714285714285714,
    "f1-score": 0.9855072463768115,
    "support": 35,
    "confused_with": {
      "show": 1
    }
  },
  "bye": {
    "precision": 1.0,
    "recall": 0.9090909090909091,
    "f1-score": 0.9523809523809523,
    "support": 11,
    "confused_with": {
      "affirmative": 1
    }
  },
  "greetings": {
    "precision": 0.8666666666666667,
    "recall": 0.9285714285714286,
    "f1-score": 0.896551724137931,
    "support": 14,
    "confused_with": {
      "pick up": 1
    }
  },
  "move": {
    "precision": 0.7954545454545454,
    "recall": 0.9459459459459459,
    "f1-score": 0.8641975308641975,
    "support": 37,
    "confused_with": {
      "pick up": 2
    }
  },
  "clarify": {
    "precision": 0.8857142857142857,
    "recall": 0.9393939393939394,
    "f1-score": 0.9117647058823529,
    "support": 33,
    "confused_with": {
      "move": 1,
      "affirmative": 1
    }
  },
  "pick up": {
    "precision": 0.8854166666666666,
    "recall": 0.8947368421052632,
    "f1-score": 0.8900523560209423,
    "support": 95,
    "confused_with": {
      "move": 5,
      "clarify": 4
    }
  },
  "accuracy": 0.9,
  "macro avg": {
    "precision": 0.9070023320332918,
    "recall": 0.9006152834974575,
    "f1-score": 0.8990678874637545,
    "support": 360
  },
  "weighted avg": {
    "precision": 0.903200675904333,
    "recall": 0.9,
    "f1-score": 0.8978421120954633,
    "support": 360
  }
}