{
  "object_color": {
    "precision": 0.9867549668874173,
    "recall": 0.9933333333333333,
    "f1-score": 0.9900332225913622,
    "support": 150
  },
  "placement": {
    "precision": 1.0,
    "recall": 0.9204545454545454,
    "f1-score": 0.9585798816568047,
    "support": 88
  },
  "object_name": {
    "precision": 0.9621848739495799,
    "recall": 0.9423868312757202,
    "f1-score": 0.9521829521829522,
    "support": 243
  },
  "micro avg": {
    "precision": 0.9765957446808511,
    "recall": 0.9542619542619543,
    "f1-score": 0.9652996845425866,
    "support": 481
  },
  "macro avg": {
    "precision": 0.9829799469456657,
    "recall": 0.9520582366878663,
    "f1-score": 0.966932018810373,
    "support": 481
  },
  "weighted avg": {
    "precision": 0.9767654249539719,
    "recall": 0.9542619542619543,
    "f1-score": 0.9651569030248659,
    "support": 481
  }
}