{
  "affirmative": {
    "precision": 0.6129032258064516,
    "recall": 0.9047619047619048,
    "f1-score": 0.7307692307692307,
    "support": 21,
    "confused_with": {
      "pick up": 1,
      "none": 1
    }
  },
  "none": {
    "precision": 0.6111111111111112,
    "recall": 0.3793103448275862,
    "f1-score": 0.46808510638297873,
    "support": 29,
    "confused_with": {
      "affirmative": 8,
      "clarify": 7
    }
  },
  "deny": {
    "precision": 1.0,
    "recall": 0.75,
    "f1-score": 0.8571428571428571,
    "support": 32,
    "confused_with": {
      "clarify": 4,
      "greetings": 2
    }
  },
  "show": {
    "precision": 0.9772727272727273,
    "recall": 0.8113207547169812,
    "f1-score": 0.88659793814433,
    "support": 53,
    "confused_with": {
      "none": 4,
      "pick up": 2
    }
  },
  "find": {
    "precision": 0.9411764705882353,
    "recall": 0.9142857142857143,
    "f1-score": 0.9275362318840579,
    "support": 35,
    "confused_with": {
      "clarify": 3
    }
  },
  "bye": {
    "precision": 1.0,
    "recall": 0.8181818181818182,
    "f1-score": 0.9,
    "support": 11,
    "confused_with": {
      "none": 1,
      "clarify": 1
    }
  },
  "greetings": {
    "precision": 0.8,
    "recall": 0.8571428571428571,
    "f1-score": 0.8275862068965518,
    "support": 14,
    "confused_with": {
      "none": 1,
      "affirmative": 1
    }
  },
  "move": {
    "precision": 0.9166666666666666,
    "recall": 0.8918918918918919,
    "f1-score": 0.9041095890410958,
    "support": 37,
    "confused_with": {
      "pick up": 4
    }
  },
  "clarify": {
    "precision": 0.5660377358490566,
    "recall": 0.9090909090909091,
    "f1-score": 0.6976744186046512,
    "support": 33,
    "confused_with": {
      "show": 1,
      "pick up": 1
    }
  },
  "pick up": {
    "precision": 0.8854166666666666,
    "recall": 0.8947368421052632,
    "f1-score": 0.8900523560209423,
    "support": 95,
    "confused_with": {
      "clarify": 6,
      "move": 3
    }
  },
  "accuracy": 0.8277777777777777,
  "macro avg": {
    "precision": 0.8310584603960915,
    "recall": 0.8130723037004925,
    "f1-score": 0.8089553934886696,
    "support": 360
  },
  "weighted avg": {
    "precision": 0.8506675451756094,
    "recall": 0.8277777777777777,
    "f1-score": 0.8286642875678846,
    "support": 360
  }
}