{
  "undefined_object": {
    "precision": 1.0,
    "recall": 0.8235294117647058,
    "f1-score": 0.9032258064516129,
    "support": 17
  },
  "object_name": {
    "precision": 1.0,
    "recall": 1.0,
    "f1-score": 1.0,
    "support": 93
  },
  "placement": {
    "precision": 1.0,
    "recall": 1.0,
    "f1-score": 1.0,
    "support": 67
  },
  "object_color": {
    "precision": 1.0,
    "recall": 1.0,
    "f1-score": 1.0,
    "support": 93
  },
  "micro avg": {
    "precision": 1.0,
    "recall": 0.9888888888888889,
    "f1-score": 0.9944134078212291,
    "support": 270
  },
  "macro avg": {
    "precision": 1.0,
    "recall": 0.9558823529411764,
    "f1-score": 0.9758064516129032,
    "support": 270
  },
  "weighted avg": {
    "precision": 1.0,
    "recall": 0.9888888888888889,
    "f1-score": 0.9939068100358424,
    "support": 270
  }
}