{
  "affirmative": {
    "precision": 1.0,
    "recall": 0.9473684210526315,
    "f1-score": 0.972972972972973,
    "support": 19,
    "confused_with": {
      "deny": 1
    }
  },
  "clarify": {
    "precision": 0.9,
    "recall": 0.9,
    "f1-score": 0.9,
    "support": 20,
    "confused_with": {
      "show": 1,
      "find": 1
    }
  },
  "greetings": {
    "precision": 0.7272727272727273,
    "recall": 1.0,
    "f1-score": 0.8421052631578948,
    "support": 8,
    "confused_with": {}
  },
  "pick up": {
    "precision": 0.6153846153846154,
    "recall": 0.4,
    "f1-score": 0.4848484848484849,
    "support": 20,
    "confused_with": {
      "find": 7,
      "show": 3
    }
  },
  "show": {
    "precision": 0.782608695652174,
    "recall": 0.9,
    "f1-score": 0.8372093023255814,
    "support": 20,
    "confused_with": {
      "pick up": 1,
      "clarify": 1
    }
  },
  "find": {
    "precision": 0.6086956521739131,
    "recall": 0.7,
    "f1-score": 0.6511627906976744,
    "support": 20,
    "confused_with": {
      "pick up": 4,
      "show": 1
    }
  },
  "deny": {
    "precision": 0.9047619047619048,
    "recall": 1.0,
    "f1-score": 0.9500000000000001,
    "support": 19,
    "confused_with": {}
  },
  "move": {
    "precision": 0.8695652173913043,
    "recall": 1.0,
    "f1-score": 0.9302325581395349,
    "support": 20,
    "confused_with": {}
  },
  "none": {
    "precision": 1.0,
    "recall": 0.5384615384615384,
    "f1-score": 0.7000000000000001,
    "support": 13,
    "confused_with": {
      "greetings": 3,
      "find": 1
    }
  },
  "bye": {
    "precision": 0.8888888888888888,
    "recall": 0.8888888888888888,
    "f1-score": 0.8888888888888888,
    "support": 9,
    "confused_with": {
      "deny": 1
    }
  },
  "accuracy": 0.8214285714285714,
  "macro avg": {
    "precision": 0.8297177701525527,
    "recall": 0.827471884840306,
    "f1-score": 0.8157420261031033,
    "support": 168
  },
  "weighted avg": {
    "precision": 0.824605604885108,
    "recall": 0.8214285714285714,
    "f1-score": 0.8121570911427092,
    "support": 168
  }
}