{
  "object_color": {
    "precision": 0.9857142857142858,
    "recall": 0.9857142857142858,
    "f1-score": 0.9857142857142858,
    "support": 140
  },
  "placement": {
    "precision": 0.9130434782608695,
    "recall": 0.9333333333333333,
    "f1-score": 0.9230769230769231,
    "support": 90
  },
  "object_name": {
    "precision": 0.9494163424124513,
    "recall": 0.9644268774703557,
    "f1-score": 0.9568627450980391,
    "support": 253
  },
  "micro avg": {
    "precision": 0.9529652351738241,
    "recall": 0.9648033126293996,
    "f1-score": 0.9588477366255144,
    "support": 483
  },
  "macro avg": {
    "precision": 0.9493913687958688,
    "recall": 0.9611581655059916,
    "f1-score": 0.9552179846297494,
    "support": 483
  },
  "weighted avg": {
    "precision": 0.9531599330721084,
    "recall": 0.9648033126293996,
    "f1-score": 0.9589300157075094,
    "support": 483
  }
}