{
  "object_color": {
    "precision": 0.96875,
    "recall": 0.9748427672955975,
    "f1-score": 0.9717868338557993,
    "support": 159
  },
  "placement": {
    "precision": 0.9743589743589743,
    "recall": 0.8636363636363636,
    "f1-score": 0.9156626506024097,
    "support": 88
  },
  "object_name": {
    "precision": 0.9124087591240876,
    "recall": 0.8591065292096219,
    "f1-score": 0.8849557522123894,
    "support": 291
  },
  "micro avg": {
    "precision": 0.939453125,
    "recall": 0.8940520446096655,
    "f1-score": 0.9161904761904762,
    "support": 538
  },
  "macro avg": {
    "precision": 0.9518392444943541,
    "recall": 0.8991952200471944,
    "f1-score": 0.9241350788901995,
    "support": 538
  },
  "weighted avg": {
    "precision": 0.939192915703902,
    "recall": 0.8940520446096655,
    "f1-score": 0.9156404158548131,
    "support": 538
  }
}