{
  "placement": {
    "precision": 0.9210526315789473,
    "recall": 0.9459459459459459,
    "f1-score": 0.9333333333333332,
    "support": 74
  },
  "object_name": {
    "precision": 0.9861111111111112,
    "recall": 0.9342105263157895,
    "f1-score": 0.9594594594594595,
    "support": 152
  },
  "object_color": {
    "precision": 1.0,
    "recall": 0.963963963963964,
    "f1-score": 0.9816513761467891,
    "support": 111
  },
  "micro avg": {
    "precision": 0.9755351681957186,
    "recall": 0.9465875370919882,
    "f1-score": 0.960843373493976,
    "support": 337
  },
  "macro avg": {
    "precision": 0.9690545808966862,
    "recall": 0.9480401454085664,
    "f1-score": 0.958148056313194,
    "support": 337
  },
  "weighted avg": {
    "precision": 0.9763999514116647,
    "recall": 0.9465875370919882,
    "f1-score": 0.9610320690112703,
    "support": 337
  }
}