{
  "show": {
    "precision": 0.8461538461538461,
    "recall": 0.7096774193548387,
    "f1-score": 0.7719298245614036,
    "support": 31,
    "confused_with": {
      "pick up": 3,
      "find": 3
    }
  },
  "affirmative": {
    "precision": 0.9285714285714286,
    "recall": 0.6190476190476191,
    "f1-score": 0.742857142857143,
    "support": 21,
    "confused_with": {
      "deny": 4,
      "clarify": 3
    }
  },
  "none": {
    "precision": 0.6875,
    "recall": 0.6875,
    "f1-score": 0.6875,
    "support": 16,
    "confused_with": {
      "clarify": 3,
      "show": 1
    }
  },
  "bye": {
    "precision": 1.0,
    "recall": 0.6363636363636364,
    "f1-score": 0.7777777777777778,
    "support": 11,
    "confused_with": {
      "clarify": 2,
      "find": 1
    }
  },
  "pick up": {
    "precision": 0.813953488372093,
    "recall": 0.875,
    "f1-score": 0.8433734939759036,
    "support": 40,
    "confused_with": {
      "clarify": 3,
      "none": 1
    }
  },
  "deny": {
    "precision": 0.8260869565217391,
    "recall": 0.95,
    "f1-score": 0.8837209302325583,
    "support": 20,
    "confused_with": {
      "pick up": 1
    }
  },
  "clarify": {
    "precision": 0.6410256410256411,
    "recall": 0.8620689655172413,
    "f1-score": 0.7352941176470588,
    "support": 29,
    "confused_with": {
      "show": 2,
      "pick up": 1
    }
  },
  "greetings": {
    "precision": 0.875,
    "recall": 0.7777777777777778,
    "f1-score": 0.823529411764706,
    "support": 9,
    "confused_with": {
      "none": 2
    }
  },
  "move": {
    "precision": 0.9354838709677419,
    "recall": 0.90625,
    "f1-score": 0.9206349206349206,
    "support": 32,
    "confused_with": {
      "pick up": 3
    }
  },
  "find": {
    "precision": 0.8333333333333334,
    "recall": 0.8928571428571429,
    "f1-score": 0.8620689655172413,
    "support": 28,
    "confused_with": {
      "show": 1,
      "move": 1
    }
  },
  "accuracy": 0.8143459915611815,
  "macro avg": {
    "precision": 0.8387108564945823,
    "recall": 0.7916542560918256,
    "f1-score": 0.8048686584968714,
    "support": 237
  },
  "weighted avg": {
    "precision": 0.8293004586081537,
    "recall": 0.8143459915611815,
    "f1-score": 0.8136214392113656,
    "support": 237
  }
}