{
  "move": {
    "precision": 0.85,
    "recall": 0.85,
    "f1-score": 0.85,
    "support": 20,
    "confused_with": {
      "pick up": 1,
      "find": 1
    }
  },
  "none": {
    "precision": 0.5,
    "recall": 0.3076923076923077,
    "f1-score": 0.380952380952381,
    "support": 13,
    "confused_with": {
      "greetings": 5,
      "affirmative": 3
    }
  },
  "show": {
    "precision": 0.9090909090909091,
    "recall": 1.0,
    "f1-score": 0.9523809523809523,
    "support": 20,
    "confused_with": {}
  },
  "pick up": {
    "precision": 0.75,
    "recall": 0.75,
    "f1-score": 0.75,
    "support": 20,
    "confused_with": {
      "move": 2,
      "find": 2
    }
  },
  "greetings": {
    "precision": 0.5,
    "recall": 0.625,
    "f1-score": 0.5555555555555556,
    "support": 8,
    "confused_with": {
      "none": 2,
      "clarify": 1
    }
  },
  "affirmative": {
    "precision": 0.631578947368421,
    "recall": 0.631578947368421,
    "f1-score": 0.631578947368421,
    "support": 19,
    "confused_with": {
      "none": 2,
      "find": 2
    }
  },
  "clarify": {
    "precision": 0.8,
    "recall": 0.8,
    "f1-score": 0.8000000000000002,
    "support": 20,
    "confused_with": {
      "show": 2,
      "pick up": 1
    }
  },
  "bye": {
    "precision": 1.0,
    "recall": 0.5555555555555556,
    "f1-score": 0.7142857142857143,
    "support": 9,
    "confused_with": {
      "affirmative": 4
    }
  },
  "deny": {
    "precision": 0.8571428571428571,
    "recall": 0.9473684210526315,
    "f1-score": 0.9,
    "support": 19,
    "confused_with": {
      "move": 1
    }
  },
  "find": {
    "precision": 0.7391304347826086,
    "recall": 0.85,
    "f1-score": 0.7906976744186046,
    "support": 20,
    "confused_with": {
      "pick up": 3
    }
  },
  "accuracy": 0.7678571428571429,
  "macro avg": {
    "precision": 0.7536943148384795,
    "recall": 0.7317195231668915,
    "f1-score": 0.7325451224961629,
    "support": 168
  },
  "weighted avg": {
    "precision": 0.7663698878760992,
    "recall": 0.7678571428571429,
    "f1-score": 0.7606367223892141,
    "support": 168
  }
}