{
  "object_color": {
    "precision": 0.9775280898876404,
    "recall": 0.9886363636363636,
    "f1-score": 0.983050847457627,
    "support": 88
  },
  "object_name": {
    "precision": 0.9662921348314607,
    "recall": 1.0,
    "f1-score": 0.9828571428571428,
    "support": 86
  },
  "placement": {
    "precision": 0.984375,
    "recall": 1.0,
    "f1-score": 0.9921259842519685,
    "support": 63
  },
  "undefined_object": {
    "precision": 0.9166666666666666,
    "recall": 1.0,
    "f1-score": 0.9565217391304348,
    "support": 11
  },
  "micro avg": {
    "precision": 0.9724409448818898,
    "recall": 0.9959677419354839,
    "f1-score": 0.9840637450199202,
    "support": 248
  },
  "macro avg": {
    "precision": 0.9612154728464419,
    "recall": 0.9971590909090909,
    "f1-score": 0.9786389284242933,
    "support": 248
  },
  "weighted avg": {
    "precision": 0.9726715880602875,
    "recall": 0.9959677419354839,
    "f1-score": 0.9841123588721542,
    "support": 248
  }
}