{
  "object_color": {
    "precision": 0.9855072463768116,
    "recall": 0.9714285714285714,
    "f1-score": 0.9784172661870504,
    "support": 140
  },
  "placement": {
    "precision": 0.9130434782608695,
    "recall": 0.9333333333333333,
    "f1-score": 0.9230769230769231,
    "support": 90
  },
  "object_name": {
    "precision": 0.9455252918287937,
    "recall": 0.9604743083003953,
    "f1-score": 0.9529411764705883,
    "support": 253
  },
  "micro avg": {
    "precision": 0.9507186858316222,
    "recall": 0.9585921325051759,
    "f1-score": 0.954639175257732,
    "support": 483
  },
  "macro avg": {
    "precision": 0.9480253388221582,
    "recall": 0.9550787376874332,
    "f1-score": 0.951478455244854,
    "support": 483
  },
  "weighted avg": {
    "precision": 0.9510617523165976,
    "recall": 0.9585921325051759,
    "f1-score": 0.9547607825883415,
    "support": 483
  }
}