{
  "undefined_object": {
    "precision": 1.0,
    "recall": 1.0,
    "f1-score": 1.0,
    "support": 12
  },
  "object_name": {
    "precision": 1.0,
    "recall": 1.0,
    "f1-score": 1.0,
    "support": 88
  },
  "placement": {
    "precision": 0.9852941176470589,
    "recall": 1.0,
    "f1-score": 0.9925925925925926,
    "support": 67
  },
  "object_color": {
    "precision": 1.0,
    "recall": 1.0,
    "f1-score": 1.0,
    "support": 87
  },
  "micro avg": {
    "precision": 0.996078431372549,
    "recall": 1.0,
    "f1-score": 0.9980353634577603,
    "support": 254
  },
  "macro avg": {
    "precision": 0.9963235294117647,
    "recall": 1.0,
    "f1-score": 0.9981481481481481,
    "support": 254
  },
  "weighted avg": {
    "precision": 0.996120889300602,
    "recall": 1.0,
    "f1-score": 0.9980460775736366,
    "support": 254
  }
}