{
  "affirmative": {
    "precision": 0.8823529411764706,
    "recall": 0.7894736842105263,
    "f1-score": 0.8333333333333333,
    "support": 19,
    "confused_with": {
      "clarify": 2,
      "none": 1
    }
  },
  "clarify": {
    "precision": 0.6666666666666666,
    "recall": 1.0,
    "f1-score": 0.8,
    "support": 20,
    "confused_with": {}
  },
  "greetings": {
    "precision": 0.75,
    "recall": 0.75,
    "f1-score": 0.75,
    "support": 8,
    "confused_with": {
      "none": 1,
      "clarify": 1
    }
  },
  "pick up": {
    "precision": 1.0,
    "recall": 0.75,
    "f1-score": 0.8571428571428571,
    "support": 20,
    "confused_with": {
      "find": 3,
      "show": 1
    }
  },
  "show": {
    "precision": 0.9523809523809523,
    "recall": 1.0,
    "f1-score": 0.975609756097561,
    "support": 20,
    "confused_with": {}
  },
  "find": {
    "precision": 0.8636363636363636,
    "recall": 0.95,
    "f1-score": 0.9047619047619048,
    "support": 20,
    "confused_with": {
      "clarify": 1
    }
  },
  "deny": {
    "precision": 0.9444444444444444,
    "recall": 0.8947368421052632,
    "f1-score": 0.918918918918919,
    "support": 19,
    "confused_with": {
      "none": 1,
      "clarify": 1
    }
  },
  "move": {
    "precision": 1.0,
    "recall": 0.95,
    "f1-score": 0.9743589743589743,
    "support": 20,
    "confused_with": {
      "clarify": 1
    }
  },
  "none": {
    "precision": 0.6363636363636364,
    "recall": 0.5384615384615384,
    "f1-score": 0.5833333333333334,
    "support": 13,
    "confused_with": {
      "greetings": 2,
      "clarify": 2
    }
  },
  "bye": {
    "precision": 0.7142857142857143,
    "recall": 0.5555555555555556,
    "f1-score": 0.6250000000000001,
    "support": 9,
    "confused_with": {
      "affirmative": 2,
      "none": 1
    }
  },
  "accuracy": 0.8511904761904762,
  "macro avg": {
    "precision": 0.8410130718954247,
    "recall": 0.8178227620332883,
    "f1-score": 0.8222459077946883,
    "support": 168
  },
  "weighted avg": {
    "precision": 0.8634769564391414,
    "recall": 0.8511904761904762,
    "f1-score": 0.8496344998413813,
    "support": 168
  }
}