{
  "move": {
    "precision": 1.0,
    "recall": 1.0,
    "f1-score": 1.0,
    "support": 20,
    "confused_with": {}
  },
  "none": {
    "precision": 0.5714285714285714,
    "recall": 0.6153846153846154,
    "f1-score": 0.5925925925925927,
    "support": 13,
    "confused_with": {
      "greetings": 2,
      "clarify": 2
    }
  },
  "show": {
    "precision": 0.9090909090909091,
    "recall": 1.0,
    "f1-score": 0.9523809523809523,
    "support": 20,
    "confused_with": {}
  },
  "pick up": {
    "precision": 1.0,
    "recall": 0.7,
    "f1-score": 0.8235294117647058,
    "support": 20,
    "confused_with": {
      "clarify": 5,
      "find": 1
    }
  },
  "greetings": {
    "precision": 0.6666666666666666,
    "recall": 0.75,
    "f1-score": 0.7058823529411765,
    "support": 8,
    "confused_with": {
      "none": 2
    }
  },
  "affirmative": {
    "precision": 0.9230769230769231,
    "recall": 0.631578947368421,
    "f1-score": 0.7499999999999999,
    "support": 19,
    "confused_with": {
      "none": 3,
      "greetings": 1
    }
  },
  "clarify": {
    "precision": 0.5806451612903226,
    "recall": 0.9,
    "f1-score": 0.7058823529411764,
    "support": 20,
    "confused_with": {
      "show": 2
    }
  },
  "bye": {
    "precision": 0.875,
    "recall": 0.7777777777777778,
    "f1-score": 0.823529411764706,
    "support": 9,
    "confused_with": {
      "clarify": 1,
      "affirmative": 1
    }
  },
  "deny": {
    "precision": 0.9411764705882353,
    "recall": 0.8421052631578947,
    "f1-score": 0.8888888888888888,
    "support": 19,
    "confused_with": {
      "clarify": 2,
      "none": 1
    }
  },
  "find": {
    "precision": 0.9,
    "recall": 0.9,
    "f1-score": 0.9,
    "support": 20,
    "confused_with": {
      "clarify": 2
    }
  },
  "accuracy": 0.8273809523809523,
  "macro avg": {
    "precision": 0.8367084702141628,
    "recall": 0.8116846603688709,
    "f1-score": 0.8142685963274199,
    "support": 168
  },
  "weighted avg": {
    "precision": 0.8562645276736154,
    "recall": 0.8273809523809523,
    "f1-score": 0.8305789908556014,
    "support": 168
  }
}