{
  "affirmative": {
    "precision": 0.8571428571428571,
    "recall": 0.9473684210526315,
    "f1-score": 0.9,
    "support": 19,
    "confused_with": {
      "none": 1
    }
  },
  "clarify": {
    "precision": 0.7916666666666666,
    "recall": 0.95,
    "f1-score": 0.8636363636363635,
    "support": 20,
    "confused_with": {
      "none": 1
    }
  },
  "greetings": {
    "precision": 0.7,
    "recall": 0.875,
    "f1-score": 0.7777777777777777,
    "support": 8,
    "confused_with": {
      "none": 1
    }
  },
  "pick up": {
    "precision": 1.0,
    "recall": 1.0,
    "f1-score": 1.0,
    "support": 20,
    "confused_with": {}
  },
  "show": {
    "precision": 1.0,
    "recall": 1.0,
    "f1-score": 1.0,
    "support": 20,
    "confused_with": {}
  },
  "find": {
    "precision": 1.0,
    "recall": 0.9,
    "f1-score": 0.9473684210526316,
    "support": 20,
    "confused_with": {
      "clarify": 2
    }
  },
  "deny": {
    "precision": 1.0,
    "recall": 0.8421052631578947,
    "f1-score": 0.9142857142857143,
    "support": 19,
    "confused_with": {
      "none": 2,
      "affirmative": 1
    }
  },
  "move": {
    "precision": 1.0,
    "recall": 1.0,
    "f1-score": 1.0,
    "support": 20,
    "confused_with": {}
  },
  "none": {
    "precision": 0.5714285714285714,
    "recall": 0.6153846153846154,
    "f1-score": 0.5925925925925927,
    "support": 13,
    "confused_with": {
      "greetings": 3,
      "clarify": 2
    }
  },
  "bye": {
    "precision": 1.0,
    "recall": 0.5555555555555556,
    "f1-score": 0.7142857142857143,
    "support": 9,
    "confused_with": {
      "affirmative": 2,
      "none": 1
    }
  },
  "accuracy": 0.8988095238095238,
  "macro avg": {
    "precision": 0.8920238095238094,
    "recall": 0.8685413855150698,
    "f1-score": 0.8709946583630794,
    "support": 168
  },
  "weighted avg": {
    "precision": 0.9115929705215419,
    "recall": 0.8988095238095238,
    "f1-score": 0.8990834620220584,
    "support": 168
  }
}