{
  "move": {
    "precision": 0.9523809523809523,
    "recall": 1.0,
    "f1-score": 0.975609756097561,
    "support": 20,
    "confused_with": {}
  },
  "none": {
    "precision": 0.7,
    "recall": 0.5384615384615384,
    "f1-score": 0.608695652173913,
    "support": 13,
    "confused_with": {
      "clarify": 3,
      "deny": 2
    }
  },
  "show": {
    "precision": 0.9523809523809523,
    "recall": 1.0,
    "f1-score": 0.975609756097561,
    "support": 20,
    "confused_with": {}
  },
  "pick up": {
    "precision": 1.0,
    "recall": 0.9,
    "f1-score": 0.9473684210526316,
    "support": 20,
    "confused_with": {
      "move": 1,
      "clarify": 1
    }
  },
  "greetings": {
    "precision": 0.75,
    "recall": 0.75,
    "f1-score": 0.75,
    "support": 8,
    "confused_with": {
      "none": 2
    }
  },
  "affirmative": {
    "precision": 0.8823529411764706,
    "recall": 0.7894736842105263,
    "f1-score": 0.8333333333333333,
    "support": 19,
    "confused_with": {
      "none": 1,
      "greetings": 1
    }
  },
  "clarify": {
    "precision": 0.6785714285714286,
    "recall": 0.95,
    "f1-score": 0.7916666666666667,
    "support": 20,
    "confused_with": {
      "show": 1
    }
  },
  "bye": {
    "precision": 0.875,
    "recall": 0.7777777777777778,
    "f1-score": 0.823529411764706,
    "support": 9,
    "confused_with": {
      "clarify": 1,
      "affirmative": 1
    }
  },
  "deny": {
    "precision": 0.8823529411764706,
    "recall": 0.7894736842105263,
    "f1-score": 0.8333333333333333,
    "support": 19,
    "confused_with": {
      "clarify": 3,
      "affirmative": 1
    }
  },
  "find": {
    "precision": 1.0,
    "recall": 1.0,
    "f1-score": 1.0,
    "support": 20,
    "confused_with": {}
  },
  "accuracy": 0.875,
  "macro avg": {
    "precision": 0.8673039215686273,
    "recall": 0.8495186684660367,
    "f1-score": 0.8539146330519707,
    "support": 168
  },
  "weighted avg": {
    "precision": 0.8819707049486463,
    "recall": 0.875,
    "f1-score": 0.8737890883874897,
    "support": 168
  }
}