{
  "move": {
    "precision": 0.8181818181818182,
    "recall": 0.9,
    "f1-score": 0.8571428571428572,
    "support": 20,
    "confused_with": {
      "pick up": 1,
      "find": 1
    }
  },
  "none": {
    "precision": 0.6428571428571429,
    "recall": 0.6923076923076923,
    "f1-score": 0.6666666666666666,
    "support": 13,
    "confused_with": {
      "greetings": 3,
      "deny": 1
    }
  },
  "show": {
    "precision": 0.9473684210526315,
    "recall": 0.9,
    "f1-score": 0.9230769230769231,
    "support": 20,
    "confused_with": {
      "clarify": 2
    }
  },
  "pick up": {
    "precision": 0.7083333333333334,
    "recall": 0.85,
    "f1-score": 0.7727272727272727,
    "support": 20,
    "confused_with": {
      "move": 2,
      "clarify": 1
    }
  },
  "greetings": {
    "precision": 0.5,
    "recall": 0.625,
    "f1-score": 0.5555555555555556,
    "support": 8,
    "confused_with": {
      "none": 2,
      "pick up": 1
    }
  },
  "affirmative": {
    "precision": 0.9166666666666666,
    "recall": 0.5789473684210527,
    "f1-score": 0.7096774193548387,
    "support": 19,
    "confused_with": {
      "deny": 3,
      "none": 2
    }
  },
  "clarify": {
    "precision": 0.8636363636363636,
    "recall": 0.95,
    "f1-score": 0.9047619047619048,
    "support": 20,
    "confused_with": {
      "pick up": 1
    }
  },
  "bye": {
    "precision": 1.0,
    "recall": 0.5555555555555556,
    "f1-score": 0.7142857142857143,
    "support": 9,
    "confused_with": {
      "none": 1,
      "move": 1
    }
  },
  "deny": {
    "precision": 0.8181818181818182,
    "recall": 0.9473684210526315,
    "f1-score": 0.8780487804878049,
    "support": 19,
    "confused_with": {
      "move": 1
    }
  },
  "find": {
    "precision": 0.8888888888888888,
    "recall": 0.8,
    "f1-score": 0.8421052631578948,
    "support": 20,
    "confused_with": {
      "pick up": 4
    }
  },
  "accuracy": 0.8095238095238095,
  "macro avg": {
    "precision": 0.8104114452798663,
    "recall": 0.7799179037336932,
    "f1-score": 0.7824048357217432,
    "support": 168
  },
  "weighted avg": {
    "precision": 0.8264728605424094,
    "recall": 0.8095238095238095,
    "f1-score": 0.8077545521073204,
    "support": 168
  }
}