{
  "object_name": {
    "precision": 0.9789473684210527,
    "recall": 0.9346733668341709,
    "f1-score": 0.9562982005141388,
    "support": 199
  },
  "object_color": {
    "precision": 0.9727272727272728,
    "recall": 1.0,
    "f1-score": 0.9861751152073733,
    "support": 107
  },
  "placement": {
    "precision": 0.9857142857142858,
    "recall": 0.8961038961038961,
    "f1-score": 0.9387755102040817,
    "support": 77
  },
  "micro avg": {
    "precision": 0.9783783783783784,
    "recall": 0.9451697127937336,
    "f1-score": 0.9614873837981408,
    "support": 383
  },
  "macro avg": {
    "precision": 0.979129642287537,
    "recall": 0.9435924209793557,
    "f1-score": 0.9604162753085314,
    "support": 383
  },
  "weighted avg": {
    "precision": 0.9785700900720827,
    "recall": 0.9451697127937336,
    "f1-score": 0.9611221762799396,
    "support": 383
  }
}