{
  "move": {
    "precision": 0.8181818181818182,
    "recall": 0.9,
    "f1-score": 0.8571428571428572,
    "support": 20,
    "confused_with": {
      "pick up": 2
    }
  },
  "none": {
    "precision": 0.6923076923076923,
    "recall": 0.6923076923076923,
    "f1-score": 0.6923076923076923,
    "support": 13,
    "confused_with": {
      "deny": 3,
      "clarify": 1
    }
  },
  "show": {
    "precision": 0.95,
    "recall": 0.95,
    "f1-score": 0.9500000000000001,
    "support": 20,
    "confused_with": {
      "none": 1
    }
  },
  "pick up": {
    "precision": 0.7058823529411765,
    "recall": 0.6,
    "f1-score": 0.6486486486486486,
    "support": 20,
    "confused_with": {
      "find": 4,
      "clarify": 3
    }
  },
  "greetings": {
    "precision": 0.75,
    "recall": 0.75,
    "f1-score": 0.75,
    "support": 8,
    "confused_with": {
      "none": 1,
      "bye": 1
    }
  },
  "affirmative": {
    "precision": 0.8125,
    "recall": 0.6842105263157895,
    "f1-score": 0.742857142857143,
    "support": 19,
    "confused_with": {
      "none": 2,
      "deny": 2
    }
  },
  "clarify": {
    "precision": 0.7083333333333334,
    "recall": 0.85,
    "f1-score": 0.7727272727272727,
    "support": 20,
    "confused_with": {
      "move": 2,
      "show": 1
    }
  },
  "bye": {
    "precision": 0.8333333333333334,
    "recall": 0.5555555555555556,
    "f1-score": 0.6666666666666667,
    "support": 9,
    "confused_with": {
      "affirmative": 2,
      "greetings": 1
    }
  },
  "deny": {
    "precision": 0.782608695652174,
    "recall": 0.9473684210526315,
    "f1-score": 0.8571428571428571,
    "support": 19,
    "confused_with": {
      "affirmative": 1
    }
  },
  "find": {
    "precision": 0.7368421052631579,
    "recall": 0.7,
    "f1-score": 0.717948717948718,
    "support": 20,
    "confused_with": {
      "pick up": 3,
      "clarify": 2
    }
  },
  "accuracy": 0.7797619047619048,
  "macro avg": {
    "precision": 0.7789989331012686,
    "recall": 0.7629442195231669,
    "f1-score": 0.7655441855441856,
    "support": 168
  },
  "weighted avg": {
    "precision": 0.7809039131653632,
    "recall": 0.7797619047619048,
    "f1-score": 0.7757699400556545,
    "support": 168
  }
}