{
  "move": {
    "precision": 0.7619047619047619,
    "recall": 0.8,
    "f1-score": 0.7804878048780488,
    "support": 20,
    "confused_with": {
      "find": 3,
      "pick up": 1
    }
  },
  "none": {
    "precision": 0.2222222222222222,
    "recall": 0.15384615384615385,
    "f1-score": 0.18181818181818185,
    "support": 13,
    "confused_with": {
      "greetings": 4,
      "find": 3
    }
  },
  "show": {
    "precision": 0.9090909090909091,
    "recall": 1.0,
    "f1-score": 0.9523809523809523,
    "support": 20,
    "confused_with": {}
  },
  "pick up": {
    "precision": 0.5384615384615384,
    "recall": 0.7,
    "f1-score": 0.608695652173913,
    "support": 20,
    "confused_with": {
      "move": 3,
      "find": 2
    }
  },
  "greetings": {
    "precision": 0.5454545454545454,
    "recall": 0.75,
    "f1-score": 0.631578947368421,
    "support": 8,
    "confused_with": {
      "pick up": 1,
      "none": 1
    }
  },
  "affirmative": {
    "precision": 0.5882352941176471,
    "recall": 0.5263157894736842,
    "f1-score": 0.5555555555555555,
    "support": 19,
    "confused_with": {
      "pick up": 2,
      "clarify": 2
    }
  },
  "clarify": {
    "precision": 0.8,
    "recall": 0.8,
    "f1-score": 0.8000000000000002,
    "support": 20,
    "confused_with": {
      "find": 3,
      "pick up": 1
    }
  },
  "bye": {
    "precision": 0.6,
    "recall": 0.3333333333333333,
    "f1-score": 0.42857142857142855,
    "support": 9,
    "confused_with": {
      "affirmative": 3,
      "none": 2
    }
  },
  "deny": {
    "precision": 0.8333333333333334,
    "recall": 0.5263157894736842,
    "f1-score": 0.6451612903225806,
    "support": 19,
    "confused_with": {
      "none": 3,
      "move": 2
    }
  },
  "find": {
    "precision": 0.52,
    "recall": 0.65,
    "f1-score": 0.5777777777777778,
    "support": 20,
    "confused_with": {
      "pick up": 7
    }
  },
  "accuracy": 0.6547619047619048,
  "macro avg": {
    "precision": 0.6318702604584958,
    "recall": 0.6239811066126856,
    "f1-score": 0.6162027590846859,
    "support": 168
  },
  "weighted avg": {
    "precision": 0.6562587700192741,
    "recall": 0.6547619047619048,
    "f1-score": 0.645677825093006,
    "support": 168
  }
}