{
  "object_color": {
    "precision": 0.9565217391304348,
    "recall": 1.0,
    "f1-score": 0.9777777777777777,
    "support": 88
  },
  "object_name": {
    "precision": 0.9239130434782609,
    "recall": 0.9883720930232558,
    "f1-score": 0.9550561797752809,
    "support": 86
  },
  "placement": {
    "precision": 0.9,
    "recall": 1.0,
    "f1-score": 0.9473684210526316,
    "support": 63
  },
  "undefined_object": {
    "precision": 0.8461538461538461,
    "recall": 1.0,
    "f1-score": 0.9166666666666666,
    "support": 11
  },
  "micro avg": {
    "precision": 0.9250936329588015,
    "recall": 0.9959677419354839,
    "f1-score": 0.9592233009708739,
    "support": 248
  },
  "macro avg": {
    "precision": 0.9066471571906355,
    "recall": 0.997093023255814,
    "f1-score": 0.9492172613180893,
    "support": 248
  },
  "weighted avg": {
    "precision": 0.925960189880246,
    "recall": 0.9959677419354839,
    "f1-score": 0.9594629829224506,
    "support": 248
  }
}