{
  "undefined_object": {
    "precision": 0.0,
    "recall": 0.0,
    "f1-score": 0.0,
    "support": 17
  },
  "object_name": {
    "precision": 0.9191919191919192,
    "recall": 0.978494623655914,
    "f1-score": 0.9479166666666667,
    "support": 93
  },
  "placement": {
    "precision": 0.9178082191780822,
    "recall": 1.0,
    "f1-score": 0.9571428571428571,
    "support": 67
  },
  "object_color": {
    "precision": 0.9753086419753086,
    "recall": 0.8494623655913979,
    "f1-score": 0.9080459770114943,
    "support": 93
  },
  "micro avg": {
    "precision": 0.9367588932806324,
    "recall": 0.8777777777777778,
    "f1-score": 0.9063097514340345,
    "support": 270
  },
  "macro avg": {
    "precision": 0.7030771950863275,
    "recall": 0.706989247311828,
    "f1-score": 0.7032763752052545,
    "support": 270
  },
  "weighted avg": {
    "precision": 0.8803026032351248,
    "recall": 0.8777777777777778,
    "f1-score": 0.876789249224594,
    "support": 270
  }
}