{
  "affirmative": {
    "precision": 0.5882352941176471,
    "recall": 0.5263157894736842,
    "f1-score": 0.5555555555555555,
    "support": 19,
    "confused_with": {
      "none": 7,
      "show": 1
    }
  },
  "clarify": {
    "precision": 0.25,
    "recall": 0.05,
    "f1-score": 0.08333333333333334,
    "support": 20,
    "confused_with": {
      "move": 7,
      "find": 6,
      "pick up": 4
    }
  },
  "greetings": {
    "precision": 1.0,
    "recall": 0.625,
    "f1-score": 0.7692307692307693,
    "support": 8,
    "confused_with": {
      "none": 1,
      "clarify": 1
    }
  },
  "pick up": {
    "precision": 0.2857142857142857,
    "recall": 0.2,
    "f1-score": 0.23529411764705882,
    "support": 20,
    "confused_with": {
      "move": 6,
      "find": 6
    }
  },
  "show": {
    "precision": 0.3181818181818182,
    "recall": 0.35,
    "f1-score": 0.3333333333333333,
    "support": 20,
    "confused_with": {
      "move": 5,
      "find": 4
    }
  },
  "find": {
    "precision": 0.3448275862068966,
    "recall": 0.5,
    "f1-score": 0.40816326530612246,
    "support": 20,
    "confused_with": {
      "move": 7,
      "show": 2
    }
  },
  "deny": {
    "precision": 0.7692307692307693,
    "recall": 0.5263157894736842,
    "f1-score": 0.625,
    "support": 19,
    "confused_with": {
      "bye": 3,
      "affirmative": 3
    }
  },
  "move": {
    "precision": 0.4318181818181818,
    "recall": 0.95,
    "f1-score": 0.59375,
    "support": 20,
    "confused_with": {
      "show": 1
    }
  },
  "none": {
    "precision": 0.25,
    "recall": 0.23076923076923078,
    "f1-score": 0.24000000000000002,
    "support": 13,
    "confused_with": {
      "show": 4,
      "pick up": 2
    }
  },
  "bye": {
    "precision": 0.375,
    "recall": 0.3333333333333333,
    "f1-score": 0.35294117647058826,
    "support": 9,
    "confused_with": {
      "deny": 3,
      "affirmative": 2
    }
  },
  "accuracy": 0.42857142857142855,
  "macro avg": {
    "precision": 0.46130079352695985,
    "recall": 0.4291734143049933,
    "f1-score": 0.41966015508767607,
    "support": 168
  },
  "weighted avg": {
    "precision": 0.4346886466788307,
    "recall": 0.42857142857142855,
    "f1-score": 0.40451400767877355,
    "support": 168
  }
}