{
  "show": {
    "precision": 0.9333333333333333,
    "recall": 0.9032258064516129,
    "f1-score": 0.9180327868852459,
    "support": 31,
    "confused_with": {
      "pick up": 3
    }
  },
  "affirmative": {
    "precision": 0.9523809523809523,
    "recall": 0.9523809523809523,
    "f1-score": 0.9523809523809523,
    "support": 21,
    "confused_with": {
      "none": 1
    }
  },
  "none": {
    "precision": 0.8125,
    "recall": 0.8125,
    "f1-score": 0.8125,
    "support": 16,
    "confused_with": {
      "pick up": 1,
      "greetings": 1
    }
  },
  "bye": {
    "precision": 1.0,
    "recall": 0.7272727272727273,
    "f1-score": 0.8421052631578948,
    "support": 11,
    "confused_with": {
      "clarify": 2,
      "none": 1
    }
  },
  "pick up": {
    "precision": 0.8297872340425532,
    "recall": 0.975,
    "f1-score": 0.896551724137931,
    "support": 40,
    "confused_with": {
      "move": 1
    }
  },
  "deny": {
    "precision": 1.0,
    "recall": 1.0,
    "f1-score": 1.0,
    "support": 20,
    "confused_with": {}
  },
  "clarify": {
    "precision": 0.9333333333333333,
    "recall": 0.9655172413793104,
    "f1-score": 0.9491525423728815,
    "support": 29,
    "confused_with": {
      "show": 1
    }
  },
  "greetings": {
    "precision": 0.8888888888888888,
    "recall": 0.8888888888888888,
    "f1-score": 0.8888888888888888,
    "support": 9,
    "confused_with": {
      "none": 1
    }
  },
  "move": {
    "precision": 0.9666666666666667,
    "recall": 0.90625,
    "f1-score": 0.9354838709677419,
    "support": 32,
    "confused_with": {
      "pick up": 3
    }
  },
  "find": {
    "precision": 1.0,
    "recall": 0.9285714285714286,
    "f1-score": 0.962962962962963,
    "support": 28,
    "confused_with": {
      "show": 1,
      "pick up": 1
    }
  },
  "accuracy": 0.9240506329113924,
  "macro avg": {
    "precision": 0.9316890408645728,
    "recall": 0.9059607044944921,
    "f1-score": 0.91580589917545,
    "support": 237
  },
  "weighted avg": {
    "precision": 0.928796720232217,
    "recall": 0.9240506329113924,
    "f1-score": 0.9240848684238017,
    "support": 237
  }
}