{
  "move": {
    "precision": 0.8333333333333334,
    "recall": 1.0,
    "f1-score": 0.9090909090909091,
    "support": 20,
    "confused_with": {}
  },
  "none": {
    "precision": 0.7272727272727273,
    "recall": 0.6153846153846154,
    "f1-score": 0.6666666666666667,
    "support": 13,
    "confused_with": {
      "deny": 3,
      "clarify": 1
    }
  },
  "show": {
    "precision": 1.0,
    "recall": 0.95,
    "f1-score": 0.9743589743589743,
    "support": 20,
    "confused_with": {
      "find": 1
    }
  },
  "pick up": {
    "precision": 0.8823529411764706,
    "recall": 0.75,
    "f1-score": 0.8108108108108107,
    "support": 20,
    "confused_with": {
      "clarify": 3,
      "move": 2
    }
  },
  "greetings": {
    "precision": 0.6,
    "recall": 0.75,
    "f1-score": 0.6666666666666665,
    "support": 8,
    "confused_with": {
      "none": 1,
      "clarify": 1
    }
  },
  "affirmative": {
    "precision": 0.8,
    "recall": 0.631578947368421,
    "f1-score": 0.7058823529411765,
    "support": 19,
    "confused_with": {
      "greetings": 3,
      "none": 2
    }
  },
  "clarify": {
    "precision": 0.75,
    "recall": 0.9,
    "f1-score": 0.8181818181818182,
    "support": 20,
    "confused_with": {
      "move": 2
    }
  },
  "bye": {
    "precision": 1.0,
    "recall": 0.8888888888888888,
    "f1-score": 0.9411764705882353,
    "support": 9,
    "confused_with": {
      "greetings": 1
    }
  },
  "deny": {
    "precision": 0.7727272727272727,
    "recall": 0.8947368421052632,
    "f1-score": 0.8292682926829269,
    "support": 19,
    "confused_with": {
      "affirmative": 2
    }
  },
  "find": {
    "precision": 0.9444444444444444,
    "recall": 0.85,
    "f1-score": 0.8947368421052632,
    "support": 20,
    "confused_with": {
      "pick up": 2,
      "clarify": 1
    }
  },
  "accuracy": 0.8333333333333334,
  "macro avg": {
    "precision": 0.8310130718954248,
    "recall": 0.8230589293747188,
    "f1-score": 0.8216839804093446,
    "support": 168
  },
  "weighted avg": {
    "precision": 0.8413034405681465,
    "recall": 0.8333333333333334,
    "f1-score": 0.8320359380542118,
    "support": 168
  }
}