{
  "object_color": {
    "precision": 1.0,
    "recall": 0.9882352941176471,
    "f1-score": 0.9940828402366864,
    "support": 85
  },
  "object_name": {
    "precision": 0.967032967032967,
    "recall": 1.0,
    "f1-score": 0.9832402234636871,
    "support": 88
  },
  "placement": {
    "precision": 1.0,
    "recall": 1.0,
    "f1-score": 1.0,
    "support": 69
  },
  "undefined_object": {
    "precision": 1.0,
    "recall": 1.0,
    "f1-score": 1.0,
    "support": 12
  },
  "micro avg": {
    "precision": 0.98828125,
    "recall": 0.9960629921259843,
    "f1-score": 0.9921568627450981,
    "support": 254
  },
  "macro avg": {
    "precision": 0.9917582417582418,
    "recall": 0.9970588235294118,
    "f1-score": 0.9943307659250934,
    "support": 254
  },
  "weighted avg": {
    "precision": 0.9885783507830751,
    "recall": 0.9960629921259843,
    "f1-score": 0.9922133113579638,
    "support": 254
  }
}