{
  "move": {
    "precision": 0.95,
    "recall": 0.95,
    "f1-score": 0.9500000000000001,
    "support": 20,
    "confused_with": {
      "clarify": 1
    }
  },
  "none": {
    "precision": 0.6666666666666666,
    "recall": 0.7692307692307693,
    "f1-score": 0.7142857142857142,
    "support": 13,
    "confused_with": {
      "greetings": 2,
      "affirmative": 1
    }
  },
  "show": {
    "precision": 1.0,
    "recall": 1.0,
    "f1-score": 1.0,
    "support": 20,
    "confused_with": {}
  },
  "pick up": {
    "precision": 0.9090909090909091,
    "recall": 1.0,
    "f1-score": 0.9523809523809523,
    "support": 20,
    "confused_with": {}
  },
  "greetings": {
    "precision": 0.5454545454545454,
    "recall": 0.75,
    "f1-score": 0.631578947368421,
    "support": 8,
    "confused_with": {
      "none": 2
    }
  },
  "affirmative": {
    "precision": 0.9411764705882353,
    "recall": 0.8421052631578947,
    "f1-score": 0.8888888888888888,
    "support": 19,
    "confused_with": {
      "none": 1,
      "greetings": 1
    }
  },
  "clarify": {
    "precision": 0.9473684210526315,
    "recall": 0.9,
    "f1-score": 0.9230769230769231,
    "support": 20,
    "confused_with": {
      "pick up": 1,
      "find": 1
    }
  },
  "bye": {
    "precision": 1.0,
    "recall": 0.5555555555555556,
    "f1-score": 0.7142857142857143,
    "support": 9,
    "confused_with": {
      "greetings": 2,
      "none": 1
    }
  },
  "deny": {
    "precision": 0.9473684210526315,
    "recall": 0.9473684210526315,
    "f1-score": 0.9473684210526315,
    "support": 19,
    "confused_with": {
      "none": 1
    }
  },
  "find": {
    "precision": 0.95,
    "recall": 0.95,
    "f1-score": 0.9500000000000001,
    "support": 20,
    "confused_with": {
      "pick up": 1
    }
  },
  "accuracy": 0.8988095238095238,
  "macro avg": {
    "precision": 0.8857125433905619,
    "recall": 0.8664260008996851,
    "f1-score": 0.8671865561339246,
    "support": 168
  },
  "weighted avg": {
    "precision": 0.9109633486568471,
    "recall": 0.8988095238095238,
    "f1-score": 0.8997914505433303,
    "support": 168
  }
}