{
  "undefined_object": {
    "precision": 1.0,
    "recall": 0.2,
    "f1-score": 0.33333333333333337,
    "support": 15
  },
  "object_name": {
    "precision": 0.9464285714285714,
    "recall": 0.654320987654321,
    "f1-score": 0.7737226277372262,
    "support": 81
  },
  "placement": {
    "precision": 0.9634146341463414,
    "recall": 1.0,
    "f1-score": 0.9813664596273292,
    "support": 79
  },
  "object_color": {
    "precision": 1.0,
    "recall": 0.8953488372093024,
    "f1-score": 0.9447852760736196,
    "support": 86
  },
  "micro avg": {
    "precision": 0.9724770642201835,
    "recall": 0.8122605363984674,
    "f1-score": 0.8851774530271398,
    "support": 261
  },
  "macro avg": {
    "precision": 0.9774608013937283,
    "recall": 0.6874174562159059,
    "f1-score": 0.758301924192877,
    "support": 261
  },
  "weighted avg": {
    "precision": 0.9723006528094837,
    "recall": 0.8122605363984674,
    "f1-score": 0.8676284172398683,
    "support": 261
  }
}