{
  "affirmative": {
    "precision": 1.0,
    "recall": 0.21052631578947367,
    "f1-score": 0.34782608695652173,
    "support": 19,
    "confused_with": {
      "deny": 4,
      "clarify": 4
    }
  },
  "clarify": {
    "precision": 0.3076923076923077,
    "recall": 0.6,
    "f1-score": 0.4067796610169492,
    "support": 20,
    "confused_with": {
      "pick up": 4,
      "show": 3
    }
  },
  "greetings": {
    "precision": 0.6,
    "recall": 0.375,
    "f1-score": 0.4615384615384615,
    "support": 8,
    "confused_with": {
      "clarify": 5
    }
  },
  "pick up": {
    "precision": 0.25,
    "recall": 0.35,
    "f1-score": 0.2916666666666667,
    "support": 20,
    "confused_with": {
      "clarify": 8,
      "find": 2
    }
  },
  "show": {
    "precision": 0.4782608695652174,
    "recall": 0.55,
    "f1-score": 0.5116279069767442,
    "support": 20,
    "confused_with": {
      "pick up": 3,
      "clarify": 3
    }
  },
  "find": {
    "precision": 0.6,
    "recall": 0.15,
    "f1-score": 0.24,
    "support": 20,
    "confused_with": {
      "pick up": 10,
      "move": 4
    }
  },
  "deny": {
    "precision": 0.6,
    "recall": 0.7894736842105263,
    "f1-score": 0.6818181818181819,
    "support": 19,
    "confused_with": {
      "show": 3,
      "greetings": 1
    }
  },
  "move": {
    "precision": 0.6363636363636364,
    "recall": 0.7,
    "f1-score": 0.6666666666666666,
    "support": 20,
    "confused_with": {
      "pick up": 4,
      "clarify": 2
    }
  },
  "none": {
    "precision": 0.7142857142857143,
    "recall": 0.38461538461538464,
    "f1-score": 0.5,
    "support": 13,
    "confused_with": {
      "deny": 3,
      "clarify": 3
    }
  },
  "bye": {
    "precision": 0.5,
    "recall": 0.5555555555555556,
    "f1-score": 0.5263157894736842,
    "support": 9,
    "confused_with": {
      "clarify": 2,
      "none": 1
    }
  },
  "accuracy": 0.47023809523809523,
  "macro avg": {
    "precision": 0.5686602527906875,
    "recall": 0.466517094017094,
    "f1-score": 0.4634239421113876,
    "support": 168
  },
  "weighted avg": {
    "precision": 0.5620955390365329,
    "recall": 0.47023809523809523,
    "f1-score": 0.45730481506446874,
    "support": 168
  }
}