{
  "undefined_object": {
    "precision": 1.0,
    "recall": 0.8823529411764706,
    "f1-score": 0.9375,
    "support": 17
  },
  "object_name": {
    "precision": 0.9878048780487805,
    "recall": 0.9529411764705882,
    "f1-score": 0.9700598802395209,
    "support": 85
  },
  "placement": {
    "precision": 0.9852941176470589,
    "recall": 1.0,
    "f1-score": 0.9925925925925926,
    "support": 67
  },
  "object_color": {
    "precision": 1.0,
    "recall": 0.9418604651162791,
    "f1-score": 0.970059880239521,
    "support": 86
  },
  "micro avg": {
    "precision": 0.991869918699187,
    "recall": 0.9568627450980393,
    "f1-score": 0.9740518962075848,
    "support": 255
  },
  "macro avg": {
    "precision": 0.9932747489239598,
    "recall": 0.9442886456908344,
    "f1-score": 0.9675530882679086,
    "support": 255
  },
  "weighted avg": {
    "precision": 0.9920710608490169,
    "recall": 0.9568627450980393,
    "f1-score": 0.9738095812731834,
    "support": 255
  }
}