{
  "affirmative": {
    "precision": 0.6111111111111112,
    "recall": 0.5789473684210527,
    "f1-score": 0.5945945945945946,
    "support": 19,
    "confused_with": {
      "deny": 5,
      "pick up": 1
    }
  },
  "clarify": {
    "precision": 0.5294117647058824,
    "recall": 0.45,
    "f1-score": 0.48648648648648646,
    "support": 20,
    "confused_with": {
      "move": 4,
      "find": 3
    }
  },
  "greetings": {
    "precision": 1.0,
    "recall": 0.625,
    "f1-score": 0.7692307692307693,
    "support": 8,
    "confused_with": {
      "pick up": 1,
      "none": 1
    }
  },
  "pick up": {
    "precision": 0.4117647058823529,
    "recall": 0.35,
    "f1-score": 0.37837837837837834,
    "support": 20,
    "confused_with": {
      "find": 7,
      "show": 3
    }
  },
  "show": {
    "precision": 0.7142857142857143,
    "recall": 0.75,
    "f1-score": 0.7317073170731706,
    "support": 20,
    "confused_with": {
      "pick up": 3,
      "find": 1
    }
  },
  "find": {
    "precision": 0.375,
    "recall": 0.6,
    "f1-score": 0.4615384615384615,
    "support": 20,
    "confused_with": {
      "pick up": 3,
      "clarify": 3
    }
  },
  "deny": {
    "precision": 0.6190476190476191,
    "recall": 0.6842105263157895,
    "f1-score": 0.6500000000000001,
    "support": 19,
    "confused_with": {
      "affirmative": 4,
      "clarify": 1
    }
  },
  "move": {
    "precision": 0.7692307692307693,
    "recall": 1.0,
    "f1-score": 0.8695652173913044,
    "support": 20,
    "confused_with": {}
  },
  "none": {
    "precision": 0.5,
    "recall": 0.15384615384615385,
    "f1-score": 0.23529411764705882,
    "support": 13,
    "confused_with": {
      "find": 5,
      "deny": 2
    }
  },
  "bye": {
    "precision": 0.5714285714285714,
    "recall": 0.4444444444444444,
    "f1-score": 0.5,
    "support": 9,
    "confused_with": {
      "find": 3,
      "none": 1
    }
  },
  "accuracy": 0.5833333333333334,
  "macro avg": {
    "precision": 0.610128025569202,
    "recall": 0.563644849302744,
    "f1-score": 0.5676795342340225,
    "support": 168
  },
  "weighted avg": {
    "precision": 0.5893436434402821,
    "recall": 0.5833333333333334,
    "f1-score": 0.5709135964161385,
    "support": 168
  }
}