{
  "show": {
    "precision": 0.8620689655172413,
    "recall": 0.8064516129032258,
    "f1-score": 0.8333333333333334,
    "support": 31,
    "confused_with": {
      "none": 2,
      "pick up": 1
    }
  },
  "affirmative": {
    "precision": 0.9230769230769231,
    "recall": 0.5714285714285714,
    "f1-score": 0.7058823529411765,
    "support": 21,
    "confused_with": {
      "none": 3,
      "deny": 3
    }
  },
  "none": {
    "precision": 0.6,
    "recall": 0.5625,
    "f1-score": 0.5806451612903225,
    "support": 16,
    "confused_with": {
      "show": 2,
      "pick up": 1
    }
  },
  "bye": {
    "precision": 1.0,
    "recall": 0.5454545454545454,
    "f1-score": 0.7058823529411764,
    "support": 11,
    "confused_with": {
      "find": 2,
      "pick up": 1
    }
  },
  "pick up": {
    "precision": 0.7254901960784313,
    "recall": 0.925,
    "f1-score": 0.8131868131868133,
    "support": 40,
    "confused_with": {
      "move": 1,
      "greetings": 1
    }
  },
  "deny": {
    "precision": 0.8260869565217391,
    "recall": 0.95,
    "f1-score": 0.8837209302325583,
    "support": 20,
    "confused_with": {
      "pick up": 1
    }
  },
  "clarify": {
    "precision": 0.9259259259259259,
    "recall": 0.8620689655172413,
    "f1-score": 0.8928571428571429,
    "support": 29,
    "confused_with": {
      "pick up": 2,
      "show": 1
    }
  },
  "greetings": {
    "precision": 0.7,
    "recall": 0.7777777777777778,
    "f1-score": 0.7368421052631577,
    "support": 9,
    "confused_with": {
      "show": 1,
      "clarify": 1
    }
  },
  "move": {
    "precision": 0.875,
    "recall": 0.875,
    "f1-score": 0.875,
    "support": 32,
    "confused_with": {
      "pick up": 4
    }
  },
  "find": {
    "precision": 0.8064516129032258,
    "recall": 0.8928571428571429,
    "f1-score": 0.8474576271186439,
    "support": 28,
    "confused_with": {
      "pick up": 3
    }
  },
  "accuracy": 0.8143459915611815,
  "macro avg": {
    "precision": 0.8244100580023487,
    "recall": 0.7768538615938505,
    "f1-score": 0.7874807819164324,
    "support": 237
  },
  "weighted avg": {
    "precision": 0.8269307903053337,
    "recall": 0.8143459915611815,
    "f1-score": 0.8108313586066136,
    "support": 237
  }
}