{
  "placement": {
    "precision": 0.9594594594594594,
    "recall": 0.9594594594594594,
    "f1-score": 0.9594594594594594,
    "support": 74
  },
  "object_name": {
    "precision": 0.930379746835443,
    "recall": 0.9671052631578947,
    "f1-score": 0.9483870967741935,
    "support": 152
  },
  "object_color": {
    "precision": 0.9819819819819819,
    "recall": 0.9819819819819819,
    "f1-score": 0.9819819819819819,
    "support": 111
  },
  "micro avg": {
    "precision": 0.9533527696793003,
    "recall": 0.9703264094955489,
    "f1-score": 0.961764705882353,
    "support": 337
  },
  "macro avg": {
    "precision": 0.9572737294256282,
    "recall": 0.9695155681997787,
    "f1-score": 0.9632761794052117,
    "support": 337
  },
  "weighted avg": {
    "precision": 0.9537617849228112,
    "recall": 0.9703264094955489,
    "f1-score": 0.9618837943907341,
    "support": 337
  }
}