{
  "object_color": {
    "precision": 0.9925925925925926,
    "recall": 0.9571428571428572,
    "f1-score": 0.9745454545454545,
    "support": 140
  },
  "placement": {
    "precision": 0.9021739130434783,
    "recall": 0.9222222222222223,
    "f1-score": 0.9120879120879122,
    "support": 90
  },
  "object_name": {
    "precision": 0.9549180327868853,
    "recall": 0.9209486166007905,
    "f1-score": 0.937625754527163,
    "support": 253
  },
  "micro avg": {
    "precision": 0.9554140127388535,
    "recall": 0.9316770186335404,
    "f1-score": 0.9433962264150944,
    "support": 483
  },
  "macro avg": {
    "precision": 0.9498948461409854,
    "recall": 0.9334378986552899,
    "f1-score": 0.9414197070535099,
    "support": 483
  },
  "weighted avg": {
    "precision": 0.9560100982028115,
    "recall": 0.9316770186335404,
    "f1-score": 0.9435685126700787,
    "support": 483
  }
}