{
  "placement": {
    "precision": 0.4666666666666667,
    "recall": 0.6862745098039216,
    "f1-score": 0.5555555555555557,
    "support": 51
  },
  "object_name": {
    "precision": 0.8272425249169435,
    "recall": 0.9256505576208178,
    "f1-score": 0.8736842105263157,
    "support": 538
  },
  "object_color": {
    "precision": 0.8995215311004785,
    "recall": 0.9791666666666666,
    "f1-score": 0.9376558603491271,
    "support": 192
  },
  "micro avg": {
    "precision": 0.8137697516930023,
    "recall": 0.9231754161331626,
    "f1-score": 0.8650269946010797,
    "support": 781
  },
  "macro avg": {
    "precision": 0.7311435742280296,
    "recall": 0.8636972446971353,
    "f1-score": 0.7889652088103328,
    "support": 781
  },
  "weighted avg": {
    "precision": 0.8214655728253618,
    "recall": 0.9231754161331626,
    "f1-score": 0.8686368294283273,
    "support": 781
  }
}