{
  "affirmative": {
    "precision": 0.8421052631578947,
    "recall": 0.7619047619047619,
    "f1-score": 0.8,
    "support": 21,
    "confused_with": {
      "clarify": 2,
      "pick up": 1
    }
  },
  "show": {
    "precision": 0.9375,
    "recall": 0.8490566037735849,
    "f1-score": 0.8910891089108911,
    "support": 53,
    "confused_with": {
      "pick up": 4,
      "none": 2
    }
  },
  "none": {
    "precision": 0.5625,
    "recall": 0.6206896551724138,
    "f1-score": 0.5901639344262296,
    "support": 29,
    "confused_with": {
      "show": 3,
      "pick up": 3
    }
  },
  "bye": {
    "precision": 0.8571428571428571,
    "recall": 0.5454545454545454,
    "f1-score": 0.6666666666666665,
    "support": 11,
    "confused_with": {
      "none": 2,
      "deny": 2
    }
  },
  "deny": {
    "precision": 0.8064516129032258,
    "recall": 0.78125,
    "f1-score": 0.7936507936507936,
    "support": 32,
    "confused_with": {
      "none": 5,
      "pick up": 1
    }
  },
  "pick up": {
    "precision": 0.7788461538461539,
    "recall": 0.8526315789473684,
    "f1-score": 0.814070351758794,
    "support": 95,
    "confused_with": {
      "move": 5,
      "find": 4
    }
  },
  "move": {
    "precision": 0.7941176470588235,
    "recall": 0.7297297297297297,
    "f1-score": 0.7605633802816901,
    "support": 37,
    "confused_with": {
      "pick up": 9,
      "find": 1
    }
  },
  "greetings": {
    "precision": 0.8461538461538461,
    "recall": 0.7857142857142857,
    "f1-score": 0.8148148148148148,
    "support": 14,
    "confused_with": {
      "none": 2,
      "pick up": 1
    }
  },
  "clarify": {
    "precision": 0.8235294117647058,
    "recall": 0.8484848484848485,
    "f1-score": 0.8358208955223881,
    "support": 33,
    "confused_with": {
      "pick up": 2,
      "move": 1
    }
  },
  "find": {
    "precision": 0.8421052631578947,
    "recall": 0.9142857142857143,
    "f1-score": 0.8767123287671234,
    "support": 35,
    "confused_with": {
      "pick up": 2,
      "none": 1
    }
  },
  "accuracy": 0.8027777777777778,
  "macro avg": {
    "precision": 0.8090452055185402,
    "recall": 0.7689201723467253,
    "f1-score": 0.7843552274799391,
    "support": 360
  },
  "weighted avg": {
    "precision": 0.8077452215812971,
    "recall": 0.8027777777777778,
    "f1-score": 0.8028460904300003,
    "support": 360
  }
}