{
  "object_color": {
    "precision": 0.9857142857142858,
    "recall": 0.9857142857142858,
    "f1-score": 0.9857142857142858,
    "support": 140
  },
  "placement": {
    "precision": 0.9130434782608695,
    "recall": 0.9333333333333333,
    "f1-score": 0.9230769230769231,
    "support": 90
  },
  "object_name": {
    "precision": 0.9457364341085271,
    "recall": 0.9644268774703557,
    "f1-score": 0.9549902152641878,
    "support": 253
  },
  "micro avg": {
    "precision": 0.9510204081632653,
    "recall": 0.9648033126293996,
    "f1-score": 0.9578622816032888,
    "support": 483
  },
  "macro avg": {
    "precision": 0.9481647326945608,
    "recall": 0.9611581655059916,
    "f1-score": 0.9545938080184655,
    "support": 483
  },
  "weighted avg": {
    "precision": 0.9512323620557673,
    "recall": 0.9648033126293996,
    "f1-score": 0.9579491667469204,
    "support": 483
  }
}