{
  "object_color": {
    "precision": 0.9897959183673469,
    "recall": 1.0,
    "f1-score": 0.9948717948717948,
    "support": 97
  },
  "object_name": {
    "precision": 1.0,
    "recall": 0.9797297297297297,
    "f1-score": 0.9897610921501706,
    "support": 148
  },
  "placement": {
    "precision": 1.0,
    "recall": 1.0,
    "f1-score": 1.0,
    "support": 72
  },
  "undefined_object": {
    "precision": 1.0,
    "recall": 1.0,
    "f1-score": 1.0,
    "support": 14
  },
  "micro avg": {
    "precision": 0.9969604863221885,
    "recall": 0.9909365558912386,
    "f1-score": 0.9939393939393939,
    "support": 331
  },
  "macro avg": {
    "precision": 0.9974489795918368,
    "recall": 0.9949324324324325,
    "f1-score": 0.9961582217554914,
    "support": 331
  },
  "weighted avg": {
    "precision": 0.9970096800049325,
    "recall": 0.9909365558912386,
    "f1-score": 0.993919050576403,
    "support": 331
  }
}