{
  "move": {
    "precision": 1.0,
    "recall": 0.95,
    "f1-score": 0.9743589743589743,
    "support": 20,
    "confused_with": {
      "find": 1
    }
  },
  "none": {
    "precision": 0.8461538461538461,
    "recall": 0.8461538461538461,
    "f1-score": 0.8461538461538461,
    "support": 13,
    "confused_with": {
      "greetings": 2
    }
  },
  "show": {
    "precision": 1.0,
    "recall": 1.0,
    "f1-score": 1.0,
    "support": 20,
    "confused_with": {}
  },
  "pick up": {
    "precision": 0.9,
    "recall": 0.9,
    "f1-score": 0.9,
    "support": 20,
    "confused_with": {
      "find": 2
    }
  },
  "greetings": {
    "precision": 0.6363636363636364,
    "recall": 0.875,
    "f1-score": 0.7368421052631579,
    "support": 8,
    "confused_with": {
      "none": 1
    }
  },
  "affirmative": {
    "precision": 0.9473684210526315,
    "recall": 0.9473684210526315,
    "f1-score": 0.9473684210526315,
    "support": 19,
    "confused_with": {
      "greetings": 1
    }
  },
  "clarify": {
    "precision": 1.0,
    "recall": 1.0,
    "f1-score": 1.0,
    "support": 20,
    "confused_with": {}
  },
  "bye": {
    "precision": 1.0,
    "recall": 0.7777777777777778,
    "f1-score": 0.8750000000000001,
    "support": 9,
    "confused_with": {
      "greetings": 1,
      "deny": 1
    }
  },
  "deny": {
    "precision": 0.9444444444444444,
    "recall": 0.8947368421052632,
    "f1-score": 0.918918918918919,
    "support": 19,
    "confused_with": {
      "none": 1,
      "affirmative": 1
    }
  },
  "find": {
    "precision": 0.8571428571428571,
    "recall": 0.9,
    "f1-score": 0.8780487804878048,
    "support": 20,
    "confused_with": {
      "pick up": 2
    }
  },
  "accuracy": 0.9226190476190477,
  "macro avg": {
    "precision": 0.9131473205157417,
    "recall": 0.9091036887089519,
    "f1-score": 0.9076691046235332,
    "support": 168
  },
  "weighted avg": {
    "precision": 0.9296322064179205,
    "recall": 0.9226190476190477,
    "f1-score": 0.9242699488005971,
    "support": 168
  }
}