{
  "show": {
    "precision": 0.967741935483871,
    "recall": 0.967741935483871,
    "f1-score": 0.967741935483871,
    "support": 31,
    "confused_with": {
      "move": 1
    }
  },
  "affirmative": {
    "precision": 0.9545454545454546,
    "recall": 1.0,
    "f1-score": 0.9767441860465117,
    "support": 21,
    "confused_with": {}
  },
  "none": {
    "precision": 0.875,
    "recall": 0.875,
    "f1-score": 0.875,
    "support": 16,
    "confused_with": {
      "find": 1,
      "affirmative": 1
    }
  },
  "bye": {
    "precision": 1.0,
    "recall": 0.9090909090909091,
    "f1-score": 0.9523809523809523,
    "support": 11,
    "confused_with": {
      "none": 1
    }
  },
  "pick up": {
    "precision": 0.8918918918918919,
    "recall": 0.825,
    "f1-score": 0.8571428571428571,
    "support": 40,
    "confused_with": {
      "move": 7
    }
  },
  "deny": {
    "precision": 1.0,
    "recall": 1.0,
    "f1-score": 1.0,
    "support": 20,
    "confused_with": {}
  },
  "clarify": {
    "precision": 1.0,
    "recall": 0.8620689655172413,
    "f1-score": 0.9259259259259259,
    "support": 29,
    "confused_with": {
      "pick up": 2,
      "show": 1
    }
  },
  "greetings": {
    "precision": 1.0,
    "recall": 0.8888888888888888,
    "f1-score": 0.9411764705882353,
    "support": 9,
    "confused_with": {
      "none": 1
    }
  },
  "move": {
    "precision": 0.7692307692307693,
    "recall": 0.9375,
    "f1-score": 0.8450704225352113,
    "support": 32,
    "confused_with": {
      "pick up": 2
    }
  },
  "find": {
    "precision": 0.9310344827586207,
    "recall": 0.9642857142857143,
    "f1-score": 0.9473684210526316,
    "support": 28,
    "confused_with": {
      "move": 1
    }
  },
  "accuracy": 0.919831223628692,
  "macro avg": {
    "precision": 0.9389444533910609,
    "recall": 0.9229576413266625,
    "f1-score": 0.9288551171156196,
    "support": 237
  },
  "weighted avg": {
    "precision": 0.9257615204799841,
    "recall": 0.919831223628692,
    "f1-score": 0.9205254939520165,
    "support": 237
  }
}