{
  "affirmative": {
    "precision": 0.7391304347826086,
    "recall": 0.8095238095238095,
    "f1-score": 0.7727272727272727,
    "support": 21,
    "confused_with": {
      "none": 2,
      "show": 1
    }
  },
  "none": {
    "precision": 0.5666666666666667,
    "recall": 0.5862068965517241,
    "f1-score": 0.576271186440678,
    "support": 29,
    "confused_with": {
      "pick up": 4,
      "deny": 2
    }
  },
  "deny": {
    "precision": 0.8888888888888888,
    "recall": 0.75,
    "f1-score": 0.8135593220338982,
    "support": 32,
    "confused_with": {
      "none": 5,
      "show": 1
    }
  },
  "show": {
    "precision": 0.8,
    "recall": 0.8301886792452831,
    "f1-score": 0.8148148148148149,
    "support": 53,
    "confused_with": {
      "find": 5,
      "pick up": 3
    }
  },
  "find": {
    "precision": 0.8157894736842105,
    "recall": 0.8857142857142857,
    "f1-score": 0.8493150684931505,
    "support": 35,
    "confused_with": {
      "pick up": 2,
      "show": 1
    }
  },
  "bye": {
    "precision": 0.7692307692307693,
    "recall": 0.9090909090909091,
    "f1-score": 0.8333333333333333,
    "support": 11,
    "confused_with": {
      "affirmative": 1
    }
  },
  "greetings": {
    "precision": 0.7777777777777778,
    "recall": 0.5,
    "f1-score": 0.6086956521739131,
    "support": 14,
    "confused_with": {
      "none": 5,
      "bye": 1
    }
  },
  "move": {
    "precision": 0.6944444444444444,
    "recall": 0.6756756756756757,
    "f1-score": 0.684931506849315,
    "support": 37,
    "confused_with": {
      "pick up": 8,
      "clarify": 4
    }
  },
  "clarify": {
    "precision": 0.7142857142857143,
    "recall": 0.6060606060606061,
    "f1-score": 0.6557377049180327,
    "support": 33,
    "confused_with": {
      "move": 5,
      "show": 4
    }
  },
  "pick up": {
    "precision": 0.801980198019802,
    "recall": 0.8526315789473684,
    "f1-score": 0.826530612244898,
    "support": 95,
    "confused_with": {
      "move": 5,
      "show": 3
    }
  },
  "accuracy": 0.7666666666666667,
  "macro avg": {
    "precision": 0.7568194367780883,
    "recall": 0.7405092440809662,
    "f1-score": 0.7435916474029306,
    "support": 360
  },
  "weighted avg": {
    "precision": 0.7671015768481709,
    "recall": 0.7666666666666667,
    "f1-score": 0.7640968666601919,
    "support": 360
  }
}