{
  "placement": {
    "precision": 0.9210526315789473,
    "recall": 0.9210526315789473,
    "f1-score": 0.9210526315789473,
    "support": 76
  },
  "object_name": {
    "precision": 0.9791666666666666,
    "recall": 0.9276315789473685,
    "f1-score": 0.9527027027027027,
    "support": 152
  },
  "object_color": {
    "precision": 1.0,
    "recall": 0.954954954954955,
    "f1-score": 0.9769585253456221,
    "support": 111
  },
  "micro avg": {
    "precision": 0.9723926380368099,
    "recall": 0.9351032448377581,
    "f1-score": 0.9533834586466166,
    "support": 339
  },
  "macro avg": {
    "precision": 0.9667397660818713,
    "recall": 0.9345463884937569,
    "f1-score": 0.9502379532090908,
    "support": 339
  },
  "weighted avg": {
    "precision": 0.9729596853490659,
    "recall": 0.9351032448377581,
    "f1-score": 0.9535492835521383,
    "support": 339
  }
}