{
  "show": {
    "precision": 0.8666666666666667,
    "recall": 0.8387096774193549,
    "f1-score": 0.8524590163934426,
    "support": 31,
    "confused_with": {
      "none": 2,
      "clarify": 2
    }
  },
  "affirmative": {
    "precision": 0.75,
    "recall": 0.7142857142857143,
    "f1-score": 0.7317073170731706,
    "support": 21,
    "confused_with": {
      "none": 3,
      "deny": 2
    }
  },
  "none": {
    "precision": 0.6190476190476191,
    "recall": 0.8125,
    "f1-score": 0.7027027027027026,
    "support": 16,
    "confused_with": {
      "pick up": 1,
      "bye": 1
    }
  },
  "bye": {
    "precision": 0.7272727272727273,
    "recall": 0.7272727272727273,
    "f1-score": 0.7272727272727273,
    "support": 11,
    "confused_with": {
      "affirmative": 2,
      "move": 1
    }
  },
  "pick up": {
    "precision": 0.8095238095238095,
    "recall": 0.85,
    "f1-score": 0.8292682926829269,
    "support": 40,
    "confused_with": {
      "clarify": 4,
      "move": 2
    }
  },
  "deny": {
    "precision": 0.8888888888888888,
    "recall": 0.8,
    "f1-score": 0.8421052631578948,
    "support": 20,
    "confused_with": {
      "none": 2,
      "bye": 1
    }
  },
  "clarify": {
    "precision": 0.75,
    "recall": 0.8275862068965517,
    "f1-score": 0.7868852459016394,
    "support": 29,
    "confused_with": {
      "show": 3,
      "pick up": 2
    }
  },
  "greetings": {
    "precision": 1.0,
    "recall": 0.7777777777777778,
    "f1-score": 0.8750000000000001,
    "support": 9,
    "confused_with": {
      "none": 1,
      "affirmative": 1
    }
  },
  "move": {
    "precision": 0.8709677419354839,
    "recall": 0.84375,
    "f1-score": 0.8571428571428571,
    "support": 32,
    "confused_with": {
      "pick up": 4,
      "clarify": 1
    }
  },
  "find": {
    "precision": 1.0,
    "recall": 0.8928571428571429,
    "f1-score": 0.9433962264150945,
    "support": 28,
    "confused_with": {
      "show": 1,
      "move": 1
    }
  },
  "accuracy": 0.8227848101265823,
  "macro avg": {
    "precision": 0.8282367453335195,
    "recall": 0.8084739246509269,
    "f1-score": 0.8147939648742456,
    "support": 237
  },
  "weighted avg": {
    "precision": 0.8324942045236042,
    "recall": 0.8227848101265823,
    "f1-score": 0.8252594990708572,
    "support": 237
  }
}