{
  "undefined_object": {
    "precision": 0.0,
    "recall": 0.0,
    "f1-score": 0.0,
    "support": 12
  },
  "object_name": {
    "precision": 0.95,
    "recall": 0.8085106382978723,
    "f1-score": 0.8735632183908046,
    "support": 94
  },
  "placement": {
    "precision": 0.9615384615384616,
    "recall": 0.746268656716418,
    "f1-score": 0.8403361344537815,
    "support": 67
  },
  "object_color": {
    "precision": 0.8469387755102041,
    "recall": 0.8736842105263158,
    "f1-score": 0.8601036269430051,
    "support": 95
  },
  "micro avg": {
    "precision": 0.908695652173913,
    "recall": 0.7798507462686567,
    "f1-score": 0.8393574297188755,
    "support": 268
  },
  "macro avg": {
    "precision": 0.6896193092621664,
    "recall": 0.6071158763851515,
    "f1-score": 0.6435007449468978,
    "support": 268
  },
  "weighted avg": {
    "precision": 0.8738144052109937,
    "recall": 0.7798507462686567,
    "f1-score": 0.8213705525997183,
    "support": 268
  }
}