{
  "object_color": {
    "precision": 0.9857142857142858,
    "recall": 0.9857142857142858,
    "f1-score": 0.9857142857142858,
    "support": 140
  },
  "placement": {
    "precision": 0.9139784946236559,
    "recall": 0.9444444444444444,
    "f1-score": 0.9289617486338798,
    "support": 90
  },
  "object_name": {
    "precision": 0.9488188976377953,
    "recall": 0.9525691699604744,
    "f1-score": 0.95069033530572,
    "support": 253
  },
  "micro avg": {
    "precision": 0.9527720739219713,
    "recall": 0.9606625258799172,
    "f1-score": 0.9567010309278351,
    "support": 483
  },
  "macro avg": {
    "precision": 0.949503892658579,
    "recall": 0.9609093000397348,
    "f1-score": 0.9551221232179619,
    "support": 483
  },
  "weighted avg": {
    "precision": 0.9530212124606443,
    "recall": 0.9606625258799172,
    "f1-score": 0.9567934000194541,
    "support": 483
  }
}