{
  "affirmative": {
    "precision": 0.7916666666666666,
    "recall": 0.9047619047619048,
    "f1-score": 0.8444444444444444,
    "support": 21,
    "confused_with": {
      "none": 2
    }
  },
  "none": {
    "precision": 0.64,
    "recall": 0.5517241379310345,
    "f1-score": 0.5925925925925927,
    "support": 29,
    "confused_with": {
      "pick up": 5,
      "deny": 3
    }
  },
  "deny": {
    "precision": 0.8823529411764706,
    "recall": 0.9375,
    "f1-score": 0.9090909090909091,
    "support": 32,
    "confused_with": {
      "none": 1,
      "move": 1
    }
  },
  "show": {
    "precision": 0.8545454545454545,
    "recall": 0.8867924528301887,
    "f1-score": 0.8703703703703703,
    "support": 53,
    "confused_with": {
      "clarify": 3,
      "pick up": 1
    }
  },
  "find": {
    "precision": 0.9705882352941176,
    "recall": 0.9428571428571428,
    "f1-score": 0.9565217391304348,
    "support": 35,
    "confused_with": {
      "show": 2
    }
  },
  "bye": {
    "precision": 0.8888888888888888,
    "recall": 0.7272727272727273,
    "f1-score": 0.7999999999999999,
    "support": 11,
    "confused_with": {
      "affirmative": 2,
      "none": 1
    }
  },
  "greetings": {
    "precision": 0.8461538461538461,
    "recall": 0.7857142857142857,
    "f1-score": 0.8148148148148148,
    "support": 14,
    "confused_with": {
      "none": 3
    }
  },
  "move": {
    "precision": 0.7948717948717948,
    "recall": 0.8378378378378378,
    "f1-score": 0.8157894736842105,
    "support": 37,
    "confused_with": {
      "pick up": 6
    }
  },
  "clarify": {
    "precision": 0.6875,
    "recall": 0.6666666666666666,
    "f1-score": 0.676923076923077,
    "support": 33,
    "confused_with": {
      "pick up": 4,
      "show": 3
    }
  },
  "pick up": {
    "precision": 0.8315789473684211,
    "recall": 0.8315789473684211,
    "f1-score": 0.8315789473684211,
    "support": 95,
    "confused_with": {
      "clarify": 7,
      "show": 3
    }
  },
  "accuracy": 0.8222222222222222,
  "macro avg": {
    "precision": 0.8188146774965659,
    "recall": 0.8072706103240209,
    "f1-score": 0.8112126368419276,
    "support": 360
  },
  "weighted avg": {
    "precision": 0.8205652207723286,
    "recall": 0.8222222222222222,
    "f1-score": 0.8204094377244644,
    "support": 360
  }
}