{
  "affirmative": {
    "precision": 0.7307692307692307,
    "recall": 0.9047619047619048,
    "f1-score": 0.8085106382978723,
    "support": 21,
    "confused_with": {
      "pick up": 1,
      "clarify": 1
    }
  },
  "none": {
    "precision": 0.6956521739130435,
    "recall": 0.5517241379310345,
    "f1-score": 0.6153846153846154,
    "support": 29,
    "confused_with": {
      "pick up": 3,
      "deny": 3
    }
  },
  "deny": {
    "precision": 0.8275862068965517,
    "recall": 0.75,
    "f1-score": 0.7868852459016394,
    "support": 32,
    "confused_with": {
      "none": 3,
      "greetings": 3
    }
  },
  "show": {
    "precision": 0.9259259259259259,
    "recall": 0.9433962264150944,
    "f1-score": 0.9345794392523364,
    "support": 53,
    "confused_with": {
      "pick up": 1,
      "none": 1
    }
  },
  "find": {
    "precision": 0.875,
    "recall": 0.8,
    "f1-score": 0.8358208955223881,
    "support": 35,
    "confused_with": {
      "show": 3,
      "pick up": 3
    }
  },
  "bye": {
    "precision": 0.8888888888888888,
    "recall": 0.7272727272727273,
    "f1-score": 0.7999999999999999,
    "support": 11,
    "confused_with": {
      "none": 1,
      "deny": 1
    }
  },
  "greetings": {
    "precision": 0.75,
    "recall": 0.8571428571428571,
    "f1-score": 0.7999999999999999,
    "support": 14,
    "confused_with": {
      "none": 1,
      "affirmative": 1
    }
  },
  "move": {
    "precision": 0.9,
    "recall": 0.7297297297297297,
    "f1-score": 0.8059701492537312,
    "support": 37,
    "confused_with": {
      "pick up": 10
    }
  },
  "clarify": {
    "precision": 0.8571428571428571,
    "recall": 0.9090909090909091,
    "f1-score": 0.8823529411764706,
    "support": 33,
    "confused_with": {
      "pick up": 2,
      "none": 1
    }
  },
  "pick up": {
    "precision": 0.8113207547169812,
    "recall": 0.9052631578947369,
    "f1-score": 0.8557213930348259,
    "support": 95,
    "confused_with": {
      "move": 3,
      "clarify": 2
    }
  },
  "accuracy": 0.8333333333333334,
  "macro avg": {
    "precision": 0.8262286038253478,
    "recall": 0.8078381650238994,
    "f1-score": 0.812522531782388,
    "support": 360
  },
  "weighted avg": {
    "precision": 0.8351135092944475,
    "recall": 0.8333333333333334,
    "f1-score": 0.8306214490623309,
    "support": 360
  }
}