{
  "affirmative": {
    "precision": 0.7391304347826086,
    "recall": 0.8947368421052632,
    "f1-score": 0.8095238095238095,
    "support": 19,
    "confused_with": {
      "none": 1,
      "clarify": 1
    }
  },
  "clarify": {
    "precision": 0.8260869565217391,
    "recall": 0.95,
    "f1-score": 0.8837209302325583,
    "support": 20,
    "confused_with": {
      "show": 1
    }
  },
  "greetings": {
    "precision": 0.7,
    "recall": 0.875,
    "f1-score": 0.7777777777777777,
    "support": 8,
    "confused_with": {
      "affirmative": 1
    }
  },
  "pick up": {
    "precision": 1.0,
    "recall": 0.75,
    "f1-score": 0.8571428571428571,
    "support": 20,
    "confused_with": {
      "find": 3,
      "show": 1
    }
  },
  "show": {
    "precision": 0.8695652173913043,
    "recall": 1.0,
    "f1-score": 0.9302325581395349,
    "support": 20,
    "confused_with": {}
  },
  "find": {
    "precision": 0.8260869565217391,
    "recall": 0.95,
    "f1-score": 0.8837209302325583,
    "support": 20,
    "confused_with": {
      "clarify": 1
    }
  },
  "deny": {
    "precision": 1.0,
    "recall": 0.9473684210526315,
    "f1-score": 0.972972972972973,
    "support": 19,
    "confused_with": {
      "none": 1
    }
  },
  "move": {
    "precision": 1.0,
    "recall": 0.95,
    "f1-score": 0.9743589743589743,
    "support": 20,
    "confused_with": {
      "find": 1
    }
  },
  "none": {
    "precision": 0.625,
    "recall": 0.38461538461538464,
    "f1-score": 0.4761904761904762,
    "support": 13,
    "confused_with": {
      "greetings": 3,
      "affirmative": 3
    }
  },
  "bye": {
    "precision": 1.0,
    "recall": 0.6666666666666666,
    "f1-score": 0.8,
    "support": 9,
    "confused_with": {
      "affirmative": 2,
      "none": 1
    }
  },
  "accuracy": 0.8630952380952381,
  "macro avg": {
    "precision": 0.8585869565217392,
    "recall": 0.8368387314439947,
    "f1-score": 0.836564128657152,
    "support": 168
  },
  "weighted avg": {
    "precision": 0.8702575051759834,
    "recall": 0.8630952380952381,
    "f1-score": 0.8575217992992079,
    "support": 168
  }
}