{
  "object_color": {
    "precision": 0.87,
    "recall": 0.9886363636363636,
    "f1-score": 0.925531914893617,
    "support": 88
  },
  "object_name": {
    "precision": 0.8762886597938144,
    "recall": 1.0,
    "f1-score": 0.9340659340659341,
    "support": 85
  },
  "placement": {
    "precision": 0.972972972972973,
    "recall": 1.0,
    "f1-score": 0.9863013698630138,
    "support": 72
  },
  "undefined_object": {
    "precision": 0.9090909090909091,
    "recall": 0.7142857142857143,
    "f1-score": 0.8,
    "support": 14
  },
  "micro avg": {
    "precision": 0.900709219858156,
    "recall": 0.9806949806949807,
    "f1-score": 0.9390018484288356,
    "support": 259
  },
  "macro avg": {
    "precision": 0.9070881354644242,
    "recall": 0.9257305194805195,
    "f1-score": 0.9114748047056411,
    "support": 259
  },
  "weighted avg": {
    "precision": 0.902802559319695,
    "recall": 0.9806949806949807,
    "f1-score": 0.9384405850825469,
    "support": 259
  }
}