{
  "move": {
    "precision": 0.4,
    "recall": 0.4,
    "f1-score": 0.4000000000000001,
    "support": 20,
    "confused_with": {
      "show": 12
    }
  },
  "none": {
    "precision": 0.0,
    "recall": 0.0,
    "f1-score": 0.0,
    "support": 13,
    "confused_with": {
      "deny": 6,
      "find": 4,
      "show": 2
    }
  },
  "show": {
    "precision": 0.21052631578947367,
    "recall": 0.8,
    "f1-score": 0.3333333333333333,
    "support": 20,
    "confused_with": {
      "clarify": 4
    }
  },
  "pick up": {
    "precision": 0.0,
    "recall": 0.0,
    "f1-score": 0.0,
    "support": 20,
    "confused_with": {
      "show": 12,
      "move": 3,
      "none": 2
    }
  },
  "greetings": {
    "precision": 0.0,
    "recall": 0.0,
    "f1-score": 0.0,
    "support": 8,
    "confused_with": {
      "clarify": 4,
      "move": 2,
      "show": 1
    }
  },
  "affirmative": {
    "precision": 0.16666666666666666,
    "recall": 0.05263157894736842,
    "f1-score": 0.08,
    "support": 19,
    "confused_with": {
      "show": 9,
      "deny": 3,
      "none": 2
    }
  },
  "clarify": {
    "precision": 0.2222222222222222,
    "recall": 0.2,
    "f1-score": 0.2105263157894737,
    "support": 20,
    "confused_with": {
      "show": 12,
      "deny": 2
    }
  },
  "bye": {
    "precision": 0.0,
    "recall": 0.0,
    "f1-score": 0.0,
    "support": 9,
    "confused_with": {
      "deny": 4,
      "affirmative": 2,
      "show": 1
    }
  },
  "deny": {
    "precision": 0.3333333333333333,
    "recall": 0.42105263157894735,
    "f1-score": 0.372093023255814,
    "support": 19,
    "confused_with": {
      "none": 6,
      "affirmative": 3
    }
  },
  "find": {
    "precision": 0.0,
    "recall": 0.0,
    "f1-score": 0.0,
    "support": 20,
    "confused_with": {
      "show": 11,
      "move": 4,
      "none": 2
    }
  },
  "accuracy": 0.22023809523809523,
  "macro avg": {
    "precision": 0.1332748538011696,
    "recall": 0.18736842105263157,
    "f1-score": 0.13959526723786211,
    "support": 168
  },
  "weighted avg": {
    "precision": 0.15568434976329712,
    "recall": 0.22023809523809523,
    "f1-score": 0.1634938120495036,
    "support": 168
  }
}