{
  "object_color": {
    "precision": 0.5954198473282443,
    "recall": 0.8863636363636364,
    "f1-score": 0.7123287671232877,
    "support": 88
  },
  "object_name": {
    "precision": 0.7524752475247525,
    "recall": 0.8941176470588236,
    "f1-score": 0.8172043010752688,
    "support": 85
  },
  "placement": {
    "precision": 0.935064935064935,
    "recall": 1.0,
    "f1-score": 0.9664429530201343,
    "support": 72
  },
  "undefined_object": {
    "precision": 0.8333333333333334,
    "recall": 0.7142857142857143,
    "f1-score": 0.7692307692307692,
    "support": 14
  },
  "micro avg": {
    "precision": 0.735202492211838,
    "recall": 0.9111969111969112,
    "f1-score": 0.8137931034482758,
    "support": 259
  },
  "macro avg": {
    "precision": 0.7790733408128163,
    "recall": 0.8736917494270435,
    "f1-score": 0.8163016976123649,
    "support": 259
  },
  "weighted avg": {
    "precision": 0.7542420254665306,
    "recall": 0.9111969111969112,
    "f1-score": 0.8204649439572494,
    "support": 259
  }
}