{
  "object_color": {
    "precision": 0.9872611464968153,
    "recall": 0.9748427672955975,
    "f1-score": 0.9810126582278481,
    "support": 159
  },
  "placement": {
    "precision": 1.0,
    "recall": 0.8636363636363636,
    "f1-score": 0.9268292682926829,
    "support": 88
  },
  "object_name": {
    "precision": 0.9368770764119602,
    "recall": 0.9690721649484536,
    "f1-score": 0.9527027027027027,
    "support": 291
  },
  "micro avg": {
    "precision": 0.9606741573033708,
    "recall": 0.9535315985130112,
    "f1-score": 0.957089552238806,
    "support": 538
  },
  "macro avg": {
    "precision": 0.9747127409695918,
    "recall": 0.9358504319601383,
    "f1-score": 0.9535148764077445,
    "support": 538
  },
  "weighted avg": {
    "precision": 0.9620924749607325,
    "recall": 0.9535315985130112,
    "f1-score": 0.9568373136700195,
    "support": 538
  }
}