{
  "affirmative": {
    "precision": 0.7307692307692307,
    "recall": 0.9047619047619048,
    "f1-score": 0.8085106382978723,
    "support": 21,
    "confused_with": {
      "pick up": 1,
      "clarify": 1
    }
  },
  "none": {
    "precision": 0.6666666666666666,
    "recall": 0.6206896551724138,
    "f1-score": 0.6428571428571429,
    "support": 29,
    "confused_with": {
      "deny": 4,
      "affirmative": 3
    }
  },
  "deny": {
    "precision": 0.7741935483870968,
    "recall": 0.75,
    "f1-score": 0.7619047619047619,
    "support": 32,
    "confused_with": {
      "none": 5,
      "greetings": 2
    }
  },
  "show": {
    "precision": 0.9615384615384616,
    "recall": 0.9433962264150944,
    "f1-score": 0.9523809523809524,
    "support": 53,
    "confused_with": {
      "find": 2,
      "none": 1
    }
  },
  "find": {
    "precision": 0.8611111111111112,
    "recall": 0.8857142857142857,
    "f1-score": 0.8732394366197184,
    "support": 35,
    "confused_with": {
      "pick up": 2,
      "show": 1
    }
  },
  "bye": {
    "precision": 0.9,
    "recall": 0.8181818181818182,
    "f1-score": 0.8571428571428572,
    "support": 11,
    "confused_with": {
      "deny": 1,
      "affirmative": 1
    }
  },
  "greetings": {
    "precision": 0.75,
    "recall": 0.8571428571428571,
    "f1-score": 0.7999999999999999,
    "support": 14,
    "confused_with": {
      "none": 1,
      "affirmative": 1
    }
  },
  "move": {
    "precision": 0.9310344827586207,
    "recall": 0.7297297297297297,
    "f1-score": 0.8181818181818181,
    "support": 37,
    "confused_with": {
      "pick up": 10
    }
  },
  "clarify": {
    "precision": 0.8823529411764706,
    "recall": 0.9090909090909091,
    "f1-score": 0.8955223880597014,
    "support": 33,
    "confused_with": {
      "pick up": 2,
      "affirmative": 1
    }
  },
  "pick up": {
    "precision": 0.8484848484848485,
    "recall": 0.8842105263157894,
    "f1-score": 0.865979381443299,
    "support": 95,
    "confused_with": {
      "none": 2,
      "find": 2
    }
  },
  "accuracy": 0.8444444444444444,
  "macro avg": {
    "precision": 0.8306151290892506,
    "recall": 0.8302917912524803,
    "f1-score": 0.8275719376888124,
    "support": 360
  },
  "weighted avg": {
    "precision": 0.8475724766812632,
    "recall": 0.8444444444444444,
    "f1-score": 0.8437880067509105,
    "support": 360
  }
}