{
  "move": {
    "precision": 0.6785714285714286,
    "recall": 0.95,
    "f1-score": 0.7916666666666667,
    "support": 20,
    "confused_with": {
      "show": 1
    }
  },
  "none": {
    "precision": 0.8333333333333334,
    "recall": 0.38461538461538464,
    "f1-score": 0.5263157894736842,
    "support": 13,
    "confused_with": {
      "deny": 4,
      "affirmative": 3
    }
  },
  "show": {
    "precision": 0.6363636363636364,
    "recall": 0.7,
    "f1-score": 0.6666666666666666,
    "support": 20,
    "confused_with": {
      "pick up": 4,
      "find": 2
    }
  },
  "pick up": {
    "precision": 0.23076923076923078,
    "recall": 0.3,
    "f1-score": 0.2608695652173913,
    "support": 20,
    "confused_with": {
      "find": 9,
      "show": 3
    }
  },
  "greetings": {
    "precision": 0.46153846153846156,
    "recall": 0.75,
    "f1-score": 0.5714285714285714,
    "support": 8,
    "confused_with": {
      "clarify": 1,
      "affirmative": 1
    }
  },
  "affirmative": {
    "precision": 0.5833333333333334,
    "recall": 0.7368421052631579,
    "f1-score": 0.6511627906976745,
    "support": 19,
    "confused_with": {
      "greetings": 3,
      "deny": 2
    }
  },
  "clarify": {
    "precision": 0.0,
    "recall": 0.0,
    "f1-score": 0.0,
    "support": 20,
    "confused_with": {
      "pick up": 9,
      "move": 7,
      "show": 2
    }
  },
  "bye": {
    "precision": 0.0,
    "recall": 0.0,
    "f1-score": 0.0,
    "support": 9,
    "confused_with": {
      "greetings": 4,
      "deny": 2,
      "pick up": 1
    }
  },
  "deny": {
    "precision": 0.6190476190476191,
    "recall": 0.6842105263157895,
    "f1-score": 0.6500000000000001,
    "support": 19,
    "confused_with": {
      "affirmative": 5,
      "find": 1
    }
  },
  "find": {
    "precision": 0.46153846153846156,
    "recall": 0.6,
    "f1-score": 0.5217391304347826,
    "support": 20,
    "confused_with": {
      "pick up": 6,
      "show": 1
    }
  },
  "accuracy": 0.5297619047619048,
  "macro avg": {
    "precision": 0.45044955044955054,
    "recall": 0.5105668016194331,
    "f1-score": 0.4639849180585437,
    "support": 168
  },
  "weighted avg": {
    "precision": 0.46140318015318005,
    "recall": 0.5297619047619048,
    "f1-score": 0.48187182998543115,
    "support": 168
  }
}