{
  "move": {
    "precision": 0.85,
    "recall": 0.85,
    "f1-score": 0.85,
    "support": 20,
    "confused_with": {
      "find": 3
    }
  },
  "none": {
    "precision": 0.45454545454545453,
    "recall": 0.38461538461538464,
    "f1-score": 0.41666666666666663,
    "support": 13,
    "confused_with": {
      "affirmative": 5,
      "pick up": 1
    }
  },
  "show": {
    "precision": 0.8333333333333334,
    "recall": 1.0,
    "f1-score": 0.9090909090909091,
    "support": 20,
    "confused_with": {}
  },
  "pick up": {
    "precision": 0.5789473684210527,
    "recall": 0.55,
    "f1-score": 0.5641025641025641,
    "support": 20,
    "confused_with": {
      "find": 4,
      "none": 2
    }
  },
  "greetings": {
    "precision": 0.75,
    "recall": 0.375,
    "f1-score": 0.5,
    "support": 8,
    "confused_with": {
      "clarify": 3,
      "find": 1
    }
  },
  "affirmative": {
    "precision": 0.56,
    "recall": 0.7368421052631579,
    "f1-score": 0.6363636363636364,
    "support": 19,
    "confused_with": {
      "none": 2,
      "show": 1
    }
  },
  "clarify": {
    "precision": 0.7368421052631579,
    "recall": 0.7,
    "f1-score": 0.717948717948718,
    "support": 20,
    "confused_with": {
      "pick up": 3,
      "show": 2
    }
  },
  "bye": {
    "precision": 1.0,
    "recall": 0.4444444444444444,
    "f1-score": 0.6153846153846153,
    "support": 9,
    "confused_with": {
      "affirmative": 3,
      "none": 2
    }
  },
  "deny": {
    "precision": 0.9444444444444444,
    "recall": 0.8947368421052632,
    "f1-score": 0.918918918918919,
    "support": 19,
    "confused_with": {
      "affirmative": 2
    }
  },
  "find": {
    "precision": 0.625,
    "recall": 0.75,
    "f1-score": 0.6818181818181818,
    "support": 20,
    "confused_with": {
      "pick up": 4,
      "move": 1
    }
  },
  "accuracy": 0.7142857142857143,
  "macro avg": {
    "precision": 0.7333112706007443,
    "recall": 0.668563877642825,
    "f1-score": 0.681029421029421,
    "support": 168
  },
  "weighted avg": {
    "precision": 0.7260475684159895,
    "recall": 0.7142857142857143,
    "f1-score": 0.7081232393732394,
    "support": 168
  }
}