{
  "object_color": {
    "precision": 0.9887640449438202,
    "recall": 1.0,
    "f1-score": 0.9943502824858756,
    "support": 88
  },
  "object_name": {
    "precision": 0.9883720930232558,
    "recall": 1.0,
    "f1-score": 0.9941520467836257,
    "support": 85
  },
  "placement": {
    "precision": 0.972972972972973,
    "recall": 1.0,
    "f1-score": 0.9863013698630138,
    "support": 72
  },
  "undefined_object": {
    "precision": 0.875,
    "recall": 1.0,
    "f1-score": 0.9333333333333333,
    "support": 14
  },
  "micro avg": {
    "precision": 0.9773584905660377,
    "recall": 1.0,
    "f1-score": 0.9885496183206107,
    "support": 259
  },
  "macro avg": {
    "precision": 0.9562772777350123,
    "recall": 1.0,
    "f1-score": 0.9770342581164622,
    "support": 259
  },
  "weighted avg": {
    "precision": 0.97809620817022,
    "recall": 1.0,
    "f1-score": 0.9887494754137796,
    "support": 259
  }
}