{
  "object_color": {
    "precision": 0.96875,
    "recall": 0.9489795918367347,
    "f1-score": 0.9587628865979382,
    "support": 98
  },
  "object_name": {
    "precision": 0.9857142857142858,
    "recall": 0.9452054794520548,
    "f1-score": 0.9650349650349651,
    "support": 146
  },
  "placement": {
    "precision": 1.0,
    "recall": 1.0,
    "f1-score": 1.0,
    "support": 63
  },
  "undefined_object": {
    "precision": 1.0,
    "recall": 0.45454545454545453,
    "f1-score": 0.625,
    "support": 11
  },
  "micro avg": {
    "precision": 0.9835526315789473,
    "recall": 0.940251572327044,
    "f1-score": 0.9614147909967846,
    "support": 318
  },
  "macro avg": {
    "precision": 0.9886160714285714,
    "recall": 0.837182631458561,
    "f1-score": 0.8871994629082258,
    "support": 318
  },
  "weighted avg": {
    "precision": 0.9838106469002695,
    "recall": 0.940251572327044,
    "f1-score": 0.9582668798166756,
    "support": 318
  }
}