{
  "move": {
    "precision": 0.0,
    "recall": 0.0,
    "f1-score": 0.0,
    "support": 20,
    "confused_with": {
      "none": 7,
      "affirmative": 7,
      "show": 3
    }
  },
  "none": {
    "precision": 0.08823529411764706,
    "recall": 0.23076923076923078,
    "f1-score": 0.12765957446808512,
    "support": 13,
    "confused_with": {
      "find": 10
    }
  },
  "show": {
    "precision": 0.0,
    "recall": 0.0,
    "f1-score": 0.0,
    "support": 20,
    "confused_with": {
      "find": 10,
      "none": 5,
      "affirmative": 5
    }
  },
  "pick up": {
    "precision": 0.0,
    "recall": 0.0,
    "f1-score": 0.0,
    "support": 20,
    "confused_with": {
      "find": 9,
      "none": 4,
      "affirmative": 3
    }
  },
  "greetings": {
    "precision": 0.0,
    "recall": 0.0,
    "f1-score": 0.0,
    "support": 8,
    "confused_with": {
      "find": 5,
      "none": 3
    }
  },
  "affirmative": {
    "precision": 0.08,
    "recall": 0.10526315789473684,
    "f1-score": 0.0909090909090909,
    "support": 19,
    "confused_with": {
      "find": 8,
      "move": 4,
      "none": 3
    }
  },
  "clarify": {
    "precision": 0.25,
    "recall": 0.1,
    "f1-score": 0.14285714285714288,
    "support": 20,
    "confused_with": {
      "find": 11,
      "affirmative": 5,
      "none": 2
    }
  },
  "bye": {
    "precision": 0.0,
    "recall": 0.0,
    "f1-score": 0.0,
    "support": 9,
    "confused_with": {
      "none": 3,
      "move": 2,
      "find": 2
    }
  },
  "deny": {
    "precision": 0.8571428571428571,
    "recall": 0.3157894736842105,
    "f1-score": 0.46153846153846156,
    "support": 19,
    "confused_with": {
      "find": 5,
      "none": 4
    }
  },
  "find": {
    "precision": 0.14864864864864866,
    "recall": 0.55,
    "f1-score": 0.23404255319148937,
    "support": 20,
    "confused_with": {
      "move": 3,
      "show": 2
    }
  },
  "accuracy": 0.14285714285714285,
  "macro avg": {
    "precision": 0.1424026799909153,
    "recall": 0.1301821862348178,
    "f1-score": 0.105700682296427,
    "support": 168
  },
  "weighted avg": {
    "precision": 0.16027229810843255,
    "recall": 0.14285714285714285,
    "f1-score": 0.11722661836643601,
    "support": 168
  }
}