{
  "object_color": {
    "precision": 0.5652173913043478,
    "recall": 0.7386363636363636,
    "f1-score": 0.6403940886699507,
    "support": 88
  },
  "object_name": {
    "precision": 0.5546875,
    "recall": 0.8255813953488372,
    "f1-score": 0.6635514018691588,
    "support": 86
  },
  "placement": {
    "precision": 0.7974683544303798,
    "recall": 1.0,
    "f1-score": 0.8873239436619719,
    "support": 63
  },
  "undefined_object": {
    "precision": 0.3333333333333333,
    "recall": 0.09090909090909091,
    "f1-score": 0.14285714285714288,
    "support": 11
  },
  "micro avg": {
    "precision": 0.6153846153846154,
    "recall": 0.8064516129032258,
    "f1-score": 0.6980802792321117,
    "support": 248
  },
  "macro avg": {
    "precision": 0.5626766447670152,
    "recall": 0.663781712473573,
    "f1-score": 0.5835316442645561,
    "support": 248
  },
  "weighted avg": {
    "precision": 0.6102799533490451,
    "recall": 0.8064516129032258,
    "f1-score": 0.6890844249428877,
    "support": 248
  }
}