{
  "object_color": {
    "precision": 1.0,
    "recall": 1.0,
    "f1-score": 1.0,
    "support": 88
  },
  "object_name": {
    "precision": 1.0,
    "recall": 1.0,
    "f1-score": 1.0,
    "support": 85
  },
  "placement": {
    "precision": 1.0,
    "recall": 1.0,
    "f1-score": 1.0,
    "support": 72
  },
  "undefined_object": {
    "precision": 1.0,
    "recall": 0.7857142857142857,
    "f1-score": 0.88,
    "support": 14
  },
  "micro avg": {
    "precision": 1.0,
    "recall": 0.9884169884169884,
    "f1-score": 0.9941747572815534,
    "support": 259
  },
  "macro avg": {
    "precision": 1.0,
    "recall": 0.9464285714285714,
    "f1-score": 0.97,
    "support": 259
  },
  "weighted avg": {
    "precision": 1.0,
    "recall": 0.9884169884169884,
    "f1-score": 0.9935135135135135,
    "support": 259
  }
}