{
  "undefined_object": {
    "precision": 1.0,
    "recall": 0.9411764705882353,
    "f1-score": 0.9696969696969697,
    "support": 17
  },
  "object_name": {
    "precision": 1.0,
    "recall": 1.0,
    "f1-score": 1.0,
    "support": 85
  },
  "placement": {
    "precision": 0.9852941176470589,
    "recall": 1.0,
    "f1-score": 0.9925925925925926,
    "support": 67
  },
  "object_color": {
    "precision": 1.0,
    "recall": 1.0,
    "f1-score": 1.0,
    "support": 86
  },
  "micro avg": {
    "precision": 0.996078431372549,
    "recall": 0.996078431372549,
    "f1-score": 0.996078431372549,
    "support": 255
  },
  "macro avg": {
    "precision": 0.9963235294117647,
    "recall": 0.9852941176470589,
    "f1-score": 0.9905723905723905,
    "support": 255
  },
  "weighted avg": {
    "precision": 0.9961361014994232,
    "recall": 0.996078431372549,
    "f1-score": 0.9960335379943224,
    "support": 255
  }
}