{
  "affirmative": {
    "precision": 0.6842105263157895,
    "recall": 0.6842105263157895,
    "f1-score": 0.6842105263157895,
    "support": 19,
    "confused_with": {
      "find": 2,
      "show": 1
    }
  },
  "clarify": {
    "precision": 0.6,
    "recall": 0.6,
    "f1-score": 0.6,
    "support": 20,
    "confused_with": {
      "show": 4,
      "pick up": 2
    }
  },
  "greetings": {
    "precision": 0.8571428571428571,
    "recall": 0.75,
    "f1-score": 0.7999999999999999,
    "support": 8,
    "confused_with": {
      "show": 1,
      "clarify": 1
    }
  },
  "pick up": {
    "precision": 0.5714285714285714,
    "recall": 0.4,
    "f1-score": 0.47058823529411764,
    "support": 20,
    "confused_with": {
      "find": 9,
      "show": 3
    }
  },
  "show": {
    "precision": 0.5294117647058824,
    "recall": 0.9,
    "f1-score": 0.6666666666666667,
    "support": 20,
    "confused_with": {
      "clarify": 2
    }
  },
  "find": {
    "precision": 0.48148148148148145,
    "recall": 0.65,
    "f1-score": 0.553191489361702,
    "support": 20,
    "confused_with": {
      "pick up": 3,
      "show": 2
    }
  },
  "deny": {
    "precision": 0.875,
    "recall": 0.7368421052631579,
    "f1-score": 0.7999999999999999,
    "support": 19,
    "confused_with": {
      "affirmative": 3,
      "clarify": 1
    }
  },
  "move": {
    "precision": 1.0,
    "recall": 0.9,
    "f1-score": 0.9473684210526316,
    "support": 20,
    "confused_with": {
      "pick up": 1,
      "affirmative": 1
    }
  },
  "none": {
    "precision": 0.5,
    "recall": 0.23076923076923078,
    "f1-score": 0.3157894736842105,
    "support": 13,
    "confused_with": {
      "show": 5,
      "clarify": 2
    }
  },
  "bye": {
    "precision": 0.7142857142857143,
    "recall": 0.5555555555555556,
    "f1-score": 0.6250000000000001,
    "support": 9,
    "confused_with": {
      "none": 2,
      "find": 1
    }
  },
  "accuracy": 0.6547619047619048,
  "macro avg": {
    "precision": 0.6812960915360297,
    "recall": 0.6407377417903733,
    "f1-score": 0.6462814812375118,
    "support": 168
  },
  "weighted avg": {
    "precision": 0.6729592299882916,
    "recall": 0.6547619047619048,
    "f1-score": 0.649324758365459,
    "support": 168
  }
}