{
  "undefined_object": {
    "precision": 0.9166666666666666,
    "recall": 0.9166666666666666,
    "f1-score": 0.9166666666666666,
    "support": 12
  },
  "object_name": {
    "precision": 1.0,
    "recall": 0.9431818181818182,
    "f1-score": 0.9707602339181286,
    "support": 88
  },
  "placement": {
    "precision": 0.9710144927536232,
    "recall": 1.0,
    "f1-score": 0.9852941176470589,
    "support": 67
  },
  "object_color": {
    "precision": 1.0,
    "recall": 1.0,
    "f1-score": 1.0,
    "support": 87
  },
  "micro avg": {
    "precision": 0.9880478087649402,
    "recall": 0.9763779527559056,
    "f1-score": 0.9821782178217823,
    "support": 254
  },
  "macro avg": {
    "precision": 0.9719202898550724,
    "recall": 0.9649621212121212,
    "f1-score": 0.9681802545579635,
    "support": 254
  },
  "weighted avg": {
    "precision": 0.9884172087184754,
    "recall": 0.9763779527559056,
    "f1-score": 0.9820535687683002,
    "support": 254
  }
}