{
  "move": {
    "precision": 1.0,
    "recall": 0.8,
    "f1-score": 0.888888888888889,
    "support": 20,
    "confused_with": {
      "pick up": 3,
      "clarify": 1
    }
  },
  "none": {
    "precision": 0.5,
    "recall": 0.15384615384615385,
    "f1-score": 0.23529411764705882,
    "support": 13,
    "confused_with": {
      "deny": 3,
      "clarify": 3
    }
  },
  "show": {
    "precision": 0.7391304347826086,
    "recall": 0.85,
    "f1-score": 0.7906976744186046,
    "support": 20,
    "confused_with": {
      "pick up": 2,
      "affirmative": 1
    }
  },
  "pick up": {
    "precision": 0.4166666666666667,
    "recall": 0.5,
    "f1-score": 0.45454545454545453,
    "support": 20,
    "confused_with": {
      "clarify": 4,
      "show": 3
    }
  },
  "greetings": {
    "precision": 0.875,
    "recall": 0.875,
    "f1-score": 0.875,
    "support": 8,
    "confused_with": {
      "none": 1
    }
  },
  "affirmative": {
    "precision": 0.5185185185185185,
    "recall": 0.7368421052631579,
    "f1-score": 0.6086956521739131,
    "support": 19,
    "confused_with": {
      "none": 1,
      "greetings": 1
    }
  },
  "clarify": {
    "precision": 0.4090909090909091,
    "recall": 0.45,
    "f1-score": 0.4285714285714286,
    "support": 20,
    "confused_with": {
      "find": 5,
      "show": 2
    }
  },
  "bye": {
    "precision": 0.6666666666666666,
    "recall": 0.6666666666666666,
    "f1-score": 0.6666666666666666,
    "support": 9,
    "confused_with": {
      "affirmative": 3
    }
  },
  "deny": {
    "precision": 0.7142857142857143,
    "recall": 0.5263157894736842,
    "f1-score": 0.6060606060606061,
    "support": 19,
    "confused_with": {
      "affirmative": 5,
      "clarify": 2
    }
  },
  "find": {
    "precision": 0.5714285714285714,
    "recall": 0.6,
    "f1-score": 0.5853658536585366,
    "support": 20,
    "confused_with": {
      "pick up": 6,
      "clarify": 2
    }
  },
  "accuracy": 0.6130952380952381,
  "macro avg": {
    "precision": 0.6410787481439655,
    "recall": 0.6158670715249662,
    "f1-score": 0.6139786342631158,
    "support": 168
  },
  "weighted avg": {
    "precision": 0.6288667384681877,
    "recall": 0.6130952380952381,
    "f1-score": 0.6077415383186064,
    "support": 168
  }
}