{
  "affirmative": {
    "precision": 0.5714285714285714,
    "recall": 0.42105263157894735,
    "f1-score": 0.48484848484848486,
    "support": 19,
    "confused_with": {
      "clarify": 9,
      "greetings": 1
    }
  },
  "clarify": {
    "precision": 0.3137254901960784,
    "recall": 0.8,
    "f1-score": 0.45070422535211263,
    "support": 20,
    "confused_with": {
      "show": 2,
      "pick up": 2
    }
  },
  "greetings": {
    "precision": 0.3333333333333333,
    "recall": 0.25,
    "f1-score": 0.28571428571428575,
    "support": 8,
    "confused_with": {
      "none": 3,
      "clarify": 2
    }
  },
  "pick up": {
    "precision": 0.5263157894736842,
    "recall": 0.5,
    "f1-score": 0.5128205128205129,
    "support": 20,
    "confused_with": {
      "clarify": 4,
      "find": 3
    }
  },
  "show": {
    "precision": 0.625,
    "recall": 0.5,
    "f1-score": 0.5555555555555556,
    "support": 20,
    "confused_with": {
      "clarify": 5,
      "pick up": 3
    }
  },
  "find": {
    "precision": 0.47058823529411764,
    "recall": 0.4,
    "f1-score": 0.4324324324324324,
    "support": 20,
    "confused_with": {
      "clarify": 7,
      "pick up": 3
    }
  },
  "deny": {
    "precision": 0.8571428571428571,
    "recall": 0.631578947368421,
    "f1-score": 0.7272727272727273,
    "support": 19,
    "confused_with": {
      "affirmative": 4,
      "show": 1
    }
  },
  "move": {
    "precision": 0.8947368421052632,
    "recall": 0.85,
    "f1-score": 0.8717948717948718,
    "support": 20,
    "confused_with": {
      "find": 2,
      "pick up": 1
    }
  },
  "none": {
    "precision": 0.625,
    "recall": 0.38461538461538464,
    "f1-score": 0.4761904761904762,
    "support": 13,
    "confused_with": {
      "greetings": 3,
      "deny": 2
    }
  },
  "bye": {
    "precision": 0.5,
    "recall": 0.2222222222222222,
    "f1-score": 0.30769230769230765,
    "support": 9,
    "confused_with": {
      "clarify": 5,
      "find": 1
    }
  },
  "accuracy": 0.5357142857142857,
  "macro avg": {
    "precision": 0.5717271118973906,
    "recall": 0.49594691857849754,
    "f1-score": 0.5105025879673767,
    "support": 168
  },
  "weighted avg": {
    "precision": 0.5895348270887302,
    "recall": 0.5357142857142857,
    "f1-score": 0.5401302156835357,
    "support": 168
  }
}