{
  "recommended": [
    [
      0.9197989265930047,
      0.9205254939520165,
      0.9327151438645432,
      0.8465179417496819,
      0.6678681873667472
    ],
    [
      0.918436685431743,
      0.9368879589825067,
      0.9240848684238017,
      0.8359441770984971,
      0.6439593332151575
    ],
    [
      0.932466337286604,
      0.9272954364266552,
      0.9191959730709872,
      0.8044531953882449,
      0.6700810290833867
    ]
  ],
  "pretrained_embeddings_spacy": [
    [
      0.8462280822912597,
      0.8466588141341204,
      0.8079763682287144,
      0.7224747634089764,
      0.5046457765059223
    ],
    [
      0.8252594990708572,
      0.8329908920102901,
      0.7229595416948004,
      0.7093135695941204,
      0.48913597351386795
    ],
    [
      0.8396015444453739,
      0.8131411485841867,
      0.7808102525238225,
      0.7016969416431987,
      0.6072346481200178
    ]
  ],
  "custom": [
    [
      0.8953847674621275,
      0.8745182850904529,
      0.8656883484071014,
      0.8401941581065216,
      0.6895828548495632
    ],
    [
      0.8823004020846825,
      0.8732316688206482,
      0.8740005348369393,
      0.8169883684428212,
      0.6489619945027916
    ],
    [
      0.8507412353678874,
      0.842041233117203,
      0.8168838188386522,
      0.7826251453999895,
      0.649232397626342
    ]
  ],
  "supervised_embeddings": [
    [
      0.8627171209144039,
      0.8613292433469655,
      0.7928726947048068,
      0.7504300405122551,
      0.5274340567933847
    ],
    [
      0.8514085485144477,
      0.8495519383071687,
      0.8136214392113656,
      0.6979397014004801,
      0.5050020682626941
    ],
    [
      0.8530409639684007,
      0.8629920361310801,
      0.8293683014475308,
      0.7154734922128367,
      0.5422147932786306
    ]
  ],
  "mitie": [
    [
      0.844747636469388,
      0.8237382001997068,
      0.7568406394865727,
      0.6979822231402913,
      0.5127141405118724
    ],
    [
      0.8136916658735446,
      0.8108313586066136,
      0.7415495832524075,
      0.6656484445612564,
      0.5036284282555835
    ],
    [
      0.8051786015264427,
      0.7686728631700264,
      0.718943336599476,
      0.6379273674729855,
      0.49987236294565707
    ]
  ]
}