{
  "affirmative": {
    "precision": 0.6818181818181818,
    "recall": 0.7142857142857143,
    "f1-score": 0.6976744186046512,
    "support": 21,
    "confused_with": {
      "clarify": 3,
      "none": 1
    }
  },
  "show": {
    "precision": 0.851063829787234,
    "recall": 0.7547169811320755,
    "f1-score": 0.8,
    "support": 53,
    "confused_with": {
      "pick up": 5,
      "find": 3
    }
  },
  "none": {
    "precision": 0.5714285714285714,
    "recall": 0.5517241379310345,
    "f1-score": 0.5614035087719299,
    "support": 29,
    "confused_with": {
      "show": 6,
      "pick up": 2
    }
  },
  "bye": {
    "precision": 1.0,
    "recall": 0.45454545454545453,
    "f1-score": 0.625,
    "support": 11,
    "confused_with": {
      "deny": 2,
      "pick up": 1
    }
  },
  "deny": {
    "precision": 0.7575757575757576,
    "recall": 0.78125,
    "f1-score": 0.7692307692307692,
    "support": 32,
    "confused_with": {
      "pick up": 3,
      "none": 2
    }
  },
  "pick up": {
    "precision": 0.6666666666666666,
    "recall": 0.8421052631578947,
    "f1-score": 0.744186046511628,
    "support": 95,
    "confused_with": {
      "clarify": 6,
      "move": 3
    }
  },
  "move": {
    "precision": 0.5769230769230769,
    "recall": 0.40540540540540543,
    "f1-score": 0.47619047619047616,
    "support": 37,
    "confused_with": {
      "pick up": 20,
      "find": 2
    }
  },
  "greetings": {
    "precision": 0.42857142857142855,
    "recall": 0.21428571428571427,
    "f1-score": 0.2857142857142857,
    "support": 14,
    "confused_with": {
      "none": 4,
      "affirmative": 3
    }
  },
  "clarify": {
    "precision": 0.6388888888888888,
    "recall": 0.696969696969697,
    "f1-score": 0.6666666666666666,
    "support": 33,
    "confused_with": {
      "move": 6,
      "find": 2
    }
  },
  "find": {
    "precision": 0.6666666666666666,
    "recall": 0.6857142857142857,
    "f1-score": 0.676056338028169,
    "support": 35,
    "confused_with": {
      "pick up": 7,
      "none": 2
    }
  },
  "accuracy": 0.6833333333333333,
  "macro avg": {
    "precision": 0.6839603068326473,
    "recall": 0.6101002653427277,
    "f1-score": 0.6302122509718575,
    "support": 360
  },
  "weighted avg": {
    "precision": 0.6842626984914219,
    "recall": 0.6833333333333333,
    "f1-score": 0.6744470639697402,
    "support": 360
  }
}