{
  "object_color": {
    "precision": 0.8795180722891566,
    "recall": 0.9864864864864865,
    "f1-score": 0.9299363057324841,
    "support": 148
  },
  "object_name": {
    "precision": 0.7961165048543689,
    "recall": 0.9723320158102767,
    "f1-score": 0.8754448398576512,
    "support": 253
  },
  "placement": {
    "precision": 0.9473684210526315,
    "recall": 0.9473684210526315,
    "f1-score": 0.9473684210526315,
    "support": 95
  },
  "micro avg": {
    "precision": 0.8456140350877193,
    "recall": 0.9717741935483871,
    "f1-score": 0.9043151969981238,
    "support": 496
  },
  "macro avg": {
    "precision": 0.8743343327320523,
    "recall": 0.9687289744497982,
    "f1-score": 0.9175831888809222,
    "support": 496
  },
  "weighted avg": {
    "precision": 0.8499720774736905,
    "recall": 0.9717741935483871,
    "f1-score": 0.9054800760733738,
    "support": 496
  }
}