{
  "object_color": {
    "precision": 0.8933333333333333,
    "recall": 0.9054054054054054,
    "f1-score": 0.8993288590604026,
    "support": 148
  },
  "object_name": {
    "precision": 0.7035928143712575,
    "recall": 0.9288537549407114,
    "f1-score": 0.8006814310051107,
    "support": 253
  },
  "placement": {
    "precision": 0.989010989010989,
    "recall": 0.9473684210526315,
    "f1-score": 0.967741935483871,
    "support": 95
  },
  "micro avg": {
    "precision": 0.7982608695652174,
    "recall": 0.9254032258064516,
    "f1-score": 0.8571428571428571,
    "support": 496
  },
  "macro avg": {
    "precision": 0.8619790455718599,
    "recall": 0.9272091937995827,
    "f1-score": 0.8892507418497947,
    "support": 496
  },
  "weighted avg": {
    "precision": 0.8148757244461805,
    "recall": 0.9254032258064516,
    "f1-score": 0.8621140263229846,
    "support": 496
  }
}