{
  "show": {
    "precision": 0.7272727272727273,
    "recall": 0.7741935483870968,
    "f1-score": 0.7500000000000001,
    "support": 31,
    "confused_with": {
      "pick up": 2,
      "clarify": 2
    }
  },
  "affirmative": {
    "precision": 0.6666666666666666,
    "recall": 0.6666666666666666,
    "f1-score": 0.6666666666666666,
    "support": 21,
    "confused_with": {
      "none": 3,
      "show": 2
    }
  },
  "none": {
    "precision": 0.5555555555555556,
    "recall": 0.625,
    "f1-score": 0.5882352941176471,
    "support": 16,
    "confused_with": {
      "find": 2,
      "move": 1
    }
  },
  "bye": {
    "precision": 1.0,
    "recall": 0.45454545454545453,
    "f1-score": 0.625,
    "support": 11,
    "confused_with": {
      "find": 4,
      "none": 1
    }
  },
  "pick up": {
    "precision": 0.6410256410256411,
    "recall": 0.625,
    "f1-score": 0.6329113924050633,
    "support": 40,
    "confused_with": {
      "move": 5,
      "find": 4
    }
  },
  "deny": {
    "precision": 0.8888888888888888,
    "recall": 0.8,
    "f1-score": 0.8421052631578948,
    "support": 20,
    "confused_with": {
      "none": 2,
      "find": 2
    }
  },
  "clarify": {
    "precision": 0.56,
    "recall": 0.4827586206896552,
    "f1-score": 0.5185185185185185,
    "support": 29,
    "confused_with": {
      "move": 5,
      "show": 4
    }
  },
  "greetings": {
    "precision": 1.0,
    "recall": 0.1111111111111111,
    "f1-score": 0.19999999999999998,
    "support": 9,
    "confused_with": {
      "affirmative": 4,
      "clarify": 2,
      "show": 1
    }
  },
  "move": {
    "precision": 0.6410256410256411,
    "recall": 0.78125,
    "f1-score": 0.7042253521126761,
    "support": 32,
    "confused_with": {
      "pick up": 6,
      "find": 1
    }
  },
  "find": {
    "precision": 0.5,
    "recall": 0.6785714285714286,
    "f1-score": 0.5757575757575758,
    "support": 28,
    "confused_with": {
      "pick up": 3,
      "clarify": 3
    }
  },
  "accuracy": 0.6455696202531646,
  "macro avg": {
    "precision": 0.7180435120435121,
    "recall": 0.5999096829971413,
    "f1-score": 0.6103420062736042,
    "support": 237
  },
  "weighted avg": {
    "precision": 0.6734429002783433,
    "recall": 0.6455696202531646,
    "f1-score": 0.6379273674729855,
    "support": 237
  }
}