{
  "placement": {
    "precision": 0.9302325581395349,
    "recall": 0.975609756097561,
    "f1-score": 0.9523809523809524,
    "support": 82
  },
  "object_name": {
    "precision": 0.8727272727272727,
    "recall": 0.9536423841059603,
    "f1-score": 0.9113924050632912,
    "support": 151
  },
  "object_color": {
    "precision": 0.9716981132075472,
    "recall": 0.9903846153846154,
    "f1-score": 0.9809523809523809,
    "support": 104
  },
  "micro avg": {
    "precision": 0.9159663865546218,
    "recall": 0.9703264094955489,
    "f1-score": 0.9423631123919308,
    "support": 337
  },
  "macro avg": {
    "precision": 0.9248859813581182,
    "recall": 0.9732122518627122,
    "f1-score": 0.9482419127988749,
    "support": 337
  },
  "weighted avg": {
    "precision": 0.9172625867146734,
    "recall": 0.9703264094955489,
    "f1-score": 0.9428324595811355,
    "support": 337
  }
}