{
  "object_color": {
    "precision": 0.9896907216494846,
    "recall": 1.0,
    "f1-score": 0.9948186528497409,
    "support": 96
  },
  "object_name": {
    "precision": 1.0,
    "recall": 0.9931506849315068,
    "f1-score": 0.9965635738831615,
    "support": 146
  },
  "placement": {
    "precision": 1.0,
    "recall": 1.0,
    "f1-score": 1.0,
    "support": 69
  },
  "undefined_object": {
    "precision": 1.0,
    "recall": 1.0,
    "f1-score": 1.0,
    "support": 12
  },
  "micro avg": {
    "precision": 0.9969040247678018,
    "recall": 0.9969040247678018,
    "f1-score": 0.9969040247678018,
    "support": 323
  },
  "macro avg": {
    "precision": 0.9974226804123711,
    "recall": 0.9982876712328768,
    "f1-score": 0.9978455566832256,
    "support": 323
  },
  "weighted avg": {
    "precision": 0.9969359420382369,
    "recall": 0.9969040247678018,
    "f1-score": 0.9969067258839526,
    "support": 323
  }
}