{
  "move": {
    "precision": 0.9523809523809523,
    "recall": 1.0,
    "f1-score": 0.975609756097561,
    "support": 20,
    "confused_with": {}
  },
  "none": {
    "precision": 0.9230769230769231,
    "recall": 0.9230769230769231,
    "f1-score": 0.9230769230769231,
    "support": 13,
    "confused_with": {
      "greetings": 1
    }
  },
  "show": {
    "precision": 1.0,
    "recall": 0.95,
    "f1-score": 0.9743589743589743,
    "support": 20,
    "confused_with": {
      "find": 1
    }
  },
  "pick up": {
    "precision": 0.8260869565217391,
    "recall": 0.95,
    "f1-score": 0.8837209302325583,
    "support": 20,
    "confused_with": {
      "move": 1
    }
  },
  "greetings": {
    "precision": 0.6363636363636364,
    "recall": 0.875,
    "f1-score": 0.7368421052631579,
    "support": 8,
    "confused_with": {
      "none": 1
    }
  },
  "affirmative": {
    "precision": 1.0,
    "recall": 0.7894736842105263,
    "f1-score": 0.8823529411764706,
    "support": 19,
    "confused_with": {
      "greetings": 2,
      "deny": 1
    }
  },
  "clarify": {
    "precision": 1.0,
    "recall": 0.95,
    "f1-score": 0.9743589743589743,
    "support": 20,
    "confused_with": {
      "pick up": 1
    }
  },
  "bye": {
    "precision": 0.875,
    "recall": 0.7777777777777778,
    "f1-score": 0.823529411764706,
    "support": 9,
    "confused_with": {
      "greetings": 1,
      "deny": 1
    }
  },
  "deny": {
    "precision": 0.9047619047619048,
    "recall": 1.0,
    "f1-score": 0.9500000000000001,
    "support": 19,
    "confused_with": {}
  },
  "find": {
    "precision": 0.9444444444444444,
    "recall": 0.85,
    "f1-score": 0.8947368421052632,
    "support": 20,
    "confused_with": {
      "pick up": 3
    }
  },
  "accuracy": 0.9166666666666666,
  "macro avg": {
    "precision": 0.90621148175496,
    "recall": 0.9065328385065227,
    "f1-score": 0.9018586858434589,
    "support": 168
  },
  "weighted avg": {
    "precision": 0.9262775735019524,
    "recall": 0.9166666666666666,
    "f1-score": 0.9177197438893284,
    "support": 168
  }
}