{
  "move": {
    "precision": 0.8888888888888888,
    "recall": 0.8,
    "f1-score": 0.8421052631578948,
    "support": 20,
    "confused_with": {
      "pick up": 2,
      "find": 1
    }
  },
  "none": {
    "precision": 0.5,
    "recall": 0.23076923076923078,
    "f1-score": 0.3157894736842105,
    "support": 13,
    "confused_with": {
      "greetings": 5,
      "affirmative": 3
    }
  },
  "show": {
    "precision": 0.8636363636363636,
    "recall": 0.95,
    "f1-score": 0.9047619047619048,
    "support": 20,
    "confused_with": {
      "pick up": 1
    }
  },
  "pick up": {
    "precision": 0.6666666666666666,
    "recall": 0.8,
    "f1-score": 0.7272727272727272,
    "support": 20,
    "confused_with": {
      "find": 2,
      "move": 1
    }
  },
  "greetings": {
    "precision": 0.4444444444444444,
    "recall": 0.5,
    "f1-score": 0.47058823529411764,
    "support": 8,
    "confused_with": {
      "none": 3,
      "clarify": 1
    }
  },
  "affirmative": {
    "precision": 0.5789473684210527,
    "recall": 0.5789473684210527,
    "f1-score": 0.5789473684210527,
    "support": 19,
    "confused_with": {
      "find": 2,
      "deny": 2
    }
  },
  "clarify": {
    "precision": 0.7894736842105263,
    "recall": 0.75,
    "f1-score": 0.7692307692307692,
    "support": 20,
    "confused_with": {
      "show": 2,
      "find": 2
    }
  },
  "bye": {
    "precision": 0.7777777777777778,
    "recall": 0.7777777777777778,
    "f1-score": 0.7777777777777778,
    "support": 9,
    "confused_with": {
      "affirmative": 2
    }
  },
  "deny": {
    "precision": 0.8421052631578947,
    "recall": 0.8421052631578947,
    "f1-score": 0.8421052631578947,
    "support": 19,
    "confused_with": {
      "affirmative": 2,
      "move": 1
    }
  },
  "find": {
    "precision": 0.6956521739130435,
    "recall": 0.8,
    "f1-score": 0.7441860465116279,
    "support": 20,
    "confused_with": {
      "pick up": 4
    }
  },
  "accuracy": 0.7321428571428571,
  "macro avg": {
    "precision": 0.7047592631116659,
    "recall": 0.7029599640125955,
    "f1-score": 0.6972764829269977,
    "support": 168
  },
  "weighted avg": {
    "precision": 0.7270351851301508,
    "recall": 0.7321428571428571,
    "f1-score": 0.723935138446108,
    "support": 168
  }
}