{
  "move": {
    "precision": 0.8636363636363636,
    "recall": 0.95,
    "f1-score": 0.9047619047619048,
    "support": 20,
    "confused_with": {
      "clarify": 1
    }
  },
  "none": {
    "precision": 0.6875,
    "recall": 0.8461538461538461,
    "f1-score": 0.7586206896551724,
    "support": 13,
    "confused_with": {
      "move": 1,
      "deny": 1
    }
  },
  "show": {
    "precision": 0.95,
    "recall": 0.95,
    "f1-score": 0.9500000000000001,
    "support": 20,
    "confused_with": {
      "find": 1
    }
  },
  "pick up": {
    "precision": 0.9411764705882353,
    "recall": 0.8,
    "f1-score": 0.8648648648648648,
    "support": 20,
    "confused_with": {
      "clarify": 3,
      "find": 1
    }
  },
  "greetings": {
    "precision": 0.8571428571428571,
    "recall": 0.75,
    "f1-score": 0.7999999999999999,
    "support": 8,
    "confused_with": {
      "none": 1,
      "affirmative": 1
    }
  },
  "affirmative": {
    "precision": 0.8666666666666667,
    "recall": 0.6842105263157895,
    "f1-score": 0.7647058823529413,
    "support": 19,
    "confused_with": {
      "none": 3,
      "deny": 2
    }
  },
  "clarify": {
    "precision": 0.6666666666666666,
    "recall": 0.8,
    "f1-score": 0.7272727272727272,
    "support": 20,
    "confused_with": {
      "move": 2,
      "show": 1
    }
  },
  "bye": {
    "precision": 0.8888888888888888,
    "recall": 0.8888888888888888,
    "f1-score": 0.8888888888888888,
    "support": 9,
    "confused_with": {
      "greetings": 1
    }
  },
  "deny": {
    "precision": 0.8571428571428571,
    "recall": 0.9473684210526315,
    "f1-score": 0.9,
    "support": 19,
    "confused_with": {
      "affirmative": 1
    }
  },
  "find": {
    "precision": 0.8823529411764706,
    "recall": 0.75,
    "f1-score": 0.8108108108108107,
    "support": 20,
    "confused_with": {
      "clarify": 4,
      "pick up": 1
    }
  },
  "accuracy": 0.8392857142857143,
  "macro avg": {
    "precision": 0.8461173711909005,
    "recall": 0.8366621682411157,
    "f1-score": 0.8369925768607309,
    "support": 168
  },
  "weighted avg": {
    "precision": 0.8489504324457057,
    "recall": 0.8392857142857143,
    "f1-score": 0.8395576600263647,
    "support": 168
  }
}