{
  "affirmative": {
    "precision": 0.6842105263157895,
    "recall": 0.6190476190476191,
    "f1-score": 0.6500000000000001,
    "support": 21,
    "confused_with": {
      "none": 4,
      "deny": 2
    }
  },
  "show": {
    "precision": 0.7741935483870968,
    "recall": 0.9056603773584906,
    "f1-score": 0.8347826086956522,
    "support": 53,
    "confused_with": {
      "pick up": 4,
      "find": 1
    }
  },
  "none": {
    "precision": 0.5172413793103449,
    "recall": 0.5172413793103449,
    "f1-score": 0.5172413793103449,
    "support": 29,
    "confused_with": {
      "show": 5,
      "pick up": 3
    }
  },
  "bye": {
    "precision": 0.8,
    "recall": 0.7272727272727273,
    "f1-score": 0.761904761904762,
    "support": 11,
    "confused_with": {
      "none": 1,
      "greetings": 1
    }
  },
  "deny": {
    "precision": 0.84375,
    "recall": 0.84375,
    "f1-score": 0.84375,
    "support": 32,
    "confused_with": {
      "pick up": 3,
      "bye": 1
    }
  },
  "pick up": {
    "precision": 0.6721311475409836,
    "recall": 0.8631578947368421,
    "f1-score": 0.7557603686635944,
    "support": 95,
    "confused_with": {
      "none": 5,
      "find": 4
    }
  },
  "move": {
    "precision": 0.8,
    "recall": 0.5405405405405406,
    "f1-score": 0.6451612903225806,
    "support": 37,
    "confused_with": {
      "pick up": 17
    }
  },
  "greetings": {
    "precision": 0.5714285714285714,
    "recall": 0.2857142857142857,
    "f1-score": 0.38095238095238093,
    "support": 14,
    "confused_with": {
      "affirmative": 4,
      "none": 3
    }
  },
  "clarify": {
    "precision": 0.7083333333333334,
    "recall": 0.5151515151515151,
    "f1-score": 0.5964912280701754,
    "support": 33,
    "confused_with": {
      "pick up": 7,
      "show": 5
    }
  },
  "find": {
    "precision": 0.7666666666666667,
    "recall": 0.6571428571428571,
    "f1-score": 0.7076923076923077,
    "support": 35,
    "confused_with": {
      "pick up": 5,
      "show": 4
    }
  },
  "accuracy": 0.7138888888888889,
  "macro avg": {
    "precision": 0.7137955172982786,
    "recall": 0.6474679196275223,
    "f1-score": 0.6693736325611799,
    "support": 360
  },
  "weighted avg": {
    "precision": 0.7162818651857624,
    "recall": 0.7138888888888889,
    "f1-score": 0.7048039112102188,
    "support": 360
  }
}