{
  "find": {
    "precision": 0.9310344827586207,
    "recall": 0.9642857142857143,
    "f1-score": 0.9473684210526316,
    "support": 28,
    "confused_with": {
      "pick up": 1
    }
  },
  "none": {
    "precision": 0.8125,
    "recall": 0.7647058823529411,
    "f1-score": 0.787878787878788,
    "support": 17,
    "confused_with": {
      "affirmative": 4
    }
  },
  "affirmative": {
    "precision": 0.782608695652174,
    "recall": 0.8571428571428571,
    "f1-score": 0.8181818181818182,
    "support": 21,
    "confused_with": {
      "pick up": 1,
      "none": 1
    }
  },
  "greetings": {
    "precision": 0.8888888888888888,
    "recall": 0.8888888888888888,
    "f1-score": 0.8888888888888888,
    "support": 9,
    "confused_with": {
      "none": 1
    }
  },
  "move": {
    "precision": 0.8928571428571429,
    "recall": 0.78125,
    "f1-score": 0.8333333333333334,
    "support": 32,
    "confused_with": {
      "pick up": 6,
      "none": 1
    }
  },
  "clarify": {
    "precision": 1.0,
    "recall": 0.9310344827586207,
    "f1-score": 0.9642857142857143,
    "support": 29,
    "confused_with": {
      "pick up": 1,
      "greetings": 1
    }
  },
  "bye": {
    "precision": 0.9166666666666666,
    "recall": 1.0,
    "f1-score": 0.9565217391304348,
    "support": 11,
    "confused_with": {}
  },
  "deny": {
    "precision": 0.9473684210526315,
    "recall": 0.9,
    "f1-score": 0.9230769230769231,
    "support": 20,
    "confused_with": {
      "bye": 1,
      "affirmative": 1
    }
  },
  "show": {
    "precision": 1.0,
    "recall": 0.9354838709677419,
    "f1-score": 0.9666666666666666,
    "support": 31,
    "confused_with": {
      "move": 1,
      "find": 1
    }
  },
  "pick up": {
    "precision": 0.8043478260869565,
    "recall": 0.925,
    "f1-score": 0.8604651162790697,
    "support": 40,
    "confused_with": {
      "move": 2,
      "find": 1
    }
  },
  "accuracy": 0.8949579831932774,
  "macro avg": {
    "precision": 0.8976272123963082,
    "recall": 0.8947791696396765,
    "f1-score": 0.8946667408774267,
    "support": 238
  },
  "weighted avg": {
    "precision": 0.8995474432572681,
    "recall": 0.8949579831932774,
    "f1-score": 0.8953847674621275,
    "support": 238
  }
}