{
  "placement": {
    "precision": 0.948051948051948,
    "recall": 0.9358974358974359,
    "f1-score": 0.9419354838709677,
    "support": 78
  },
  "object_name": {
    "precision": 0.9764705882352941,
    "recall": 0.9485714285714286,
    "f1-score": 0.9623188405797102,
    "support": 175
  },
  "object_color": {
    "precision": 0.991304347826087,
    "recall": 0.9827586206896551,
    "f1-score": 0.9870129870129869,
    "support": 116
  },
  "micro avg": {
    "precision": 0.9751381215469613,
    "recall": 0.9566395663956639,
    "f1-score": 0.9658002735978112,
    "support": 369
  },
  "macro avg": {
    "precision": 0.971942294704443,
    "recall": 0.9557424950528399,
    "f1-score": 0.9637557704878882,
    "support": 369
  },
  "weighted avg": {
    "precision": 0.9751265832982507,
    "recall": 0.9566395663956639,
    "f1-score": 0.9657730930539059,
    "support": 369
  }
}