{
  "show": {
    "precision": 0.9393939393939394,
    "recall": 1.0,
    "f1-score": 0.96875,
    "support": 31,
    "confused_with": {}
  },
  "affirmative": {
    "precision": 0.8095238095238095,
    "recall": 0.8095238095238095,
    "f1-score": 0.8095238095238095,
    "support": 21,
    "confused_with": {
      "pick up": 3,
      "none": 1
    }
  },
  "none": {
    "precision": 0.8333333333333334,
    "recall": 0.625,
    "f1-score": 0.7142857142857143,
    "support": 16,
    "confused_with": {
      "affirmative": 4,
      "move": 1
    }
  },
  "bye": {
    "precision": 1.0,
    "recall": 1.0,
    "f1-score": 1.0,
    "support": 11,
    "confused_with": {}
  },
  "pick up": {
    "precision": 0.8055555555555556,
    "recall": 0.725,
    "f1-score": 0.7631578947368423,
    "support": 40,
    "confused_with": {
      "move": 10,
      "find": 1
    }
  },
  "deny": {
    "precision": 1.0,
    "recall": 0.95,
    "f1-score": 0.9743589743589743,
    "support": 20,
    "confused_with": {
      "move": 1
    }
  },
  "clarify": {
    "precision": 1.0,
    "recall": 0.6896551724137931,
    "f1-score": 0.8163265306122449,
    "support": 29,
    "confused_with": {
      "move": 3,
      "show": 2
    }
  },
  "greetings": {
    "precision": 1.0,
    "recall": 0.6666666666666666,
    "f1-score": 0.8,
    "support": 9,
    "confused_with": {
      "pick up": 1,
      "none": 1
    }
  },
  "move": {
    "precision": 0.6666666666666666,
    "recall": 1.0,
    "f1-score": 0.8,
    "support": 32,
    "confused_with": {}
  },
  "find": {
    "precision": 0.8387096774193549,
    "recall": 0.9285714285714286,
    "f1-score": 0.8813559322033899,
    "support": 28,
    "confused_with": {
      "pick up": 1,
      "move": 1
    }
  },
  "accuracy": 0.8481012658227848,
  "macro avg": {
    "precision": 0.8893182981892659,
    "recall": 0.8394417077175698,
    "f1-score": 0.8527758855720975,
    "support": 237
  },
  "weighted avg": {
    "precision": 0.8670631729022911,
    "recall": 0.8481012658227848,
    "f1-score": 0.8465179417496819,
    "support": 237
  }
}