{
  "show": {
    "precision": 0.9,
    "recall": 0.8709677419354839,
    "f1-score": 0.8852459016393444,
    "support": 31,
    "confused_with": {
      "pick up": 2,
      "clarify": 2
    }
  },
  "affirmative": {
    "precision": 0.8,
    "recall": 0.7619047619047619,
    "f1-score": 0.7804878048780488,
    "support": 21,
    "confused_with": {
      "none": 2,
      "deny": 2
    }
  },
  "none": {
    "precision": 0.6428571428571429,
    "recall": 0.5625,
    "f1-score": 0.6000000000000001,
    "support": 16,
    "confused_with": {
      "bye": 3,
      "affirmative": 2
    }
  },
  "bye": {
    "precision": 0.7272727272727273,
    "recall": 0.7272727272727273,
    "f1-score": 0.7272727272727273,
    "support": 11,
    "confused_with": {
      "none": 1,
      "move": 1
    }
  },
  "pick up": {
    "precision": 0.75,
    "recall": 0.675,
    "f1-score": 0.7105263157894738,
    "support": 40,
    "confused_with": {
      "move": 6,
      "find": 4
    }
  },
  "deny": {
    "precision": 0.8571428571428571,
    "recall": 0.9,
    "f1-score": 0.8780487804878048,
    "support": 20,
    "confused_with": {
      "pick up": 1,
      "none": 1
    }
  },
  "clarify": {
    "precision": 0.696969696969697,
    "recall": 0.7931034482758621,
    "f1-score": 0.7419354838709677,
    "support": 29,
    "confused_with": {
      "move": 3,
      "show": 1
    }
  },
  "greetings": {
    "precision": 0.6666666666666666,
    "recall": 0.4444444444444444,
    "f1-score": 0.5333333333333333,
    "support": 9,
    "confused_with": {
      "clarify": 4,
      "affirmative": 1
    }
  },
  "move": {
    "precision": 0.75,
    "recall": 0.9375,
    "f1-score": 0.8333333333333334,
    "support": 32,
    "confused_with": {
      "pick up": 2
    }
  },
  "find": {
    "precision": 0.8076923076923077,
    "recall": 0.75,
    "f1-score": 0.7777777777777779,
    "support": 28,
    "confused_with": {
      "pick up": 3,
      "clarify": 3
    }
  },
  "accuracy": 0.7721518987341772,
  "macro avg": {
    "precision": 0.7598601398601399,
    "recall": 0.742269312383328,
    "f1-score": 0.7467961458382811,
    "support": 237
  },
  "weighted avg": {
    "precision": 0.7719665707007479,
    "recall": 0.7721518987341772,
    "f1-score": 0.7686728631700264,
    "support": 237
  }
}