{
  "object_color": {
    "precision": 1.0,
    "recall": 0.9896907216494846,
    "f1-score": 0.9948186528497409,
    "support": 97
  },
  "object_name": {
    "precision": 0.9931972789115646,
    "recall": 0.9864864864864865,
    "f1-score": 0.9898305084745763,
    "support": 148
  },
  "placement": {
    "precision": 1.0,
    "recall": 1.0,
    "f1-score": 1.0,
    "support": 72
  },
  "undefined_object": {
    "precision": 1.0,
    "recall": 0.7142857142857143,
    "f1-score": 0.8333333333333333,
    "support": 14
  },
  "micro avg": {
    "precision": 0.9969230769230769,
    "recall": 0.9788519637462235,
    "f1-score": 0.9878048780487805,
    "support": 331
  },
  "macro avg": {
    "precision": 0.9982993197278911,
    "recall": 0.9226157306054213,
    "f1-score": 0.9544956236644127,
    "support": 331
  },
  "weighted avg": {
    "precision": 0.9969582999362887,
    "recall": 0.9788519637462235,
    "f1-score": 0.9868851699315071,
    "support": 331
  }
}