{
  "object_color": {
    "precision": 0.9337748344370861,
    "recall": 0.9724137931034482,
    "f1-score": 0.9527027027027026,
    "support": 145
  },
  "object_name": {
    "precision": 0.8613138686131386,
    "recall": 0.9477911646586346,
    "f1-score": 0.9024856596558318,
    "support": 249
  },
  "placement": {
    "precision": 0.9436619718309859,
    "recall": 0.8481012658227848,
    "f1-score": 0.8933333333333333,
    "support": 79
  },
  "micro avg": {
    "precision": 0.8951612903225806,
    "recall": 0.9386892177589852,
    "f1-score": 0.9164086687306502,
    "support": 473
  },
  "macro avg": {
    "precision": 0.9129168916270701,
    "recall": 0.9227687411949558,
    "f1-score": 0.9161738985639559,
    "support": 473
  },
  "weighted avg": {
    "precision": 0.8972807612107757,
    "recall": 0.9386892177589852,
    "f1-score": 0.9163512779694023,
    "support": 473
  }
}