{
  "object_color": {
    "precision": 0.9798657718120806,
    "recall": 0.9668874172185431,
    "f1-score": 0.9733333333333333,
    "support": 151
  },
  "placement": {
    "precision": 0.9411764705882353,
    "recall": 0.8791208791208791,
    "f1-score": 0.9090909090909091,
    "support": 91
  },
  "object_name": {
    "precision": 0.9415384615384615,
    "recall": 0.9714285714285714,
    "f1-score": 0.9562499999999999,
    "support": 315
  },
  "micro avg": {
    "precision": 0.9516994633273703,
    "recall": 0.9551166965888689,
    "f1-score": 0.9534050179211468,
    "support": 557
  },
  "macro avg": {
    "precision": 0.9541935679795924,
    "recall": 0.9391456225893312,
    "f1-score": 0.9462247474747474,
    "support": 557
  },
  "weighted avg": {
    "precision": 0.9518696692132298,
    "recall": 0.9551166965888689,
    "f1-score": 0.9531765817964203,
    "support": 557
  }
}