{
  "move": {
    "precision": 0.8636363636363636,
    "recall": 0.95,
    "f1-score": 0.9047619047619048,
    "support": 20,
    "confused_with": {
      "clarify": 1
    }
  },
  "none": {
    "precision": 0.8571428571428571,
    "recall": 0.9230769230769231,
    "f1-score": 0.888888888888889,
    "support": 13,
    "confused_with": {
      "move": 1
    }
  },
  "show": {
    "precision": 0.9523809523809523,
    "recall": 1.0,
    "f1-score": 0.975609756097561,
    "support": 20,
    "confused_with": {}
  },
  "pick up": {
    "precision": 0.85,
    "recall": 0.85,
    "f1-score": 0.85,
    "support": 20,
    "confused_with": {
      "clarify": 2,
      "show": 1
    }
  },
  "greetings": {
    "precision": 1.0,
    "recall": 0.625,
    "f1-score": 0.7692307692307693,
    "support": 8,
    "confused_with": {
      "pick up": 1,
      "none": 1
    }
  },
  "affirmative": {
    "precision": 0.7391304347826086,
    "recall": 0.8947368421052632,
    "f1-score": 0.8095238095238095,
    "support": 19,
    "confused_with": {
      "none": 1,
      "deny": 1
    }
  },
  "clarify": {
    "precision": 0.8181818181818182,
    "recall": 0.9,
    "f1-score": 0.8571428571428572,
    "support": 20,
    "confused_with": {
      "pick up": 1,
      "move": 1
    }
  },
  "bye": {
    "precision": 1.0,
    "recall": 0.5555555555555556,
    "f1-score": 0.7142857142857143,
    "support": 9,
    "confused_with": {
      "affirmative": 3,
      "pick up": 1
    }
  },
  "deny": {
    "precision": 0.9444444444444444,
    "recall": 0.8947368421052632,
    "f1-score": 0.918918918918919,
    "support": 19,
    "confused_with": {
      "affirmative": 2
    }
  },
  "find": {
    "precision": 1.0,
    "recall": 0.9,
    "f1-score": 0.9473684210526316,
    "support": 20,
    "confused_with": {
      "move": 1,
      "clarify": 1
    }
  },
  "accuracy": 0.8809523809523809,
  "macro avg": {
    "precision": 0.9024916870569044,
    "recall": 0.8493106162843004,
    "f1-score": 0.8635731039903056,
    "support": 168
  },
  "weighted avg": {
    "precision": 0.8917545388818682,
    "recall": 0.8809523809523809,
    "f1-score": 0.8790240699969291,
    "support": 168
  }
}