{
  "undefined_object": {
    "precision": 1.0,
    "recall": 0.2,
    "f1-score": 0.33333333333333337,
    "support": 15
  },
  "object_name": {
    "precision": 0.8315789473684211,
    "recall": 0.9080459770114943,
    "f1-score": 0.8681318681318682,
    "support": 87
  },
  "placement": {
    "precision": 0.9518072289156626,
    "recall": 1.0,
    "f1-score": 0.9753086419753086,
    "support": 79
  },
  "object_color": {
    "precision": 1.0,
    "recall": 0.5161290322580645,
    "f1-score": 0.6808510638297872,
    "support": 93
  },
  "micro avg": {
    "precision": 0.9126637554585153,
    "recall": 0.7627737226277372,
    "f1-score": 0.8310139165009941,
    "support": 274
  },
  "macro avg": {
    "precision": 0.9458465440710209,
    "recall": 0.6560437523173898,
    "f1-score": 0.7144062268175744,
    "support": 274
  },
  "weighted avg": {
    "precision": 0.9326282463700365,
    "recall": 0.7627737226277372,
    "f1-score": 0.8061897962762485,
    "support": 274
  }
}