{
  "affirmative": {
    "precision": 0.8571428571428571,
    "recall": 0.3157894736842105,
    "f1-score": 0.46153846153846156,
    "support": 19,
    "confused_with": {
      "none": 5,
      "pick up": 3
    }
  },
  "clarify": {
    "precision": 0.3333333333333333,
    "recall": 0.1,
    "f1-score": 0.15384615384615383,
    "support": 20,
    "confused_with": {
      "pick up": 12,
      "move": 6
    }
  },
  "greetings": {
    "precision": 0.8,
    "recall": 0.5,
    "f1-score": 0.6153846153846154,
    "support": 8,
    "confused_with": {
      "none": 4
    }
  },
  "pick up": {
    "precision": 0.22807017543859648,
    "recall": 0.65,
    "f1-score": 0.33766233766233766,
    "support": 20,
    "confused_with": {
      "move": 4,
      "show": 1
    }
  },
  "show": {
    "precision": 0.5,
    "recall": 0.2,
    "f1-score": 0.28571428571428575,
    "support": 20,
    "confused_with": {
      "pick up": 9,
      "move": 6
    }
  },
  "find": {
    "precision": 0.5,
    "recall": 0.1,
    "f1-score": 0.16666666666666669,
    "support": 20,
    "confused_with": {
      "pick up": 10,
      "none": 4,
      "move": 3
    }
  },
  "deny": {
    "precision": 0.8181818181818182,
    "recall": 0.47368421052631576,
    "f1-score": 0.6,
    "support": 19,
    "confused_with": {
      "show": 3,
      "pick up": 2
    }
  },
  "move": {
    "precision": 0.2972972972972973,
    "recall": 0.55,
    "f1-score": 0.38596491228070173,
    "support": 20,
    "confused_with": {
      "pick up": 8,
      "clarify": 1
    }
  },
  "none": {
    "precision": 0.35714285714285715,
    "recall": 0.7692307692307693,
    "f1-score": 0.48780487804878053,
    "support": 13,
    "confused_with": {
      "move": 2,
      "find": 1
    }
  },
  "bye": {
    "precision": 1.0,
    "recall": 0.5555555555555556,
    "f1-score": 0.7142857142857143,
    "support": 9,
    "confused_with": {
      "none": 3,
      "move": 1
    }
  },
  "accuracy": 0.39285714285714285,
  "macro avg": {
    "precision": 0.569116833853676,
    "recall": 0.42142600089968507,
    "f1-score": 0.4208868025427718,
    "support": 168
  },
  "weighted avg": {
    "precision": 0.5300478696155388,
    "recall": 0.39285714285714285,
    "f1-score": 0.3836870813030725,
    "support": 168
  }
}