{
  "object_color": {
    "precision": 1.0,
    "recall": 1.0,
    "f1-score": 1.0,
    "support": 88
  },
  "object_name": {
    "precision": 1.0,
    "recall": 0.9882352941176471,
    "f1-score": 0.9940828402366864,
    "support": 85
  },
  "placement": {
    "precision": 1.0,
    "recall": 1.0,
    "f1-score": 1.0,
    "support": 72
  },
  "undefined_object": {
    "precision": 1.0,
    "recall": 0.7142857142857143,
    "f1-score": 0.8333333333333333,
    "support": 14
  },
  "micro avg": {
    "precision": 1.0,
    "recall": 0.9806949806949807,
    "f1-score": 0.9902534113060429,
    "support": 259
  },
  "macro avg": {
    "precision": 1.0,
    "recall": 0.9256302521008404,
    "f1-score": 0.9568540433925048,
    "support": 259
  },
  "weighted avg": {
    "precision": 1.0,
    "recall": 0.9806949806949807,
    "f1-score": 0.9890490659721428,
    "support": 259
  }
}