{
  "move": {
    "precision": 0.7037037037037037,
    "recall": 0.95,
    "f1-score": 0.8085106382978724,
    "support": 20,
    "confused_with": {
      "find": 1
    }
  },
  "none": {
    "precision": 0.625,
    "recall": 0.38461538461538464,
    "f1-score": 0.4761904761904762,
    "support": 13,
    "confused_with": {
      "affirmative": 4,
      "deny": 2
    }
  },
  "show": {
    "precision": 0.95,
    "recall": 0.95,
    "f1-score": 0.9500000000000001,
    "support": 20,
    "confused_with": {
      "pick up": 1
    }
  },
  "pick up": {
    "precision": 0.5454545454545454,
    "recall": 0.6,
    "f1-score": 0.5714285714285713,
    "support": 20,
    "confused_with": {
      "find": 6,
      "show": 1
    }
  },
  "greetings": {
    "precision": 0.8,
    "recall": 0.5,
    "f1-score": 0.6153846153846154,
    "support": 8,
    "confused_with": {
      "affirmative": 2,
      "pick up": 1
    }
  },
  "affirmative": {
    "precision": 0.6190476190476191,
    "recall": 0.6842105263157895,
    "f1-score": 0.6500000000000001,
    "support": 19,
    "confused_with": {
      "deny": 4,
      "greetings": 1
    }
  },
  "clarify": {
    "precision": 0.8181818181818182,
    "recall": 0.45,
    "f1-score": 0.5806451612903226,
    "support": 20,
    "confused_with": {
      "move": 6,
      "pick up": 4
    }
  },
  "bye": {
    "precision": 0.75,
    "recall": 0.6666666666666666,
    "f1-score": 0.7058823529411765,
    "support": 9,
    "confused_with": {
      "none": 1,
      "move": 1
    }
  },
  "deny": {
    "precision": 0.75,
    "recall": 0.9473684210526315,
    "f1-score": 0.8372093023255814,
    "support": 19,
    "confused_with": {
      "affirmative": 1
    }
  },
  "find": {
    "precision": 0.6363636363636364,
    "recall": 0.7,
    "f1-score": 0.6666666666666666,
    "support": 20,
    "confused_with": {
      "pick up": 4,
      "none": 1
    }
  },
  "accuracy": 0.7083333333333334,
  "macro avg": {
    "precision": 0.7197751322751323,
    "recall": 0.6832860998650472,
    "f1-score": 0.6861917784525283,
    "support": 168
  },
  "weighted avg": {
    "precision": 0.7164343978332074,
    "recall": 0.7083333333333334,
    "f1-score": 0.6980267368326096,
    "support": 168
  }
}