{
  "show": {
    "precision": 0.8529411764705882,
    "recall": 0.9354838709677419,
    "f1-score": 0.8923076923076922,
    "support": 31,
    "confused_with": {
      "clarify": 2
    }
  },
  "affirmative": {
    "precision": 0.8260869565217391,
    "recall": 0.9047619047619048,
    "f1-score": 0.8636363636363636,
    "support": 21,
    "confused_with": {
      "greetings": 1,
      "deny": 1
    }
  },
  "none": {
    "precision": 0.7647058823529411,
    "recall": 0.8125,
    "f1-score": 0.787878787878788,
    "support": 16,
    "confused_with": {
      "affirmative": 2,
      "bye": 1
    }
  },
  "bye": {
    "precision": 0.9090909090909091,
    "recall": 0.9090909090909091,
    "f1-score": 0.9090909090909091,
    "support": 11,
    "confused_with": {
      "affirmative": 1
    }
  },
  "pick up": {
    "precision": 0.8571428571428571,
    "recall": 0.75,
    "f1-score": 0.7999999999999999,
    "support": 40,
    "confused_with": {
      "move": 4,
      "clarify": 4
    }
  },
  "deny": {
    "precision": 0.9473684210526315,
    "recall": 0.9,
    "f1-score": 0.9230769230769231,
    "support": 20,
    "confused_with": {
      "none": 2
    }
  },
  "clarify": {
    "precision": 0.7142857142857143,
    "recall": 0.6896551724137931,
    "f1-score": 0.7017543859649122,
    "support": 29,
    "confused_with": {
      "move": 5,
      "show": 3
    }
  },
  "greetings": {
    "precision": 0.8888888888888888,
    "recall": 0.8888888888888888,
    "f1-score": 0.8888888888888888,
    "support": 9,
    "confused_with": {
      "none": 1
    }
  },
  "move": {
    "precision": 0.7631578947368421,
    "recall": 0.90625,
    "f1-score": 0.8285714285714286,
    "support": 32,
    "confused_with": {
      "pick up": 3
    }
  },
  "find": {
    "precision": 1.0,
    "recall": 0.8214285714285714,
    "f1-score": 0.9019607843137255,
    "support": 28,
    "confused_with": {
      "pick up": 2,
      "clarify": 2
    }
  },
  "accuracy": 0.8396624472573839,
  "macro avg": {
    "precision": 0.8523668700543112,
    "recall": 0.8518059317551809,
    "f1-score": 0.849716616372963,
    "support": 237
  },
  "weighted avg": {
    "precision": 0.8455388933663436,
    "recall": 0.8396624472573839,
    "f1-score": 0.8396015444453739,
    "support": 237
  }
}