{
  "object_color": {
    "precision": 1.0,
    "recall": 0.8958333333333334,
    "f1-score": 0.945054945054945,
    "support": 96
  },
  "object_name": {
    "precision": 0.9084507042253521,
    "recall": 0.8835616438356164,
    "f1-score": 0.8958333333333333,
    "support": 146
  },
  "placement": {
    "precision": 1.0,
    "recall": 0.9420289855072463,
    "f1-score": 0.9701492537313433,
    "support": 69
  },
  "undefined_object": {
    "precision": 1.0,
    "recall": 0.16666666666666666,
    "f1-score": 0.2857142857142857,
    "support": 12
  },
  "micro avg": {
    "precision": 0.9559322033898305,
    "recall": 0.8730650154798761,
    "f1-score": 0.912621359223301,
    "support": 323
  },
  "macro avg": {
    "precision": 0.977112676056338,
    "recall": 0.7220226573357157,
    "f1-score": 0.7741879544584768,
    "support": 323
  },
  "weighted avg": {
    "precision": 0.9586185845724501,
    "recall": 0.8730650154798761,
    "f1-score": 0.9036712425014721,
    "support": 323
  }
}