{
  "undefined_object": {
    "precision": 0.0,
    "recall": 0.0,
    "f1-score": 0.0,
    "support": 17
  },
  "object_name": {
    "precision": 1.0,
    "recall": 0.47058823529411764,
    "f1-score": 0.6399999999999999,
    "support": 85
  },
  "placement": {
    "precision": 0.9852941176470589,
    "recall": 1.0,
    "f1-score": 0.9925925925925926,
    "support": 67
  },
  "object_color": {
    "precision": 0.896551724137931,
    "recall": 0.3023255813953488,
    "f1-score": 0.45217391304347815,
    "support": 86
  },
  "micro avg": {
    "precision": 0.9708029197080292,
    "recall": 0.5215686274509804,
    "f1-score": 0.6785714285714286,
    "support": 255
  },
  "macro avg": {
    "precision": 0.7204614604462475,
    "recall": 0.44322845417236667,
    "f1-score": 0.5211916264090177,
    "support": 255
  },
  "weighted avg": {
    "precision": 0.8945809966988824,
    "recall": 0.5215686274509804,
    "f1-score": 0.6266300400997757,
    "support": 255
  }
}