{
  "affirmative": {
    "precision": 0.5384615384615384,
    "recall": 0.3684210526315789,
    "f1-score": 0.4375,
    "support": 19,
    "confused_with": {
      "none": 4,
      "deny": 4
    }
  },
  "clarify": {
    "precision": 0.20833333333333334,
    "recall": 0.25,
    "f1-score": 0.22727272727272727,
    "support": 20,
    "confused_with": {
      "move": 6,
      "find": 6
    }
  },
  "greetings": {
    "precision": 0.3333333333333333,
    "recall": 0.125,
    "f1-score": 0.18181818181818182,
    "support": 8,
    "confused_with": {
      "none": 2,
      "deny": 2
    }
  },
  "pick up": {
    "precision": 0.25,
    "recall": 0.1,
    "f1-score": 0.14285714285714288,
    "support": 20,
    "confused_with": {
      "show": 8,
      "move": 3,
      "clarify": 3
    }
  },
  "show": {
    "precision": 0.25,
    "recall": 0.3,
    "f1-score": 0.2727272727272727,
    "support": 20,
    "confused_with": {
      "clarify": 8,
      "deny": 2
    }
  },
  "find": {
    "precision": 0.21428571428571427,
    "recall": 0.15,
    "f1-score": 0.1764705882352941,
    "support": 20,
    "confused_with": {
      "clarify": 5,
      "show": 3,
      "pick up": 3
    }
  },
  "deny": {
    "precision": 0.3103448275862069,
    "recall": 0.47368421052631576,
    "f1-score": 0.375,
    "support": 19,
    "confused_with": {
      "bye": 5,
      "none": 4
    }
  },
  "move": {
    "precision": 0.5185185185185185,
    "recall": 0.7,
    "f1-score": 0.5957446808510639,
    "support": 20,
    "confused_with": {
      "show": 6
    }
  },
  "none": {
    "precision": 0.2,
    "recall": 0.23076923076923078,
    "f1-score": 0.21428571428571427,
    "support": 13,
    "confused_with": {
      "deny": 8,
      "find": 1
    }
  },
  "bye": {
    "precision": 0.09090909090909091,
    "recall": 0.1111111111111111,
    "f1-score": 0.09999999999999999,
    "support": 9,
    "confused_with": {
      "affirmative": 4,
      "deny": 2,
      "pick up": 1
    }
  },
  "accuracy": 0.30357142857142855,
  "macro avg": {
    "precision": 0.2914186356427736,
    "recall": 0.28089856050382367,
    "f1-score": 0.2723676308047397,
    "support": 168
  },
  "weighted avg": {
    "precision": 0.3037792902530177,
    "recall": 0.30357142857142855,
    "f1-score": 0.29094766654243903,
    "support": 168
  }
}