{
  "move": {
    "precision": 0.9,
    "recall": 0.9,
    "f1-score": 0.9,
    "support": 20,
    "confused_with": {
      "pick up": 1,
      "find": 1
    }
  },
  "none": {
    "precision": 0.5454545454545454,
    "recall": 0.46153846153846156,
    "f1-score": 0.4999999999999999,
    "support": 13,
    "confused_with": {
      "deny": 5,
      "pick up": 1
    }
  },
  "show": {
    "precision": 0.9047619047619048,
    "recall": 0.95,
    "f1-score": 0.9268292682926829,
    "support": 20,
    "confused_with": {
      "none": 1
    }
  },
  "pick up": {
    "precision": 0.625,
    "recall": 0.75,
    "f1-score": 0.6818181818181818,
    "support": 20,
    "confused_with": {
      "find": 3,
      "clarify": 2
    }
  },
  "greetings": {
    "precision": 0.6666666666666666,
    "recall": 0.75,
    "f1-score": 0.7058823529411765,
    "support": 8,
    "confused_with": {
      "none": 1,
      "bye": 1
    }
  },
  "affirmative": {
    "precision": 0.7857142857142857,
    "recall": 0.5789473684210527,
    "f1-score": 0.6666666666666667,
    "support": 19,
    "confused_with": {
      "none": 3,
      "deny": 3
    }
  },
  "clarify": {
    "precision": 0.8,
    "recall": 0.8,
    "f1-score": 0.8000000000000002,
    "support": 20,
    "confused_with": {
      "show": 2,
      "move": 1
    }
  },
  "bye": {
    "precision": 0.8571428571428571,
    "recall": 0.6666666666666666,
    "f1-score": 0.75,
    "support": 9,
    "confused_with": {
      "affirmative": 2,
      "greetings": 1
    }
  },
  "deny": {
    "precision": 0.68,
    "recall": 0.8947368421052632,
    "f1-score": 0.7727272727272727,
    "support": 19,
    "confused_with": {
      "find": 1,
      "affirmative": 1
    }
  },
  "find": {
    "precision": 0.6470588235294118,
    "recall": 0.55,
    "f1-score": 0.5945945945945946,
    "support": 20,
    "confused_with": {
      "pick up": 7,
      "move": 1
    }
  },
  "accuracy": 0.7440476190476191,
  "macro avg": {
    "precision": 0.7411799083269671,
    "recall": 0.7301889338731444,
    "f1-score": 0.7298518337040576,
    "support": 168
  },
  "weighted avg": {
    "precision": 0.7471637746007493,
    "recall": 0.7440476190476191,
    "f1-score": 0.7399427652745444,
    "support": 168
  }
}