{
  "undefined_object": {
    "precision": 1.0,
    "recall": 0.9166666666666666,
    "f1-score": 0.9565217391304348,
    "support": 12
  },
  "object_name": {
    "precision": 1.0,
    "recall": 0.9893617021276596,
    "f1-score": 0.9946524064171123,
    "support": 94
  },
  "placement": {
    "precision": 0.9852941176470589,
    "recall": 1.0,
    "f1-score": 0.9925925925925926,
    "support": 67
  },
  "object_color": {
    "precision": 0.9895833333333334,
    "recall": 1.0,
    "f1-score": 0.9947643979057591,
    "support": 95
  },
  "micro avg": {
    "precision": 0.9925373134328358,
    "recall": 0.9925373134328358,
    "f1-score": 0.9925373134328358,
    "support": 268
  },
  "macro avg": {
    "precision": 0.9937193627450981,
    "recall": 0.9765070921985816,
    "f1-score": 0.9846327840114747,
    "support": 268
  },
  "weighted avg": {
    "precision": 0.9926310542873866,
    "recall": 0.9925373134328358,
    "f1-score": 0.9924698081250917,
    "support": 268
  }
}