{
  "affirmative": {
    "precision": 0.8571428571428571,
    "recall": 0.9473684210526315,
    "f1-score": 0.9,
    "support": 19,
    "confused_with": {
      "none": 1
    }
  },
  "clarify": {
    "precision": 0.9047619047619048,
    "recall": 0.95,
    "f1-score": 0.9268292682926829,
    "support": 20,
    "confused_with": {
      "show": 1
    }
  },
  "greetings": {
    "precision": 0.7,
    "recall": 0.875,
    "f1-score": 0.7777777777777777,
    "support": 8,
    "confused_with": {
      "clarify": 1
    }
  },
  "pick up": {
    "precision": 0.9473684210526315,
    "recall": 0.9,
    "f1-score": 0.9230769230769231,
    "support": 20,
    "confused_with": {
      "show": 1,
      "clarify": 1
    }
  },
  "show": {
    "precision": 0.8333333333333334,
    "recall": 1.0,
    "f1-score": 0.9090909090909091,
    "support": 20,
    "confused_with": {}
  },
  "find": {
    "precision": 0.9411764705882353,
    "recall": 0.8,
    "f1-score": 0.8648648648648648,
    "support": 20,
    "confused_with": {
      "show": 2,
      "move": 2
    }
  },
  "deny": {
    "precision": 0.9411764705882353,
    "recall": 0.8421052631578947,
    "f1-score": 0.8888888888888888,
    "support": 19,
    "confused_with": {
      "none": 2,
      "affirmative": 1
    }
  },
  "move": {
    "precision": 0.7916666666666666,
    "recall": 0.95,
    "f1-score": 0.8636363636363635,
    "support": 20,
    "confused_with": {
      "pick up": 1
    }
  },
  "none": {
    "precision": 0.6666666666666666,
    "recall": 0.46153846153846156,
    "f1-score": 0.5454545454545455,
    "support": 13,
    "confused_with": {
      "greetings": 3,
      "affirmative": 2
    }
  },
  "bye": {
    "precision": 1.0,
    "recall": 0.6666666666666666,
    "f1-score": 0.8,
    "support": 9,
    "confused_with": {
      "move": 2,
      "find": 1
    }
  },
  "accuracy": 0.8630952380952381,
  "macro avg": {
    "precision": 0.8583292790800531,
    "recall": 0.8392678812415655,
    "f1-score": 0.8399619541082955,
    "support": 168
  },
  "weighted avg": {
    "precision": 0.8678623203667432,
    "recall": 0.8630952380952381,
    "f1-score": 0.8586427784598515,
    "support": 168
  }
}