{
  "object_color": {
    "precision": 0.9857142857142858,
    "recall": 0.9857142857142858,
    "f1-score": 0.9857142857142858,
    "support": 140
  },
  "placement": {
    "precision": 0.9139784946236559,
    "recall": 0.9444444444444444,
    "f1-score": 0.9289617486338798,
    "support": 90
  },
  "object_name": {
    "precision": 0.9490196078431372,
    "recall": 0.9565217391304348,
    "f1-score": 0.952755905511811,
    "support": 253
  },
  "micro avg": {
    "precision": 0.9528688524590164,
    "recall": 0.9627329192546584,
    "f1-score": 0.9577754891864058,
    "support": 483
  },
  "macro avg": {
    "precision": 0.9495707960603598,
    "recall": 0.9622268230963883,
    "f1-score": 0.9558106466199923,
    "support": 483
  },
  "weighted avg": {
    "precision": 0.9531263463777283,
    "recall": 0.9627329192546584,
    "f1-score": 0.9578753653655018,
    "support": 483
  }
}