{
  "affirmative": {
    "precision": 0.7391304347826086,
    "recall": 0.8095238095238095,
    "f1-score": 0.7727272727272727,
    "support": 21,
    "confused_with": {
      "pick up": 1,
      "none": 1
    }
  },
  "none": {
    "precision": 0.7692307692307693,
    "recall": 0.3448275862068966,
    "f1-score": 0.47619047619047616,
    "support": 29,
    "confused_with": {
      "pick up": 6,
      "affirmative": 4
    }
  },
  "deny": {
    "precision": 0.8529411764705882,
    "recall": 0.90625,
    "f1-score": 0.8787878787878787,
    "support": 32,
    "confused_with": {
      "clarify": 2,
      "pick up": 1
    }
  },
  "show": {
    "precision": 0.9375,
    "recall": 0.8490566037735849,
    "f1-score": 0.8910891089108911,
    "support": 53,
    "confused_with": {
      "pick up": 4,
      "clarify": 2
    }
  },
  "find": {
    "precision": 0.9714285714285714,
    "recall": 0.9714285714285714,
    "f1-score": 0.9714285714285714,
    "support": 35,
    "confused_with": {
      "pick up": 1
    }
  },
  "bye": {
    "precision": 1.0,
    "recall": 0.8181818181818182,
    "f1-score": 0.9,
    "support": 11,
    "confused_with": {
      "none": 1,
      "affirmative": 1
    }
  },
  "greetings": {
    "precision": 0.8666666666666667,
    "recall": 0.9285714285714286,
    "f1-score": 0.896551724137931,
    "support": 14,
    "confused_with": {
      "affirmative": 1
    }
  },
  "move": {
    "precision": 0.868421052631579,
    "recall": 0.8918918918918919,
    "f1-score": 0.88,
    "support": 37,
    "confused_with": {
      "pick up": 3,
      "clarify": 1
    }
  },
  "clarify": {
    "precision": 0.6511627906976745,
    "recall": 0.8484848484848485,
    "f1-score": 0.736842105263158,
    "support": 33,
    "confused_with": {
      "pick up": 3,
      "move": 1
    }
  },
  "pick up": {
    "precision": 0.8137254901960784,
    "recall": 0.8736842105263158,
    "f1-score": 0.8426395939086295,
    "support": 95,
    "confused_with": {
      "clarify": 6,
      "move": 3
    }
  },
  "accuracy": 0.8361111111111111,
  "macro avg": {
    "precision": 0.8470206952104536,
    "recall": 0.8241900768589165,
    "f1-score": 0.8246256731354809,
    "support": 360
  },
  "weighted avg": {
    "precision": 0.8413007084098288,
    "recall": 0.8361111111111111,
    "f1-score": 0.8299000179533915,
    "support": 360
  }
}