{
  "move": {
    "precision": 0.8695652173913043,
    "recall": 1.0,
    "f1-score": 0.9302325581395349,
    "support": 20,
    "confused_with": {}
  },
  "none": {
    "precision": 0.6923076923076923,
    "recall": 0.6923076923076923,
    "f1-score": 0.6923076923076923,
    "support": 13,
    "confused_with": {
      "pick up": 1,
      "move": 1
    }
  },
  "show": {
    "precision": 0.9523809523809523,
    "recall": 1.0,
    "f1-score": 0.975609756097561,
    "support": 20,
    "confused_with": {}
  },
  "pick up": {
    "precision": 0.75,
    "recall": 0.9,
    "f1-score": 0.8181818181818182,
    "support": 20,
    "confused_with": {
      "show": 1,
      "clarify": 1
    }
  },
  "greetings": {
    "precision": 1.0,
    "recall": 0.625,
    "f1-score": 0.7692307692307693,
    "support": 8,
    "confused_with": {
      "pick up": 1,
      "none": 1
    }
  },
  "affirmative": {
    "precision": 0.7083333333333334,
    "recall": 0.8947368421052632,
    "f1-score": 0.7906976744186046,
    "support": 19,
    "confused_with": {
      "none": 1,
      "deny": 1
    }
  },
  "clarify": {
    "precision": 0.8888888888888888,
    "recall": 0.8,
    "f1-score": 0.8421052631578948,
    "support": 20,
    "confused_with": {
      "pick up": 3,
      "move": 1
    }
  },
  "bye": {
    "precision": 1.0,
    "recall": 0.5555555555555556,
    "f1-score": 0.7142857142857143,
    "support": 9,
    "confused_with": {
      "affirmative": 2,
      "pick up": 1
    }
  },
  "deny": {
    "precision": 0.8823529411764706,
    "recall": 0.7894736842105263,
    "f1-score": 0.8333333333333333,
    "support": 19,
    "confused_with": {
      "affirmative": 3,
      "none": 1
    }
  },
  "find": {
    "precision": 1.0,
    "recall": 0.9,
    "f1-score": 0.9473684210526316,
    "support": 20,
    "confused_with": {
      "move": 1,
      "clarify": 1
    }
  },
  "accuracy": 0.8511904761904762,
  "macro avg": {
    "precision": 0.8743829025478641,
    "recall": 0.8157073774179038,
    "f1-score": 0.8313353000205554,
    "support": 168
  },
  "weighted avg": {
    "precision": 0.8657127404101737,
    "recall": 0.8511904761904762,
    "f1-score": 0.8494581134660312,
    "support": 168
  }
}