{
  "object_color": {
    "precision": 0.9936708860759493,
    "recall": 0.9874213836477987,
    "f1-score": 0.9905362776025236,
    "support": 159
  },
  "placement": {
    "precision": 1.0,
    "recall": 0.9204545454545454,
    "f1-score": 0.9585798816568047,
    "support": 88
  },
  "object_name": {
    "precision": 0.9543726235741445,
    "recall": 0.98046875,
    "f1-score": 0.9672447013487475,
    "support": 256
  },
  "micro avg": {
    "precision": 0.9741035856573705,
    "recall": 0.9721669980119284,
    "f1-score": 0.9731343283582091,
    "support": 503
  },
  "macro avg": {
    "precision": 0.9826811698833646,
    "recall": 0.9627815597007814,
    "f1-score": 0.9721202868693587,
    "support": 503
  },
  "weighted avg": {
    "precision": 0.9747774602804313,
    "recall": 0.9721669980119284,
    "f1-score": 0.9730913345325635,
    "support": 503
  }
}