{
  "placement": {
    "precision": 0.9333333333333333,
    "recall": 0.9210526315789473,
    "f1-score": 0.9271523178807947,
    "support": 76
  },
  "object_name": {
    "precision": 1.0,
    "recall": 0.8947368421052632,
    "f1-score": 0.9444444444444444,
    "support": 152
  },
  "object_color": {
    "precision": 1.0,
    "recall": 0.972972972972973,
    "f1-score": 0.9863013698630138,
    "support": 111
  },
  "micro avg": {
    "precision": 0.9843260188087775,
    "recall": 0.9262536873156342,
    "f1-score": 0.9544072948328267,
    "support": 339
  },
  "macro avg": {
    "precision": 0.9777777777777779,
    "recall": 0.9295874822190612,
    "f1-score": 0.9526327107294176,
    "support": 339
  },
  "weighted avg": {
    "precision": 0.9850540806293019,
    "recall": 0.9262536873156342,
    "f1-score": 0.9542731084639836,
    "support": 339
  }
}