{
  "object_color": {
    "precision": 0.9867549668874173,
    "recall": 0.9933333333333333,
    "f1-score": 0.9900332225913622,
    "support": 150
  },
  "placement": {
    "precision": 1.0,
    "recall": 0.9204545454545454,
    "f1-score": 0.9585798816568047,
    "support": 88
  },
  "object_name": {
    "precision": 0.9581589958158996,
    "recall": 0.9423868312757202,
    "f1-score": 0.950207468879668,
    "support": 243
  },
  "micro avg": {
    "precision": 0.9745222929936306,
    "recall": 0.9542619542619543,
    "f1-score": 0.9642857142857143,
    "support": 481
  },
  "macro avg": {
    "precision": 0.9816379875677722,
    "recall": 0.9520582366878663,
    "f1-score": 0.9662735243759449,
    "support": 481
  },
  "weighted avg": {
    "precision": 0.9747315613646075,
    "recall": 0.9542619542619543,
    "f1-score": 0.9641588937884874,
    "support": 481
  }
}