{
  "affirmative": {
    "precision": 0.7727272727272727,
    "recall": 0.8095238095238095,
    "f1-score": 0.7906976744186046,
    "support": 21,
    "confused_with": {
      "greetings": 2,
      "none": 1
    }
  },
  "none": {
    "precision": 0.5483870967741935,
    "recall": 0.5862068965517241,
    "f1-score": 0.5666666666666665,
    "support": 29,
    "confused_with": {
      "greetings": 4,
      "deny": 3
    }
  },
  "deny": {
    "precision": 0.8620689655172413,
    "recall": 0.78125,
    "f1-score": 0.8196721311475409,
    "support": 32,
    "confused_with": {
      "none": 5,
      "pick up": 1
    }
  },
  "show": {
    "precision": 0.8846153846153846,
    "recall": 0.8679245283018868,
    "f1-score": 0.8761904761904762,
    "support": 53,
    "confused_with": {
      "clarify": 4,
      "pick up": 2
    }
  },
  "find": {
    "precision": 0.9117647058823529,
    "recall": 0.8857142857142857,
    "f1-score": 0.8985507246376812,
    "support": 35,
    "confused_with": {
      "pick up": 2,
      "clarify": 2
    }
  },
  "bye": {
    "precision": 0.8888888888888888,
    "recall": 0.7272727272727273,
    "f1-score": 0.7999999999999999,
    "support": 11,
    "confused_with": {
      "greetings": 1,
      "find": 1
    }
  },
  "greetings": {
    "precision": 0.5,
    "recall": 0.5,
    "f1-score": 0.5,
    "support": 14,
    "confused_with": {
      "none": 6,
      "affirmative": 1
    }
  },
  "move": {
    "precision": 0.7317073170731707,
    "recall": 0.8108108108108109,
    "f1-score": 0.7692307692307694,
    "support": 37,
    "confused_with": {
      "pick up": 4,
      "clarify": 3
    }
  },
  "clarify": {
    "precision": 0.5135135135135135,
    "recall": 0.5757575757575758,
    "f1-score": 0.5428571428571428,
    "support": 33,
    "confused_with": {
      "move": 6,
      "show": 5
    }
  },
  "pick up": {
    "precision": 0.8681318681318682,
    "recall": 0.8315789473684211,
    "f1-score": 0.849462365591398,
    "support": 95,
    "confused_with": {
      "clarify": 9,
      "move": 4
    }
  },
  "accuracy": 0.775,
  "macro avg": {
    "precision": 0.7481805013123886,
    "recall": 0.7376039581301242,
    "f1-score": 0.741332795074028,
    "support": 360
  },
  "weighted avg": {
    "precision": 0.7827291873575898,
    "recall": 0.775,
    "f1-score": 0.7778600338896289,
    "support": 360
  }
}