{
  "affirmative": {
    "precision": 1.0,
    "recall": 0.7894736842105263,
    "f1-score": 0.8823529411764706,
    "support": 19,
    "confused_with": {
      "none": 1,
      "greetings": 1
    }
  },
  "clarify": {
    "precision": 0.625,
    "recall": 1.0,
    "f1-score": 0.7692307692307693,
    "support": 20,
    "confused_with": {}
  },
  "greetings": {
    "precision": 0.75,
    "recall": 0.75,
    "f1-score": 0.75,
    "support": 8,
    "confused_with": {
      "none": 1,
      "clarify": 1
    }
  },
  "pick up": {
    "precision": 0.9444444444444444,
    "recall": 0.85,
    "f1-score": 0.8947368421052632,
    "support": 20,
    "confused_with": {
      "clarify": 3
    }
  },
  "show": {
    "precision": 0.9090909090909091,
    "recall": 1.0,
    "f1-score": 0.9523809523809523,
    "support": 20,
    "confused_with": {}
  },
  "find": {
    "precision": 0.9375,
    "recall": 0.75,
    "f1-score": 0.8333333333333334,
    "support": 20,
    "confused_with": {
      "show": 2,
      "pick up": 1
    }
  },
  "deny": {
    "precision": 0.85,
    "recall": 0.8947368421052632,
    "f1-score": 0.8717948717948718,
    "support": 19,
    "confused_with": {
      "none": 1,
      "clarify": 1
    }
  },
  "move": {
    "precision": 0.9523809523809523,
    "recall": 1.0,
    "f1-score": 0.975609756097561,
    "support": 20,
    "confused_with": {}
  },
  "none": {
    "precision": 0.5384615384615384,
    "recall": 0.5384615384615384,
    "f1-score": 0.5384615384615384,
    "support": 13,
    "confused_with": {
      "clarify": 4,
      "greetings": 1
    }
  },
  "bye": {
    "precision": 1.0,
    "recall": 0.3333333333333333,
    "f1-score": 0.5,
    "support": 9,
    "confused_with": {
      "none": 3,
      "find": 1
    }
  },
  "accuracy": 0.8333333333333334,
  "macro avg": {
    "precision": 0.8506877844377844,
    "recall": 0.790600539811066,
    "f1-score": 0.796790100458076,
    "support": 168
  },
  "weighted avg": {
    "precision": 0.8602281316567031,
    "recall": 0.8333333333333334,
    "f1-score": 0.8293728661274588,
    "support": 168
  }
}