{
  "move": {
    "precision": 1.0,
    "recall": 0.95,
    "f1-score": 0.9743589743589743,
    "support": 20,
    "confused_with": {
      "pick up": 1
    }
  },
  "none": {
    "precision": 0.5,
    "recall": 0.15384615384615385,
    "f1-score": 0.23529411764705882,
    "support": 13,
    "confused_with": {
      "greetings": 4,
      "affirmative": 3
    }
  },
  "show": {
    "precision": 0.9047619047619048,
    "recall": 0.95,
    "f1-score": 0.9268292682926829,
    "support": 20,
    "confused_with": {
      "pick up": 1
    }
  },
  "pick up": {
    "precision": 0.6818181818181818,
    "recall": 0.75,
    "f1-score": 0.7142857142857143,
    "support": 20,
    "confused_with": {
      "clarify": 4,
      "show": 1
    }
  },
  "greetings": {
    "precision": 0.6,
    "recall": 0.75,
    "f1-score": 0.6666666666666665,
    "support": 8,
    "confused_with": {
      "clarify": 1,
      "bye": 1
    }
  },
  "affirmative": {
    "precision": 0.7619047619047619,
    "recall": 0.8421052631578947,
    "f1-score": 0.8,
    "support": 19,
    "confused_with": {
      "show": 1,
      "clarify": 1
    }
  },
  "clarify": {
    "precision": 0.5555555555555556,
    "recall": 0.75,
    "f1-score": 0.6382978723404256,
    "support": 20,
    "confused_with": {
      "pick up": 3,
      "find": 2
    }
  },
  "bye": {
    "precision": 0.625,
    "recall": 0.5555555555555556,
    "f1-score": 0.5882352941176471,
    "support": 9,
    "confused_with": {
      "affirmative": 2,
      "none": 1
    }
  },
  "deny": {
    "precision": 0.9444444444444444,
    "recall": 0.8947368421052632,
    "f1-score": 0.918918918918919,
    "support": 19,
    "confused_with": {
      "none": 1,
      "clarify": 1
    }
  },
  "find": {
    "precision": 0.8888888888888888,
    "recall": 0.8,
    "f1-score": 0.8421052631578948,
    "support": 20,
    "confused_with": {
      "pick up": 2,
      "clarify": 2
    }
  },
  "accuracy": 0.7738095238095238,
  "macro avg": {
    "precision": 0.7462373737373739,
    "recall": 0.7396243814664867,
    "f1-score": 0.7304992089785983,
    "support": 168
  },
  "weighted avg": {
    "precision": 0.7736078901257473,
    "recall": 0.7738095238095238,
    "f1-score": 0.763471879868912,
    "support": 168
  }
}