{
  "object_color": {
    "precision": 0.9929577464788732,
    "recall": 0.9215686274509803,
    "f1-score": 0.9559322033898304,
    "support": 153
  },
  "placement": {
    "precision": 0.95,
    "recall": 0.9382716049382716,
    "f1-score": 0.9440993788819876,
    "support": 81
  },
  "object_name": {
    "precision": 0.9144144144144144,
    "recall": 0.7689393939393939,
    "f1-score": 0.8353909465020576,
    "support": 264
  },
  "micro avg": {
    "precision": 0.9459459459459459,
    "recall": 0.8433734939759037,
    "f1-score": 0.8917197452229301,
    "support": 498
  },
  "macro avg": {
    "precision": 0.9524573869644293,
    "recall": 0.876259875442882,
    "f1-score": 0.9118075095912919,
    "support": 498
  },
  "weighted avg": {
    "precision": 0.9443332140897049,
    "recall": 0.8433734939759037,
    "f1-score": 0.8901061981619041,
    "support": 498
  }
}