{
  "move": {
    "precision": 0.8333333333333334,
    "recall": 1.0,
    "f1-score": 0.9090909090909091,
    "support": 20,
    "confused_with": {}
  },
  "none": {
    "precision": 0.7272727272727273,
    "recall": 0.6153846153846154,
    "f1-score": 0.6666666666666667,
    "support": 13,
    "confused_with": {
      "deny": 3,
      "clarify": 1
    }
  },
  "show": {
    "precision": 0.9473684210526315,
    "recall": 0.9,
    "f1-score": 0.9230769230769231,
    "support": 20,
    "confused_with": {
      "find": 1,
      "clarify": 1
    }
  },
  "pick up": {
    "precision": 0.8823529411764706,
    "recall": 0.75,
    "f1-score": 0.8108108108108107,
    "support": 20,
    "confused_with": {
      "move": 2,
      "clarify": 2
    }
  },
  "greetings": {
    "precision": 0.6666666666666666,
    "recall": 0.75,
    "f1-score": 0.7058823529411765,
    "support": 8,
    "confused_with": {
      "none": 1,
      "clarify": 1
    }
  },
  "affirmative": {
    "precision": 0.8125,
    "recall": 0.6842105263157895,
    "f1-score": 0.742857142857143,
    "support": 19,
    "confused_with": {
      "none": 2,
      "greetings": 2
    }
  },
  "clarify": {
    "precision": 0.7391304347826086,
    "recall": 0.85,
    "f1-score": 0.7906976744186046,
    "support": 20,
    "confused_with": {
      "move": 2,
      "show": 1
    }
  },
  "bye": {
    "precision": 1.0,
    "recall": 0.8888888888888888,
    "f1-score": 0.9411764705882353,
    "support": 9,
    "confused_with": {
      "greetings": 1
    }
  },
  "deny": {
    "precision": 0.7727272727272727,
    "recall": 0.8947368421052632,
    "f1-score": 0.8292682926829269,
    "support": 19,
    "confused_with": {
      "affirmative": 2
    }
  },
  "find": {
    "precision": 0.8947368421052632,
    "recall": 0.85,
    "f1-score": 0.8717948717948718,
    "support": 20,
    "confused_with": {
      "pick up": 2,
      "clarify": 1
    }
  },
  "accuracy": 0.8273809523809523,
  "macro avg": {
    "precision": 0.8276088639116974,
    "recall": 0.8183220872694557,
    "f1-score": 0.8191322114928268,
    "support": 168
  },
  "weighted avg": {
    "precision": 0.8324145024922804,
    "recall": 0.8273809523809523,
    "f1-score": 0.8259769094321066,
    "support": 168
  }
}