{
  "move": {
    "precision": 0.8695652173913043,
    "recall": 1.0,
    "f1-score": 0.9302325581395349,
    "support": 20,
    "confused_with": {}
  },
  "none": {
    "precision": 0.6666666666666666,
    "recall": 0.46153846153846156,
    "f1-score": 0.5454545454545455,
    "support": 13,
    "confused_with": {
      "affirmative": 5,
      "pick up": 1
    }
  },
  "show": {
    "precision": 0.9047619047619048,
    "recall": 0.95,
    "f1-score": 0.9268292682926829,
    "support": 20,
    "confused_with": {
      "clarify": 1
    }
  },
  "pick up": {
    "precision": 0.64,
    "recall": 0.8,
    "f1-score": 0.7111111111111111,
    "support": 20,
    "confused_with": {
      "clarify": 3,
      "show": 1
    }
  },
  "greetings": {
    "precision": 1.0,
    "recall": 0.75,
    "f1-score": 0.8571428571428571,
    "support": 8,
    "confused_with": {
      "pick up": 1,
      "affirmative": 1
    }
  },
  "affirmative": {
    "precision": 0.5416666666666666,
    "recall": 0.6842105263157895,
    "f1-score": 0.6046511627906976,
    "support": 19,
    "confused_with": {
      "deny": 2,
      "bye": 2
    }
  },
  "clarify": {
    "precision": 0.6818181818181818,
    "recall": 0.75,
    "f1-score": 0.7142857142857143,
    "support": 20,
    "confused_with": {
      "pick up": 3,
      "move": 2
    }
  },
  "bye": {
    "precision": 0.75,
    "recall": 0.6666666666666666,
    "f1-score": 0.7058823529411765,
    "support": 9,
    "confused_with": {
      "pick up": 1,
      "none": 1
    }
  },
  "deny": {
    "precision": 0.875,
    "recall": 0.7368421052631579,
    "f1-score": 0.7999999999999999,
    "support": 19,
    "confused_with": {
      "affirmative": 4,
      "none": 1
    }
  },
  "find": {
    "precision": 1.0,
    "recall": 0.7,
    "f1-score": 0.8235294117647058,
    "support": 20,
    "confused_with": {
      "pick up": 3,
      "clarify": 3
    }
  },
  "accuracy": 0.7678571428571429,
  "macro avg": {
    "precision": 0.7929478637304724,
    "recall": 0.7499257759784075,
    "f1-score": 0.7619118981923025,
    "support": 168
  },
  "weighted avg": {
    "precision": 0.7872395203140544,
    "recall": 0.7678571428571429,
    "f1-score": 0.7685067052941712,
    "support": 168
  }
}