{
  "object_color": {
    "precision": 0.9873417721518988,
    "recall": 0.975,
    "f1-score": 0.9811320754716981,
    "support": 160
  },
  "placement": {
    "precision": 0.9506172839506173,
    "recall": 0.9506172839506173,
    "f1-score": 0.9506172839506173,
    "support": 81
  },
  "object_name": {
    "precision": 0.9532374100719424,
    "recall": 0.9298245614035088,
    "f1-score": 0.9413854351687388,
    "support": 285
  },
  "micro avg": {
    "precision": 0.9632495164410058,
    "recall": 0.9467680608365019,
    "f1-score": 0.9549376797698945,
    "support": 526
  },
  "macro avg": {
    "precision": 0.9637321553914862,
    "recall": 0.9518139484513753,
    "f1-score": 0.957711598197018,
    "support": 526
  },
  "weighted avg": {
    "precision": 0.9632078810167441,
    "recall": 0.9467680608365019,
    "f1-score": 0.9548973024687496,
    "support": 526
  }
}