{
  "placement": {
    "precision": 0.9634146341463414,
    "recall": 0.9634146341463414,
    "f1-score": 0.9634146341463414,
    "support": 82
  },
  "object_name": {
    "precision": 0.9401197604790419,
    "recall": 1.0,
    "f1-score": 0.9691358024691358,
    "support": 157
  },
  "object_color": {
    "precision": 1.0,
    "recall": 0.9732142857142857,
    "f1-score": 0.9864253393665159,
    "support": 112
  },
  "micro avg": {
    "precision": 0.9636871508379888,
    "recall": 0.9829059829059829,
    "f1-score": 0.9732016925246827,
    "support": 351
  },
  "macro avg": {
    "precision": 0.9678447982084611,
    "recall": 0.978876306620209,
    "f1-score": 0.972991925327331,
    "support": 351
  },
  "weighted avg": {
    "precision": 0.9646689526929048,
    "recall": 0.9829059829059829,
    "f1-score": 0.9733161224977325,
    "support": 351
  }
}