{
  "show": {
    "precision": 0.9117647058823529,
    "recall": 1.0,
    "f1-score": 0.9538461538461539,
    "support": 31,
    "confused_with": {}
  },
  "affirmative": {
    "precision": 1.0,
    "recall": 1.0,
    "f1-score": 1.0,
    "support": 21,
    "confused_with": {}
  },
  "none": {
    "precision": 0.8461538461538461,
    "recall": 0.6875,
    "f1-score": 0.7586206896551724,
    "support": 16,
    "confused_with": {
      "pick up": 2,
      "greetings": 2
    }
  },
  "bye": {
    "precision": 1.0,
    "recall": 0.9090909090909091,
    "f1-score": 0.9523809523809523,
    "support": 11,
    "confused_with": {
      "none": 1
    }
  },
  "pick up": {
    "precision": 0.875,
    "recall": 0.875,
    "f1-score": 0.875,
    "support": 40,
    "confused_with": {
      "move": 5
    }
  },
  "deny": {
    "precision": 1.0,
    "recall": 1.0,
    "f1-score": 1.0,
    "support": 20,
    "confused_with": {}
  },
  "clarify": {
    "precision": 1.0,
    "recall": 0.8620689655172413,
    "f1-score": 0.9259259259259259,
    "support": 29,
    "confused_with": {
      "show": 3,
      "pick up": 1
    }
  },
  "greetings": {
    "precision": 0.8,
    "recall": 0.8888888888888888,
    "f1-score": 0.8421052631578948,
    "support": 9,
    "confused_with": {
      "none": 1
    }
  },
  "move": {
    "precision": 0.8333333333333334,
    "recall": 0.9375,
    "f1-score": 0.8823529411764706,
    "support": 32,
    "confused_with": {
      "pick up": 2
    }
  },
  "find": {
    "precision": 0.9642857142857143,
    "recall": 0.9642857142857143,
    "f1-score": 0.9642857142857143,
    "support": 28,
    "confused_with": {
      "move": 1
    }
  },
  "accuracy": 0.919831223628692,
  "macro avg": {
    "precision": 0.9230537599655246,
    "recall": 0.9124334477782753,
    "f1-score": 0.9154517640428284,
    "support": 237
  },
  "weighted avg": {
    "precision": 0.922657527795279,
    "recall": 0.919831223628692,
    "f1-score": 0.9191959730709872,
    "support": 237
  }
}