{
  "placement": {
    "precision": 0.8987341772151899,
    "recall": 0.9594594594594594,
    "f1-score": 0.9281045751633986,
    "support": 74
  },
  "object_name": {
    "precision": 0.8218390804597702,
    "recall": 0.9407894736842105,
    "f1-score": 0.8773006134969326,
    "support": 152
  },
  "object_color": {
    "precision": 0.9565217391304348,
    "recall": 0.990990990990991,
    "f1-score": 0.9734513274336283,
    "support": 111
  },
  "micro avg": {
    "precision": 0.8804347826086957,
    "recall": 0.9614243323442137,
    "f1-score": 0.9191489361702128,
    "support": 337
  },
  "macro avg": {
    "precision": 0.8923649989351317,
    "recall": 0.9637466413782203,
    "f1-score": 0.9262855053646533,
    "support": 337
  },
  "weighted avg": {
    "precision": 0.8830854076774105,
    "recall": 0.9614243323442137,
    "f1-score": 0.9201261992841484,
    "support": 337
  }
}