{
  "move": {
    "precision": 0.6129032258064516,
    "recall": 0.95,
    "f1-score": 0.7450980392156863,
    "support": 20,
    "confused_with": {
      "find": 1
    }
  },
  "none": {
    "precision": 0.0,
    "recall": 0.0,
    "f1-score": 0.0,
    "support": 13,
    "confused_with": {
      "pick up": 6,
      "show": 2,
      "clarify": 2
    }
  },
  "show": {
    "precision": 0.7619047619047619,
    "recall": 0.8,
    "f1-score": 0.7804878048780488,
    "support": 20,
    "confused_with": {
      "move": 4
    }
  },
  "pick up": {
    "precision": 0.1935483870967742,
    "recall": 0.3,
    "f1-score": 0.23529411764705882,
    "support": 20,
    "confused_with": {
      "find": 7,
      "move": 5
    }
  },
  "greetings": {
    "precision": 0.0,
    "recall": 0.0,
    "f1-score": 0.0,
    "support": 8,
    "confused_with": {
      "affirmative": 3,
      "pick up": 2,
      "clarify": 2
    }
  },
  "affirmative": {
    "precision": 0.4117647058823529,
    "recall": 0.3684210526315789,
    "f1-score": 0.3888888888888889,
    "support": 19,
    "confused_with": {
      "find": 4,
      "pick up": 3
    }
  },
  "clarify": {
    "precision": 0.47619047619047616,
    "recall": 0.5,
    "f1-score": 0.4878048780487805,
    "support": 20,
    "confused_with": {
      "find": 8,
      "show": 1
    }
  },
  "bye": {
    "precision": 0.0,
    "recall": 0.0,
    "f1-score": 0.0,
    "support": 9,
    "confused_with": {
      "affirmative": 4,
      "pick up": 1,
      "none": 1
    }
  },
  "deny": {
    "precision": 0.7272727272727273,
    "recall": 0.42105263157894735,
    "f1-score": 0.5333333333333333,
    "support": 19,
    "confused_with": {
      "pick up": 3,
      "move": 2
    }
  },
  "find": {
    "precision": 0.2727272727272727,
    "recall": 0.45,
    "f1-score": 0.339622641509434,
    "support": 20,
    "confused_with": {
      "pick up": 9,
      "move": 1
    }
  },
  "accuracy": 0.44642857142857145,
  "macro avg": {
    "precision": 0.34563115568808167,
    "recall": 0.3789473684210526,
    "f1-score": 0.351052970352123,
    "support": 168
  },
  "weighted avg": {
    "precision": 0.4046856768122694,
    "recall": 0.44642857142857145,
    "f1-score": 0.4124307848107285,
    "support": 168
  }
}