{
  "object_color": {
    "precision": 0.8,
    "recall": 1.0,
    "f1-score": 0.888888888888889,
    "support": 88
  },
  "object_name": {
    "precision": 0.963855421686747,
    "recall": 0.9302325581395349,
    "f1-score": 0.9467455621301776,
    "support": 86
  },
  "placement": {
    "precision": 0.9130434782608695,
    "recall": 1.0,
    "f1-score": 0.9545454545454545,
    "support": 63
  },
  "undefined_object": {
    "precision": 0.8888888888888888,
    "recall": 0.7272727272727273,
    "f1-score": 0.7999999999999999,
    "support": 11
  },
  "micro avg": {
    "precision": 0.8819188191881919,
    "recall": 0.9637096774193549,
    "f1-score": 0.9210019267822737,
    "support": 248
  },
  "macro avg": {
    "precision": 0.8914469472091263,
    "recall": 0.9143763213530656,
    "f1-score": 0.8975449763911302,
    "support": 248
  },
  "weighted avg": {
    "precision": 0.8894801740857773,
    "recall": 0.9637096774193549,
    "f1-score": 0.9216883233942788,
    "support": 248
  }
}