{
  "object_color": {
    "precision": 0.9932432432432432,
    "recall": 0.98,
    "f1-score": 0.9865771812080537,
    "support": 150
  },
  "placement": {
    "precision": 0.9647058823529412,
    "recall": 0.9318181818181818,
    "f1-score": 0.9479768786127167,
    "support": 88
  },
  "object_name": {
    "precision": 0.9517543859649122,
    "recall": 0.8930041152263375,
    "f1-score": 0.921443736730361,
    "support": 243
  },
  "micro avg": {
    "precision": 0.9674620390455532,
    "recall": 0.9272349272349273,
    "f1-score": 0.9469214437367304,
    "support": 481
  },
  "macro avg": {
    "precision": 0.9699011705203655,
    "recall": 0.9349407656815064,
    "f1-score": 0.9519992655170437,
    "support": 481
  },
  "weighted avg": {
    "precision": 0.9670622035821601,
    "recall": 0.9272349272349273,
    "f1-score": 0.9466099179305714,
    "support": 481
  }
}