{
  "move": {
    "precision": 0.95,
    "recall": 0.95,
    "f1-score": 0.9500000000000001,
    "support": 20,
    "confused_with": {
      "pick up": 1
    }
  },
  "none": {
    "precision": 0.8461538461538461,
    "recall": 0.8461538461538461,
    "f1-score": 0.8461538461538461,
    "support": 13,
    "confused_with": {
      "greetings": 1,
      "deny": 1
    }
  },
  "show": {
    "precision": 1.0,
    "recall": 0.95,
    "f1-score": 0.9743589743589743,
    "support": 20,
    "confused_with": {
      "find": 1
    }
  },
  "pick up": {
    "precision": 0.7916666666666666,
    "recall": 0.95,
    "f1-score": 0.8636363636363635,
    "support": 20,
    "confused_with": {
      "move": 1
    }
  },
  "greetings": {
    "precision": 0.7,
    "recall": 0.875,
    "f1-score": 0.7777777777777777,
    "support": 8,
    "confused_with": {
      "none": 1
    }
  },
  "affirmative": {
    "precision": 1.0,
    "recall": 0.7894736842105263,
    "f1-score": 0.8823529411764706,
    "support": 19,
    "confused_with": {
      "none": 1,
      "greetings": 1
    }
  },
  "clarify": {
    "precision": 1.0,
    "recall": 0.95,
    "f1-score": 0.9743589743589743,
    "support": 20,
    "confused_with": {
      "pick up": 1
    }
  },
  "bye": {
    "precision": 0.875,
    "recall": 0.7777777777777778,
    "f1-score": 0.823529411764706,
    "support": 9,
    "confused_with": {
      "greetings": 1,
      "deny": 1
    }
  },
  "deny": {
    "precision": 0.8636363636363636,
    "recall": 1.0,
    "f1-score": 0.9268292682926829,
    "support": 19,
    "confused_with": {}
  },
  "find": {
    "precision": 0.9444444444444444,
    "recall": 0.85,
    "f1-score": 0.8947368421052632,
    "support": 20,
    "confused_with": {
      "pick up": 3
    }
  },
  "accuracy": 0.9047619047619048,
  "macro avg": {
    "precision": 0.8970901320901321,
    "recall": 0.893840530814215,
    "f1-score": 0.891373439962506,
    "support": 168
  },
  "weighted avg": {
    "precision": 0.9143232924482925,
    "recall": 0.9047619047619048,
    "f1-score": 0.9056563809357737,
    "support": 168
  }
}