{
  "affirmative": {
    "precision": 0.8695652173913043,
    "recall": 0.9523809523809523,
    "f1-score": 0.909090909090909,
    "support": 21,
    "confused_with": {
      "pick up": 1
    }
  },
  "none": {
    "precision": 0.8181818181818182,
    "recall": 0.6206896551724138,
    "f1-score": 0.7058823529411765,
    "support": 29,
    "confused_with": {
      "pick up": 5,
      "deny": 3
    }
  },
  "deny": {
    "precision": 0.9,
    "recall": 0.84375,
    "f1-score": 0.870967741935484,
    "support": 32,
    "confused_with": {
      "none": 2,
      "affirmative": 2
    }
  },
  "show": {
    "precision": 0.9272727272727272,
    "recall": 0.9622641509433962,
    "f1-score": 0.9444444444444444,
    "support": 53,
    "confused_with": {
      "pick up": 1,
      "find": 1
    }
  },
  "find": {
    "precision": 0.9117647058823529,
    "recall": 0.8857142857142857,
    "f1-score": 0.8985507246376812,
    "support": 35,
    "confused_with": {
      "pick up": 2,
      "clarify": 2
    }
  },
  "bye": {
    "precision": 1.0,
    "recall": 0.8181818181818182,
    "f1-score": 0.9,
    "support": 11,
    "confused_with": {
      "none": 2
    }
  },
  "greetings": {
    "precision": 1.0,
    "recall": 1.0,
    "f1-score": 1.0,
    "support": 14,
    "confused_with": {}
  },
  "move": {
    "precision": 0.8947368421052632,
    "recall": 0.918918918918919,
    "f1-score": 0.9066666666666667,
    "support": 37,
    "confused_with": {
      "pick up": 3
    }
  },
  "clarify": {
    "precision": 0.9032258064516129,
    "recall": 0.8484848484848485,
    "f1-score": 0.875,
    "support": 33,
    "confused_with": {
      "pick up": 2,
      "show": 1
    }
  },
  "pick up": {
    "precision": 0.8653846153846154,
    "recall": 0.9473684210526315,
    "f1-score": 0.9045226130653268,
    "support": 95,
    "confused_with": {
      "move": 3,
      "show": 1
    }
  },
  "accuracy": 0.8944444444444445,
  "macro avg": {
    "precision": 0.9090131732669693,
    "recall": 0.8797753050849264,
    "f1-score": 0.8915125452781687,
    "support": 360
  },
  "weighted avg": {
    "precision": 0.8943572632671207,
    "recall": 0.8944444444444445,
    "f1-score": 0.8921905858163495,
    "support": 360
  }
}