{
  "affirmative": {
    "precision": 0.7333333333333333,
    "recall": 0.5238095238095238,
    "f1-score": 0.611111111111111,
    "support": 21,
    "confused_with": {
      "deny": 4,
      "none": 2
    }
  },
  "show": {
    "precision": 0.8333333333333334,
    "recall": 0.8490566037735849,
    "f1-score": 0.8411214953271028,
    "support": 53,
    "confused_with": {
      "pick up": 4,
      "none": 3
    }
  },
  "none": {
    "precision": 0.5185185185185185,
    "recall": 0.4827586206896552,
    "f1-score": 0.5,
    "support": 29,
    "confused_with": {
      "pick up": 4,
      "deny": 4
    }
  },
  "bye": {
    "precision": 0.7272727272727273,
    "recall": 0.7272727272727273,
    "f1-score": 0.7272727272727273,
    "support": 11,
    "confused_with": {
      "none": 1,
      "find": 1
    }
  },
  "deny": {
    "precision": 0.7567567567567568,
    "recall": 0.875,
    "f1-score": 0.8115942028985507,
    "support": 32,
    "confused_with": {
      "none": 2,
      "move": 1
    }
  },
  "pick up": {
    "precision": 0.8229166666666666,
    "recall": 0.8315789473684211,
    "f1-score": 0.8272251308900523,
    "support": 95,
    "confused_with": {
      "move": 8,
      "find": 4
    }
  },
  "move": {
    "precision": 0.7272727272727273,
    "recall": 0.8648648648648649,
    "f1-score": 0.7901234567901235,
    "support": 37,
    "confused_with": {
      "pick up": 3,
      "clarify": 2
    }
  },
  "greetings": {
    "precision": 0.875,
    "recall": 0.5,
    "f1-score": 0.6363636363636364,
    "support": 14,
    "confused_with": {
      "none": 3,
      "show": 1
    }
  },
  "clarify": {
    "precision": 0.8,
    "recall": 0.7272727272727273,
    "f1-score": 0.761904761904762,
    "support": 33,
    "confused_with": {
      "pick up": 5,
      "show": 2
    }
  },
  "find": {
    "precision": 0.868421052631579,
    "recall": 0.9428571428571428,
    "f1-score": 0.904109589041096,
    "support": 35,
    "confused_with": {
      "none": 1,
      "move": 1
    }
  },
  "accuracy": 0.7805555555555556,
  "macro avg": {
    "precision": 0.7662825115785641,
    "recall": 0.7324471157908647,
    "f1-score": 0.7410826111599162,
    "support": 360
  },
  "weighted avg": {
    "precision": 0.7804189750123595,
    "recall": 0.7805555555555556,
    "f1-score": 0.7761125724516649,
    "support": 360
  }
}