{
  "object_color": {
    "precision": 0.9183673469387755,
    "recall": 0.9926470588235294,
    "f1-score": 0.9540636042402828,
    "support": 136
  },
  "object_name": {
    "precision": 0.9105058365758755,
    "recall": 0.896551724137931,
    "f1-score": 0.9034749034749036,
    "support": 261
  },
  "placement": {
    "precision": 0.9302325581395349,
    "recall": 0.963855421686747,
    "f1-score": 0.9467455621301776,
    "support": 83
  },
  "micro avg": {
    "precision": 0.9163265306122449,
    "recall": 0.9354166666666667,
    "f1-score": 0.9257731958762886,
    "support": 480
  },
  "macro avg": {
    "precision": 0.9197019138847287,
    "recall": 0.9510180682160692,
    "f1-score": 0.9347613566151213,
    "support": 480
  },
  "weighted avg": {
    "precision": 0.9161443434490799,
    "recall": 0.9354166666666667,
    "f1-score": 0.9252905867509021,
    "support": 480
  }
}