{
  "placement_destination": {
    "precision": 0.875,
    "recall": 0.5833333333333334,
    "f1-score": 0.7000000000000001,
    "support": 12
  },
  "object_name": {
    "precision": 1.0,
    "recall": 0.6206896551724138,
    "f1-score": 0.7659574468085107,
    "support": 29
  },
  "placement_origin": {
    "precision": 0.0,
    "recall": 0.0,
    "f1-score": 0.0,
    "support": 3
  },
  "object_color": {
    "precision": 1.0,
    "recall": 0.7142857142857143,
    "f1-score": 0.8333333333333333,
    "support": 7
  },
  "synonym_category": {
    "precision": 0.0,
    "recall": 0.0,
    "f1-score": 0.0,
    "support": 5
  },
  "action": {
    "precision": 0.8709677419354839,
    "recall": 0.75,
    "f1-score": 0.8059701492537312,
    "support": 36
  },
  "undefined_object": {
    "precision": 1.0,
    "recall": 0.8,
    "f1-score": 0.888888888888889,
    "support": 10
  },
  "micro avg": {
    "precision": 0.9285714285714286,
    "recall": 0.6372549019607843,
    "f1-score": 0.7558139534883721,
    "support": 102
  },
  "macro avg": {
    "precision": 0.6779953917050692,
    "recall": 0.4954726718273517,
    "f1-score": 0.5705928311834948,
    "support": 102
  },
  "weighted avg": {
    "precision": 0.8613219481340924,
    "recall": 0.6372549019607843,
    "f1-score": 0.7289207211059153,
    "support": 102
  }
}