{
  "object_color": {
    "precision": 0.993421052631579,
    "recall": 0.9869281045751634,
    "f1-score": 0.9901639344262295,
    "support": 153
  },
  "placement": {
    "precision": 0.9506172839506173,
    "recall": 0.9506172839506173,
    "f1-score": 0.9506172839506173,
    "support": 81
  },
  "object_name": {
    "precision": 0.9652509652509652,
    "recall": 0.946969696969697,
    "f1-score": 0.9560229445506692,
    "support": 264
  },
  "micro avg": {
    "precision": 0.9715447154471545,
    "recall": 0.9598393574297188,
    "f1-score": 0.9656565656565655,
    "support": 498
  },
  "macro avg": {
    "precision": 0.9697631006110538,
    "recall": 0.9615050284984926,
    "f1-score": 0.9656013876425052,
    "support": 498
  },
  "weighted avg": {
    "precision": 0.9715254535720611,
    "recall": 0.9598393574297188,
    "f1-score": 0.9656328098967665,
    "support": 498
  }
}