{
  "affirmative": {
    "precision": 0.9444444444444444,
    "recall": 0.8095238095238095,
    "f1-score": 0.8717948717948718,
    "support": 21,
    "confused_with": {
      "none": 1,
      "greetings": 1
    }
  },
  "none": {
    "precision": 0.75,
    "recall": 0.6206896551724138,
    "f1-score": 0.679245283018868,
    "support": 29,
    "confused_with": {
      "greetings": 4,
      "show": 2
    }
  },
  "deny": {
    "precision": 0.9642857142857143,
    "recall": 0.84375,
    "f1-score": 0.8999999999999999,
    "support": 32,
    "confused_with": {
      "clarify": 3,
      "none": 1
    }
  },
  "show": {
    "precision": 0.8867924528301887,
    "recall": 0.8867924528301887,
    "f1-score": 0.8867924528301887,
    "support": 53,
    "confused_with": {
      "move": 2,
      "pick up": 1
    }
  },
  "find": {
    "precision": 0.918918918918919,
    "recall": 0.9714285714285714,
    "f1-score": 0.9444444444444445,
    "support": 35,
    "confused_with": {
      "move": 1
    }
  },
  "bye": {
    "precision": 0.75,
    "recall": 0.8181818181818182,
    "f1-score": 0.7826086956521738,
    "support": 11,
    "confused_with": {
      "none": 2
    }
  },
  "greetings": {
    "precision": 0.6842105263157895,
    "recall": 0.9285714285714286,
    "f1-score": 0.7878787878787878,
    "support": 14,
    "confused_with": {
      "none": 1
    }
  },
  "move": {
    "precision": 0.8333333333333334,
    "recall": 0.9459459459459459,
    "f1-score": 0.8860759493670887,
    "support": 37,
    "confused_with": {
      "pick up": 1,
      "clarify": 1
    }
  },
  "clarify": {
    "precision": 0.7105263157894737,
    "recall": 0.8181818181818182,
    "f1-score": 0.7605633802816901,
    "support": 33,
    "confused_with": {
      "show": 2,
      "pick up": 2
    }
  },
  "pick up": {
    "precision": 0.9438202247191011,
    "recall": 0.8842105263157894,
    "f1-score": 0.9130434782608695,
    "support": 95,
    "confused_with": {
      "move": 4,
      "clarify": 4
    }
  },
  "accuracy": 0.8638888888888889,
  "macro avg": {
    "precision": 0.8386331930636963,
    "recall": 0.8527276026151783,
    "f1-score": 0.8412447343528984,
    "support": 360
  },
  "weighted avg": {
    "precision": 0.8704866911771111,
    "recall": 0.8638888888888889,
    "f1-score": 0.8642302551775907,
    "support": 360
  }
}