{
  "object_color": {
    "precision": 0.993421052631579,
    "recall": 0.9869281045751634,
    "f1-score": 0.9901639344262295,
    "support": 153
  },
  "placement": {
    "precision": 0.9506172839506173,
    "recall": 0.9506172839506173,
    "f1-score": 0.9506172839506173,
    "support": 81
  },
  "object_name": {
    "precision": 0.9651162790697675,
    "recall": 0.9431818181818182,
    "f1-score": 0.9540229885057472,
    "support": 264
  },
  "micro avg": {
    "precision": 0.9714867617107943,
    "recall": 0.9578313253012049,
    "f1-score": 0.9646107178968655,
    "support": 498
  },
  "macro avg": {
    "precision": 0.9697182052173212,
    "recall": 0.9602424022358663,
    "f1-score": 0.9649347356275313,
    "support": 498
  },
  "weighted avg": {
    "precision": 0.9714540536687756,
    "recall": 0.9578313253012049,
    "f1-score": 0.9645725922343984,
    "support": 498
  }
}