{
  "move": {
    "precision": 0.8636363636363636,
    "recall": 0.95,
    "f1-score": 0.9047619047619048,
    "support": 20,
    "confused_with": {
      "clarify": 1
    }
  },
  "none": {
    "precision": 0.6875,
    "recall": 0.8461538461538461,
    "f1-score": 0.7586206896551724,
    "support": 13,
    "confused_with": {
      "move": 1,
      "deny": 1
    }
  },
  "show": {
    "precision": 0.95,
    "recall": 0.95,
    "f1-score": 0.9500000000000001,
    "support": 20,
    "confused_with": {
      "find": 1
    }
  },
  "pick up": {
    "precision": 0.9090909090909091,
    "recall": 1.0,
    "f1-score": 0.9523809523809523,
    "support": 20,
    "confused_with": {}
  },
  "greetings": {
    "precision": 0.8571428571428571,
    "recall": 0.75,
    "f1-score": 0.7999999999999999,
    "support": 8,
    "confused_with": {
      "none": 1,
      "affirmative": 1
    }
  },
  "affirmative": {
    "precision": 0.9230769230769231,
    "recall": 0.631578947368421,
    "f1-score": 0.7499999999999999,
    "support": 19,
    "confused_with": {
      "none": 4,
      "deny": 2
    }
  },
  "clarify": {
    "precision": 0.8,
    "recall": 0.8,
    "f1-score": 0.8000000000000002,
    "support": 20,
    "confused_with": {
      "move": 2,
      "show": 1
    }
  },
  "bye": {
    "precision": 0.8888888888888888,
    "recall": 0.8888888888888888,
    "f1-score": 0.8888888888888888,
    "support": 9,
    "confused_with": {
      "greetings": 1
    }
  },
  "deny": {
    "precision": 0.8636363636363636,
    "recall": 1.0,
    "f1-score": 0.9268292682926829,
    "support": 19,
    "confused_with": {}
  },
  "find": {
    "precision": 0.9411764705882353,
    "recall": 0.8,
    "f1-score": 0.8648648648648648,
    "support": 20,
    "confused_with": {
      "clarify": 3,
      "pick up": 1
    }
  },
  "accuracy": 0.8690476190476191,
  "macro avg": {
    "precision": 0.8684148776060541,
    "recall": 0.8616621682411157,
    "f1-score": 0.8596346568844465,
    "support": 168
  },
  "weighted avg": {
    "precision": 0.8751206557797944,
    "recall": 0.8690476190476191,
    "f1-score": 0.8664403541859086,
    "support": 168
  }
}