{
  "undefined_object": {
    "precision": 0.0,
    "recall": 0.0,
    "f1-score": 0.0,
    "support": 17
  },
  "object_name": {
    "precision": 0.8932038834951457,
    "recall": 0.989247311827957,
    "f1-score": 0.9387755102040817,
    "support": 93
  },
  "placement": {
    "precision": 0.9166666666666666,
    "recall": 0.9850746268656716,
    "f1-score": 0.949640287769784,
    "support": 67
  },
  "object_color": {
    "precision": 1.0,
    "recall": 0.6129032258064516,
    "f1-score": 0.76,
    "support": 93
  },
  "micro avg": {
    "precision": 0.9267241379310345,
    "recall": 0.7962962962962963,
    "f1-score": 0.8565737051792828,
    "support": 270
  },
  "macro avg": {
    "precision": 0.702467637540453,
    "recall": 0.6468062911250201,
    "f1-score": 0.6621039494934664,
    "support": 270
  },
  "weighted avg": {
    "precision": 0.8795726956730193,
    "recall": 0.7962962962962963,
    "f1-score": 0.820785265665019,
    "support": 270
  }
}