{
  "affirmative": {
    "precision": 0.2727272727272727,
    "recall": 0.3157894736842105,
    "f1-score": 0.2926829268292683,
    "support": 19,
    "confused_with": {
      "clarify": 5,
      "deny": 3
    }
  },
  "clarify": {
    "precision": 0.11363636363636363,
    "recall": 0.25,
    "f1-score": 0.15625,
    "support": 20,
    "confused_with": {
      "pick up": 7,
      "move": 3
    }
  },
  "greetings": {
    "precision": 1.0,
    "recall": 0.125,
    "f1-score": 0.2222222222222222,
    "support": 8,
    "confused_with": {
      "affirmative": 4,
      "clarify": 3
    }
  },
  "pick up": {
    "precision": 0.2571428571428571,
    "recall": 0.45,
    "f1-score": 0.32727272727272727,
    "support": 20,
    "confused_with": {
      "clarify": 7,
      "find": 2
    }
  },
  "show": {
    "precision": 0.3333333333333333,
    "recall": 0.1,
    "f1-score": 0.15384615384615383,
    "support": 20,
    "confused_with": {
      "clarify": 7,
      "pick up": 5,
      "move": 5
    }
  },
  "find": {
    "precision": 0.16666666666666666,
    "recall": 0.05,
    "f1-score": 0.07692307692307691,
    "support": 20,
    "confused_with": {
      "pick up": 8,
      "clarify": 6,
      "move": 3
    }
  },
  "deny": {
    "precision": 0.7,
    "recall": 0.3684210526315789,
    "f1-score": 0.48275862068965514,
    "support": 19,
    "confused_with": {
      "affirmative": 7,
      "show": 2
    }
  },
  "move": {
    "precision": 0.5384615384615384,
    "recall": 0.7,
    "f1-score": 0.608695652173913,
    "support": 20,
    "confused_with": {
      "pick up": 3,
      "clarify": 2
    }
  },
  "none": {
    "precision": 0.45454545454545453,
    "recall": 0.38461538461538464,
    "f1-score": 0.41666666666666663,
    "support": 13,
    "confused_with": {
      "affirmative": 4,
      "clarify": 3
    }
  },
  "bye": {
    "precision": 0.2857142857142857,
    "recall": 0.2222222222222222,
    "f1-score": 0.25,
    "support": 9,
    "confused_with": {
      "clarify": 5,
      "none": 1
    }
  },
  "accuracy": 0.30952380952380953,
  "macro avg": {
    "precision": 0.4122227772227772,
    "recall": 0.2966048133153396,
    "f1-score": 0.2987318046623683,
    "support": 168
  },
  "weighted avg": {
    "precision": 0.37587590980448116,
    "recall": 0.30952380952380953,
    "f1-score": 0.30141420268822267,
    "support": 168
  }
}