{
  "placement": {
    "precision": 0.9425287356321839,
    "recall": 1.0,
    "f1-score": 0.9704142011834319,
    "support": 82
  },
  "object_name": {
    "precision": 0.9863945578231292,
    "recall": 0.9602649006622517,
    "f1-score": 0.9731543624161074,
    "support": 151
  },
  "object_color": {
    "precision": 0.9903846153846154,
    "recall": 0.9903846153846154,
    "f1-score": 0.9903846153846154,
    "support": 104
  },
  "micro avg": {
    "precision": 0.9763313609467456,
    "recall": 0.9792284866468842,
    "f1-score": 0.9777777777777777,
    "support": 337
  },
  "macro avg": {
    "precision": 0.9731026362799762,
    "recall": 0.983549838682289,
    "f1-score": 0.9779843929947183,
    "support": 337
  },
  "weighted avg": {
    "precision": 0.9769523280508356,
    "recall": 0.9792284866468842,
    "f1-score": 0.9778049650500702,
    "support": 337
  }
}