{
  "show": {
    "precision": 0.9032258064516129,
    "recall": 0.9032258064516129,
    "f1-score": 0.9032258064516129,
    "support": 31,
    "confused_with": {
      "clarify": 3
    }
  },
  "affirmative": {
    "precision": 0.7727272727272727,
    "recall": 0.8095238095238095,
    "f1-score": 0.7906976744186046,
    "support": 21,
    "confused_with": {
      "clarify": 2,
      "pick up": 1
    }
  },
  "none": {
    "precision": 0.7692307692307693,
    "recall": 0.625,
    "f1-score": 0.6896551724137931,
    "support": 16,
    "confused_with": {
      "clarify": 4,
      "deny": 1
    }
  },
  "bye": {
    "precision": 1.0,
    "recall": 0.45454545454545453,
    "f1-score": 0.625,
    "support": 11,
    "confused_with": {
      "find": 3,
      "affirmative": 3
    }
  },
  "pick up": {
    "precision": 0.8461538461538461,
    "recall": 0.825,
    "f1-score": 0.8354430379746836,
    "support": 40,
    "confused_with": {
      "move": 4,
      "clarify": 2
    }
  },
  "deny": {
    "precision": 0.95,
    "recall": 0.95,
    "f1-score": 0.9500000000000001,
    "support": 20,
    "confused_with": {
      "affirmative": 1
    }
  },
  "clarify": {
    "precision": 0.631578947368421,
    "recall": 0.8275862068965517,
    "f1-score": 0.716417910447761,
    "support": 29,
    "confused_with": {
      "pick up": 3,
      "show": 1
    }
  },
  "greetings": {
    "precision": 1.0,
    "recall": 0.6666666666666666,
    "f1-score": 0.8,
    "support": 9,
    "confused_with": {
      "none": 2,
      "clarify": 1
    }
  },
  "move": {
    "precision": 0.8823529411764706,
    "recall": 0.9375,
    "f1-score": 0.9090909090909091,
    "support": 32,
    "confused_with": {
      "pick up": 2
    }
  },
  "find": {
    "precision": 0.8620689655172413,
    "recall": 0.8928571428571429,
    "f1-score": 0.8771929824561403,
    "support": 28,
    "confused_with": {
      "clarify": 2,
      "show": 1
    }
  },
  "accuracy": 0.8312236286919831,
  "macro avg": {
    "precision": 0.8617338548625634,
    "recall": 0.7891905086941239,
    "f1-score": 0.8096723493253505,
    "support": 237
  },
  "weighted avg": {
    "precision": 0.8441777785102655,
    "recall": 0.8312236286919831,
    "f1-score": 0.8293683014475308,
    "support": 237
  }
}