{
  "show": {
    "precision": 0.9333333333333333,
    "recall": 0.9032258064516129,
    "f1-score": 0.9180327868852459,
    "support": 31,
    "confused_with": {
      "none": 2,
      "clarify": 1
    }
  },
  "affirmative": {
    "precision": 0.9333333333333333,
    "recall": 0.6666666666666666,
    "f1-score": 0.7777777777777778,
    "support": 21,
    "confused_with": {
      "none": 3,
      "clarify": 3
    }
  },
  "none": {
    "precision": 0.5238095238095238,
    "recall": 0.6875,
    "f1-score": 0.5945945945945946,
    "support": 16,
    "confused_with": {
      "clarify": 4,
      "show": 1
    }
  },
  "bye": {
    "precision": 0.8571428571428571,
    "recall": 0.5454545454545454,
    "f1-score": 0.6666666666666665,
    "support": 11,
    "confused_with": {
      "none": 2,
      "find": 1
    }
  },
  "pick up": {
    "precision": 0.8780487804878049,
    "recall": 0.9,
    "f1-score": 0.888888888888889,
    "support": 40,
    "confused_with": {
      "clarify": 3,
      "move": 1
    }
  },
  "deny": {
    "precision": 1.0,
    "recall": 0.95,
    "f1-score": 0.9743589743589743,
    "support": 20,
    "confused_with": {
      "none": 1
    }
  },
  "clarify": {
    "precision": 0.6410256410256411,
    "recall": 0.8620689655172413,
    "f1-score": 0.7352941176470588,
    "support": 29,
    "confused_with": {
      "pick up": 2,
      "show": 1
    }
  },
  "greetings": {
    "precision": 1.0,
    "recall": 0.7777777777777778,
    "f1-score": 0.8750000000000001,
    "support": 9,
    "confused_with": {
      "none": 1,
      "clarify": 1
    }
  },
  "move": {
    "precision": 0.9655172413793104,
    "recall": 0.875,
    "f1-score": 0.9180327868852458,
    "support": 32,
    "confused_with": {
      "pick up": 3,
      "clarify": 1
    }
  },
  "find": {
    "precision": 0.9310344827586207,
    "recall": 0.9642857142857143,
    "f1-score": 0.9473684210526316,
    "support": 28,
    "confused_with": {
      "none": 1
    }
  },
  "accuracy": 0.8481012658227848,
  "macro avg": {
    "precision": 0.8663245193270424,
    "recall": 0.8131979476153559,
    "f1-score": 0.8296015014757085,
    "support": 237
  },
  "weighted avg": {
    "precision": 0.8692829923776044,
    "recall": 0.8481012658227848,
    "f1-score": 0.8514085485144477,
    "support": 237
  }
}