{
  "object_color": {
    "precision": 0.9810126582278481,
    "recall": 0.9748427672955975,
    "f1-score": 0.9779179810725552,
    "support": 159
  },
  "placement": {
    "precision": 0.9879518072289156,
    "recall": 0.9318181818181818,
    "f1-score": 0.9590643274853801,
    "support": 88
  },
  "object_name": {
    "precision": 0.9405940594059405,
    "recall": 0.979381443298969,
    "f1-score": 0.9595959595959594,
    "support": 291
  },
  "micro avg": {
    "precision": 0.9595588235294118,
    "recall": 0.9702602230483272,
    "f1-score": 0.9648798521256932,
    "support": 538
  },
  "macro avg": {
    "precision": 0.9698528416209014,
    "recall": 0.9620141308042495,
    "f1-score": 0.9655260893846315,
    "support": 538
  },
  "weighted avg": {
    "precision": 0.9602855817500021,
    "recall": 0.9702602230483272,
    "f1-score": 0.9649238737019961,
    "support": 538
  }
}