{
  "affirmative": {
    "precision": 0.76,
    "recall": 0.9047619047619048,
    "f1-score": 0.8260869565217391,
    "support": 21,
    "confused_with": {
      "pick up": 1,
      "clarify": 1
    }
  },
  "none": {
    "precision": 0.6666666666666666,
    "recall": 0.6206896551724138,
    "f1-score": 0.6428571428571429,
    "support": 29,
    "confused_with": {
      "deny": 4,
      "affirmative": 3
    }
  },
  "deny": {
    "precision": 0.7741935483870968,
    "recall": 0.75,
    "f1-score": 0.7619047619047619,
    "support": 32,
    "confused_with": {
      "none": 4,
      "greetings": 3
    }
  },
  "show": {
    "precision": 0.9615384615384616,
    "recall": 0.9433962264150944,
    "f1-score": 0.9523809523809524,
    "support": 53,
    "confused_with": {
      "pick up": 1,
      "none": 1
    }
  },
  "find": {
    "precision": 0.9117647058823529,
    "recall": 0.8857142857142857,
    "f1-score": 0.8985507246376812,
    "support": 35,
    "confused_with": {
      "pick up": 3,
      "show": 1
    }
  },
  "bye": {
    "precision": 0.9,
    "recall": 0.8181818181818182,
    "f1-score": 0.8571428571428572,
    "support": 11,
    "confused_with": {
      "deny": 1,
      "affirmative": 1
    }
  },
  "greetings": {
    "precision": 0.7058823529411765,
    "recall": 0.8571428571428571,
    "f1-score": 0.7741935483870968,
    "support": 14,
    "confused_with": {
      "none": 1,
      "affirmative": 1
    }
  },
  "move": {
    "precision": 0.9032258064516129,
    "recall": 0.7567567567567568,
    "f1-score": 0.823529411764706,
    "support": 37,
    "confused_with": {
      "pick up": 9
    }
  },
  "clarify": {
    "precision": 0.9375,
    "recall": 0.9090909090909091,
    "f1-score": 0.923076923076923,
    "support": 33,
    "confused_with": {
      "pick up": 2,
      "none": 1
    }
  },
  "pick up": {
    "precision": 0.8316831683168316,
    "recall": 0.8842105263157894,
    "f1-score": 0.8571428571428571,
    "support": 95,
    "confused_with": {
      "move": 3,
      "none": 2
    }
  },
  "accuracy": 0.8472222222222222,
  "macro avg": {
    "precision": 0.83524547101842,
    "recall": 0.832994493955183,
    "f1-score": 0.8316866135816718,
    "support": 360
  },
  "weighted avg": {
    "precision": 0.8502498300531289,
    "recall": 0.8472222222222222,
    "f1-score": 0.8470141130018615,
    "support": 360
  }
}