{
  "object_color": {
    "precision": 0.9838709677419355,
    "recall": 0.8714285714285714,
    "f1-score": 0.9242424242424242,
    "support": 140
  },
  "placement": {
    "precision": 0.7980769230769231,
    "recall": 0.9222222222222223,
    "f1-score": 0.8556701030927835,
    "support": 90
  },
  "object_name": {
    "precision": 0.918552036199095,
    "recall": 0.8023715415019763,
    "f1-score": 0.8565400843881856,
    "support": 253
  },
  "micro avg": {
    "precision": 0.9086859688195991,
    "recall": 0.84472049689441,
    "f1-score": 0.8755364806866952,
    "support": 483
  },
  "macro avg": {
    "precision": 0.9001666423393179,
    "recall": 0.8653407783842567,
    "f1-score": 0.878817537241131,
    "support": 483
  },
  "weighted avg": {
    "precision": 0.9150362809920602,
    "recall": 0.84472049689441,
    "f1-score": 0.8760018426966891,
    "support": 483
  }
}