{
  "move": {
    "precision": 1.0,
    "recall": 0.9,
    "f1-score": 0.9473684210526316,
    "support": 20,
    "confused_with": {
      "pick up": 1,
      "find": 1
    }
  },
  "none": {
    "precision": 0.9090909090909091,
    "recall": 0.7692307692307693,
    "f1-score": 0.8333333333333333,
    "support": 13,
    "confused_with": {
      "greetings": 2,
      "deny": 1
    }
  },
  "show": {
    "precision": 1.0,
    "recall": 1.0,
    "f1-score": 1.0,
    "support": 20,
    "confused_with": {}
  },
  "pick up": {
    "precision": 0.8421052631578947,
    "recall": 0.8,
    "f1-score": 0.8205128205128205,
    "support": 20,
    "confused_with": {
      "find": 4
    }
  },
  "greetings": {
    "precision": 0.6363636363636364,
    "recall": 0.875,
    "f1-score": 0.7368421052631579,
    "support": 8,
    "confused_with": {
      "none": 1
    }
  },
  "affirmative": {
    "precision": 0.8947368421052632,
    "recall": 0.8947368421052632,
    "f1-score": 0.8947368421052632,
    "support": 19,
    "confused_with": {
      "greetings": 2
    }
  },
  "clarify": {
    "precision": 1.0,
    "recall": 1.0,
    "f1-score": 1.0,
    "support": 20,
    "confused_with": {}
  },
  "bye": {
    "precision": 0.875,
    "recall": 0.7777777777777778,
    "f1-score": 0.823529411764706,
    "support": 9,
    "confused_with": {
      "deny": 1,
      "affirmative": 1
    }
  },
  "deny": {
    "precision": 0.8947368421052632,
    "recall": 0.8947368421052632,
    "f1-score": 0.8947368421052632,
    "support": 19,
    "confused_with": {
      "bye": 1,
      "affirmative": 1
    }
  },
  "find": {
    "precision": 0.782608695652174,
    "recall": 0.9,
    "f1-score": 0.8372093023255814,
    "support": 20,
    "confused_with": {
      "pick up": 2
    }
  },
  "accuracy": 0.8928571428571429,
  "macro avg": {
    "precision": 0.883464218847514,
    "recall": 0.8811482231219072,
    "f1-score": 0.8788269078462756,
    "support": 168
  },
  "weighted avg": {
    "precision": 0.9004664886029301,
    "recall": 0.8928571428571429,
    "f1-score": 0.8942955104710812,
    "support": 168
  }
}