{
  "undefined_object": {
    "precision": 1.0,
    "recall": 0.5,
    "f1-score": 0.6666666666666666,
    "support": 12
  },
  "object_name": {
    "precision": 0.9468085106382979,
    "recall": 0.9468085106382979,
    "f1-score": 0.9468085106382979,
    "support": 94
  },
  "placement": {
    "precision": 0.9852941176470589,
    "recall": 1.0,
    "f1-score": 0.9925925925925926,
    "support": 67
  },
  "object_color": {
    "precision": 0.9494949494949495,
    "recall": 0.9894736842105263,
    "f1-score": 0.9690721649484537,
    "support": 95
  },
  "micro avg": {
    "precision": 0.9588014981273408,
    "recall": 0.9552238805970149,
    "f1-score": 0.9570093457943926,
    "support": 268
  },
  "macro avg": {
    "precision": 0.9703993944450765,
    "recall": 0.859070548712206,
    "f1-score": 0.8937849837115027,
    "support": 268
  },
  "weighted avg": {
    "precision": 0.9597639032998998,
    "recall": 0.9552238805970149,
    "f1-score": 0.9536028334843538,
    "support": 268
  }
}