{
  "affirmative": {
    "precision": 0.5862068965517241,
    "recall": 0.8947368421052632,
    "f1-score": 0.7083333333333333,
    "support": 19,
    "confused_with": {
      "none": 1,
      "deny": 1
    }
  },
  "clarify": {
    "precision": 0.4,
    "recall": 0.5,
    "f1-score": 0.4444444444444445,
    "support": 20,
    "confused_with": {
      "move": 6,
      "pick up": 3
    }
  },
  "greetings": {
    "precision": 0.625,
    "recall": 0.625,
    "f1-score": 0.625,
    "support": 8,
    "confused_with": {
      "none": 2,
      "affirmative": 1
    }
  },
  "pick up": {
    "precision": 0.4,
    "recall": 0.5,
    "f1-score": 0.4444444444444445,
    "support": 20,
    "confused_with": {
      "move": 5,
      "find": 2
    }
  },
  "show": {
    "precision": 0.5454545454545454,
    "recall": 0.3,
    "f1-score": 0.3870967741935483,
    "support": 20,
    "confused_with": {
      "clarify": 6,
      "pick up": 5
    }
  },
  "find": {
    "precision": 0.4444444444444444,
    "recall": 0.2,
    "f1-score": 0.2758620689655173,
    "support": 20,
    "confused_with": {
      "clarify": 6,
      "pick up": 4,
      "move": 4
    }
  },
  "deny": {
    "precision": 0.8666666666666667,
    "recall": 0.6842105263157895,
    "f1-score": 0.7647058823529413,
    "support": 19,
    "confused_with": {
      "affirmative": 6
    }
  },
  "move": {
    "precision": 0.5142857142857142,
    "recall": 0.9,
    "f1-score": 0.6545454545454545,
    "support": 20,
    "confused_with": {
      "pick up": 2
    }
  },
  "none": {
    "precision": 0.5,
    "recall": 0.23076923076923078,
    "f1-score": 0.3157894736842105,
    "support": 13,
    "confused_with": {
      "greetings": 3,
      "affirmative": 3
    }
  },
  "bye": {
    "precision": 1.0,
    "recall": 0.5555555555555556,
    "f1-score": 0.7142857142857143,
    "support": 9,
    "confused_with": {
      "affirmative": 2,
      "move": 1
    }
  },
  "accuracy": 0.5416666666666666,
  "macro avg": {
    "precision": 0.5882058267403095,
    "recall": 0.539027215474584,
    "f1-score": 0.5334507590249609,
    "support": 168
  },
  "weighted avg": {
    "precision": 0.5606445939574018,
    "recall": 0.5416666666666666,
    "f1-score": 0.5217228774784142,
    "support": 168
  }
}