{
  "custom": [
    [
      0.6722647407251165
    ]
  ],
  "supervised_embeddings": [
    [
      0.6362133359288986
    ]
  ]
}