{
  "object_color": {
    "precision": 1.0,
    "recall": 0.3409090909090909,
    "f1-score": 0.5084745762711864,
    "support": 88
  },
  "object_name": {
    "precision": 1.0,
    "recall": 0.29411764705882354,
    "f1-score": 0.45454545454545453,
    "support": 85
  },
  "placement": {
    "precision": 1.0,
    "recall": 0.7222222222222222,
    "f1-score": 0.8387096774193548,
    "support": 72
  },
  "undefined_object": {
    "precision": 1.0,
    "recall": 0.14285714285714285,
    "f1-score": 0.25,
    "support": 14
  },
  "micro avg": {
    "precision": 1.0,
    "recall": 0.42084942084942084,
    "f1-score": 0.592391304347826,
    "support": 259
  },
  "macro avg": {
    "precision": 1.0,
    "recall": 0.37502652576181983,
    "f1-score": 0.512932427058999,
    "support": 259
  },
  "weighted avg": {
    "precision": 1.0,
    "recall": 0.42084942084942084,
    "f1-score": 0.5686070390827088,
    "support": 259
  }
}