{
  "move": {
    "precision": 0.07142857142857142,
    "recall": 0.05,
    "f1-score": 0.058823529411764705,
    "support": 20,
    "confused_with": {
      "pick up": 12,
      "show": 7
    }
  },
  "none": {
    "precision": 0.2,
    "recall": 0.38461538461538464,
    "f1-score": 0.2631578947368421,
    "support": 13,
    "confused_with": {
      "deny": 5,
      "show": 2
    }
  },
  "show": {
    "precision": 0.022727272727272728,
    "recall": 0.05,
    "f1-score": 0.03125000000000001,
    "support": 20,
    "confused_with": {
      "move": 8,
      "find": 5,
      "pick up": 4
    }
  },
  "pick up": {
    "precision": 0.10714285714285714,
    "recall": 0.15,
    "f1-score": 0.125,
    "support": 20,
    "confused_with": {
      "show": 12,
      "move": 3
    }
  },
  "greetings": {
    "precision": 0.0,
    "recall": 0.0,
    "f1-score": 0.0,
    "support": 8,
    "confused_with": {
      "none": 6,
      "find": 1,
      "affirmative": 1
    }
  },
  "affirmative": {
    "precision": 0.6666666666666666,
    "recall": 0.21052631578947367,
    "f1-score": 0.32,
    "support": 19,
    "confused_with": {
      "deny": 9,
      "none": 3
    }
  },
  "clarify": {
    "precision": 0.5,
    "recall": 0.3,
    "f1-score": 0.37499999999999994,
    "support": 20,
    "confused_with": {
      "show": 5,
      "pick up": 5
    }
  },
  "bye": {
    "precision": 0.0,
    "recall": 0.0,
    "f1-score": 0.0,
    "support": 9,
    "confused_with": {
      "none": 6,
      "show": 2,
      "deny": 1
    }
  },
  "deny": {
    "precision": 0.4642857142857143,
    "recall": 0.6842105263157895,
    "f1-score": 0.5531914893617021,
    "support": 19,
    "confused_with": {
      "none": 5,
      "affirmative": 1
    }
  },
  "find": {
    "precision": 0.09090909090909091,
    "recall": 0.05,
    "f1-score": 0.06451612903225806,
    "support": 20,
    "confused_with": {
      "show": 13,
      "pick up": 2,
      "move": 2
    }
  },
  "accuracy": 0.20238095238095238,
  "macro avg": {
    "precision": 0.2123160173160173,
    "recall": 0.18793522267206478,
    "f1-score": 0.1790939042542567,
    "support": 168
  },
  "weighted avg": {
    "precision": 0.237691970727685,
    "recall": 0.20238095238095238,
    "f1-score": 0.1970445482043556,
    "support": 168
  }
}