{"supervised_embeddings": 19.60075496399986, "pretrained_embeddings_spacy": 227.14860917500027, "recommended": 107.23611820200038, "custom": 110.57068586900004, "mitie": 51320.751942656}