{
  "pretrained_embeddings_spacy": [
    [
      0.8997914505433303,
      0.8891358190138677,
      0.8741781836005199,
      0.8117561619146463,
      0.7663466442112078,
      0.6478684985849098,
      0.45145293102749423,
      0.09668228002756936,
      0.0
    ],
    [
      0.8677433485202619,
      0.8664403541859086,
      0.8395576600263647,
      0.8327552097120969,
      0.7682045207013788,
      0.7107769458784718,
      0.39730397525620875,
      0.2178306665804467,
      0.0
    ],
    [
      0.8974434688467182,
      0.8790240699969291,
      0.8494581134660312,
      0.8210714431258168,
      0.7685067052941712,
      0.6980267368326096,
      0.48187182998543115,
      0.1970445482043556,
      0.0
    ]
  ],
  "custom": [
    [
      0.9033956161324125,
      0.9154726534784337,
      0.8793707725172014,
      0.8824679536122779,
      0.8292378200723538,
      0.7482474721804664,
      0.542858249085023,
      0.0678164029457133,
      0.0
    ],
    [
      0.9173266734533378,
      0.9056563809357737,
      0.9177197438893284,
      0.9118415052925266,
      0.8168171618745458,
      0.7685088705588593,
      0.5959892161382453,
      0.16070690568862972,
      0.0
    ],
    [
      0.9174203175614298,
      0.9242699488005971,
      0.8942955104710812,
      0.8816690422350016,
      0.8313190770998895,
      0.6421203874379654,
      0.545744914061405,
      0.13081704736339994,
      0.0
    ]
  ],
  "supervised_embeddings": [
    [
      0.871474358974359,
      0.8524490129349463,
      0.8284628971055715,
      0.763471879868912,
      0.6971978934780916,
      0.6297326524770135,
      0.5140033946147321,
      0.3990462172329748,
      0.15544202057216897
    ],
    [
      0.8770531580382817,
      0.8737890883874897,
      0.8305789908556014,
      0.7874123079915762,
      0.6948006783995352,
      0.6077415383186064,
      0.496183390633556,
      0.37911403274689703,
      0.20001214940870116
    ],
    [
      0.884425098710813,
      0.8789606702922766,
      0.8670513618123185,
      0.8598731709602263,
      0.6925191447183856,
      0.5631625188480003,
      0.47388323978600266,
      0.37505186137564817,
      0.2741557361103867
    ]
  ],
  "mitie": [
    [
      0.8077545521073204,
      0.8262789499639719,
      0.7606367223892141,
      0.723935138446108,
      0.645677825093006,
      0.6023663153454093,
      0.4124307848107285,
      0.11722661836643601,
      0.0
    ],
    [
      0.8259769094321066,
      0.8320359380542118,
      0.8261126653983796,
      0.7757699400556545,
      0.7399427652745444,
      0.6407918140060997,
      0.4404464310411124,
      0.1010270120054072,
      0.0
    ],
    [
      0.8417518838714491,
      0.7835805053391564,
      0.7500431834670965,
      0.7081232393732394,
      0.6815966430665912,
      0.5735836217979076,
      0.442898485650267,
      0.1634938120495036,
      0.0
    ]
  ]
}