{
  "recommended": [
    [
      0.9642563129456361,
      0.9569658324960552,
      0.9394165942946431,
      0.9492261457428499,
      0.8695646201265819,
      0.7588234509380407,
      0.6528823526753135,
      0.3800254996264386,
      0.3836870813030725
    ],
    [
      0.9702600427851502,
      0.9701028901889734,
      0.9699676076645283,
      0.9401865314648415,
      0.8586427784598515,
      0.6866491228625217,
      0.5217228774784142,
      0.36693275927247954,
      0.3451904887626466
    ],
    [
      0.9581708523861925,
      0.939168303151726,
      0.9380061556237516,
      0.9087520972347153,
      0.8121570911427092,
      0.6977587536467753,
      0.5983047871214767,
      0.40451400767877355,
      0.3053478953493636
    ]
  ],
  "supervised_embeddings": [
    [
      0.9042956486989586,
      0.9056372061401975,
      0.8968990401506939,
      0.8293728661274588,
      0.7457211947288466,
      0.6414711868980161,
      0.45730481506446874,
      0.30141420268822267,
      0.26471501126357944
    ],
    [
      0.8946454373617556,
      0.8990834620220584,
      0.8496344998413813,
      0.8105234456323306,
      0.7806982112445434,
      0.5401302156835357,
      0.441036530869507,
      0.308289121071076,
      0.146491491848303
    ],
    [
      0.8575217992992079,
      0.8552499624256051,
      0.7853629796321425,
      0.7824746904766654,
      0.649324758365459,
      0.5709135964161385,
      0.4783599444780537,
      0.29094766654243903,
      0.2635213292888997
    ]
  ]
}