{
  "show": {
    "precision": 0.8,
    "recall": 0.9032258064516129,
    "f1-score": 0.8484848484848486,
    "support": 31,
    "confused_with": {
      "clarify": 2,
      "pick up": 1
    }
  },
  "affirmative": {
    "precision": 0.8260869565217391,
    "recall": 0.9047619047619048,
    "f1-score": 0.8636363636363636,
    "support": 21,
    "confused_with": {
      "greetings": 1,
      "deny": 1
    }
  },
  "none": {
    "precision": 0.7647058823529411,
    "recall": 0.8125,
    "f1-score": 0.787878787878788,
    "support": 16,
    "confused_with": {
      "affirmative": 2,
      "bye": 1
    }
  },
  "bye": {
    "precision": 0.9090909090909091,
    "recall": 0.9090909090909091,
    "f1-score": 0.9090909090909091,
    "support": 11,
    "confused_with": {
      "affirmative": 1
    }
  },
  "pick up": {
    "precision": 0.8285714285714286,
    "recall": 0.725,
    "f1-score": 0.7733333333333333,
    "support": 40,
    "confused_with": {
      "clarify": 5,
      "move": 4
    }
  },
  "deny": {
    "precision": 0.9473684210526315,
    "recall": 0.9,
    "f1-score": 0.9230769230769231,
    "support": 20,
    "confused_with": {
      "none": 2
    }
  },
  "clarify": {
    "precision": 0.6923076923076923,
    "recall": 0.6206896551724138,
    "f1-score": 0.6545454545454545,
    "support": 29,
    "confused_with": {
      "move": 5,
      "show": 3
    }
  },
  "greetings": {
    "precision": 0.8888888888888888,
    "recall": 0.8888888888888888,
    "f1-score": 0.8888888888888888,
    "support": 9,
    "confused_with": {
      "none": 1
    }
  },
  "move": {
    "precision": 0.7368421052631579,
    "recall": 0.875,
    "f1-score": 0.7999999999999999,
    "support": 32,
    "confused_with": {
      "pick up": 4
    }
  },
  "find": {
    "precision": 0.9166666666666666,
    "recall": 0.7857142857142857,
    "f1-score": 0.8461538461538461,
    "support": 28,
    "confused_with": {
      "show": 3,
      "pick up": 1
    }
  },
  "accuracy": 0.8143459915611815,
  "macro avg": {
    "precision": 0.8310528950716055,
    "recall": 0.8324871450080016,
    "f1-score": 0.8295089355089355,
    "support": 237
  },
  "weighted avg": {
    "precision": 0.8177041471752073,
    "recall": 0.8143459915611815,
    "f1-score": 0.8131411485841867,
    "support": 237
  }
}