{
  "affirmative": {
    "precision": 0.8636363636363636,
    "recall": 0.9047619047619048,
    "f1-score": 0.8837209302325582,
    "support": 21,
    "confused_with": {
      "pick up": 1,
      "clarify": 1
    }
  },
  "none": {
    "precision": 0.8064516129032258,
    "recall": 0.8620689655172413,
    "f1-score": 0.8333333333333334,
    "support": 29,
    "confused_with": {
      "show": 2,
      "move": 1
    }
  },
  "deny": {
    "precision": 0.8571428571428571,
    "recall": 0.9375,
    "f1-score": 0.8955223880597014,
    "support": 32,
    "confused_with": {
      "greetings": 1,
      "affirmative": 1
    }
  },
  "show": {
    "precision": 0.9056603773584906,
    "recall": 0.9056603773584906,
    "f1-score": 0.9056603773584906,
    "support": 53,
    "confused_with": {
      "pick up": 3,
      "none": 1
    }
  },
  "find": {
    "precision": 0.967741935483871,
    "recall": 0.8571428571428571,
    "f1-score": 0.909090909090909,
    "support": 35,
    "confused_with": {
      "show": 1,
      "none": 1
    }
  },
  "bye": {
    "precision": 1.0,
    "recall": 0.8181818181818182,
    "f1-score": 0.9,
    "support": 11,
    "confused_with": {
      "none": 2
    }
  },
  "greetings": {
    "precision": 0.9166666666666666,
    "recall": 0.7857142857142857,
    "f1-score": 0.8461538461538461,
    "support": 14,
    "confused_with": {
      "none": 2,
      "deny": 1
    }
  },
  "move": {
    "precision": 0.8648648648648649,
    "recall": 0.8648648648648649,
    "f1-score": 0.8648648648648649,
    "support": 37,
    "confused_with": {
      "pick up": 5
    }
  },
  "clarify": {
    "precision": 0.9090909090909091,
    "recall": 0.9090909090909091,
    "f1-score": 0.9090909090909091,
    "support": 33,
    "confused_with": {
      "show": 1,
      "pick up": 1
    }
  },
  "pick up": {
    "precision": 0.8969072164948454,
    "recall": 0.9157894736842105,
    "f1-score": 0.9062499999999999,
    "support": 95,
    "confused_with": {
      "move": 4,
      "deny": 3
    }
  },
  "accuracy": 0.8916666666666667,
  "macro avg": {
    "precision": 0.8988162803642095,
    "recall": 0.8760775456316582,
    "f1-score": 0.8853687558184612,
    "support": 360
  },
  "weighted avg": {
    "precision": 0.8940625513372437,
    "recall": 0.8916666666666667,
    "f1-score": 0.8917766896772125,
    "support": 360
  }
}