{
  "undefined_object": {
    "precision": 1.0,
    "recall": 1.0,
    "f1-score": 1.0,
    "support": 12
  },
  "object_name": {
    "precision": 0.9887640449438202,
    "recall": 1.0,
    "f1-score": 0.9943502824858756,
    "support": 88
  },
  "placement": {
    "precision": 1.0,
    "recall": 1.0,
    "f1-score": 1.0,
    "support": 67
  },
  "object_color": {
    "precision": 1.0,
    "recall": 0.9885057471264368,
    "f1-score": 0.9942196531791908,
    "support": 87
  },
  "micro avg": {
    "precision": 0.9960629921259843,
    "recall": 0.9960629921259843,
    "f1-score": 0.9960629921259843,
    "support": 254
  },
  "macro avg": {
    "precision": 0.997191011235955,
    "recall": 0.9971264367816092,
    "f1-score": 0.9971424839162666,
    "support": 254
  },
  "weighted avg": {
    "precision": 0.9961072281695125,
    "recall": 0.9960629921259843,
    "f1-score": 0.9960627349816797,
    "support": 254
  }
}