{
  "move": {
    "precision": 1.0,
    "recall": 0.9,
    "f1-score": 0.9473684210526316,
    "support": 20,
    "confused_with": {
      "pick up": 2
    }
  },
  "none": {
    "precision": 0.5,
    "recall": 0.23076923076923078,
    "f1-score": 0.3157894736842105,
    "support": 13,
    "confused_with": {
      "clarify": 6,
      "deny": 2
    }
  },
  "show": {
    "precision": 0.9444444444444444,
    "recall": 0.85,
    "f1-score": 0.8947368421052632,
    "support": 20,
    "confused_with": {
      "pick up": 2,
      "clarify": 1
    }
  },
  "pick up": {
    "precision": 0.7222222222222222,
    "recall": 0.65,
    "f1-score": 0.6842105263157895,
    "support": 20,
    "confused_with": {
      "clarify": 5,
      "show": 1
    }
  },
  "greetings": {
    "precision": 0.8571428571428571,
    "recall": 0.75,
    "f1-score": 0.7999999999999999,
    "support": 8,
    "confused_with": {
      "none": 1,
      "clarify": 1
    }
  },
  "affirmative": {
    "precision": 0.8333333333333334,
    "recall": 0.5263157894736842,
    "f1-score": 0.6451612903225806,
    "support": 19,
    "confused_with": {
      "clarify": 4,
      "none": 2
    }
  },
  "clarify": {
    "precision": 0.35294117647058826,
    "recall": 0.9,
    "f1-score": 0.5070422535211269,
    "support": 20,
    "confused_with": {
      "pick up": 1,
      "find": 1
    }
  },
  "bye": {
    "precision": 0.6666666666666666,
    "recall": 0.4444444444444444,
    "f1-score": 0.5333333333333333,
    "support": 9,
    "confused_with": {
      "clarify": 3,
      "affirmative": 2
    }
  },
  "deny": {
    "precision": 0.7777777777777778,
    "recall": 0.7368421052631579,
    "f1-score": 0.7567567567567567,
    "support": 19,
    "confused_with": {
      "clarify": 5
    }
  },
  "find": {
    "precision": 0.8571428571428571,
    "recall": 0.6,
    "f1-score": 0.7058823529411764,
    "support": 20,
    "confused_with": {
      "clarify": 8
    }
  },
  "accuracy": 0.6845238095238095,
  "macro avg": {
    "precision": 0.7511671335200747,
    "recall": 0.6588371569950516,
    "f1-score": 0.6790281250032869,
    "support": 168
  },
  "weighted avg": {
    "precision": 0.7589480236539059,
    "recall": 0.6845238095238095,
    "f1-score": 0.6948006783995352,
    "support": 168
  }
}