{
  "affirmative": {
    "precision": 0.9375,
    "recall": 0.7894736842105263,
    "f1-score": 0.8571428571428572,
    "support": 19,
    "confused_with": {
      "none": 1,
      "greetings": 1
    }
  },
  "clarify": {
    "precision": 0.6666666666666666,
    "recall": 0.9,
    "f1-score": 0.7659574468085106,
    "support": 20,
    "confused_with": {
      "show": 1,
      "find": 1
    }
  },
  "greetings": {
    "precision": 0.5,
    "recall": 0.75,
    "f1-score": 0.6,
    "support": 8,
    "confused_with": {
      "deny": 2
    }
  },
  "pick up": {
    "precision": 0.7777777777777778,
    "recall": 0.7,
    "f1-score": 0.7368421052631577,
    "support": 20,
    "confused_with": {
      "clarify": 3,
      "show": 2
    }
  },
  "show": {
    "precision": 0.7727272727272727,
    "recall": 0.85,
    "f1-score": 0.8095238095238095,
    "support": 20,
    "confused_with": {
      "pick up": 3
    }
  },
  "find": {
    "precision": 0.8421052631578947,
    "recall": 0.8,
    "f1-score": 0.8205128205128205,
    "support": 20,
    "confused_with": {
      "show": 2,
      "clarify": 2
    }
  },
  "deny": {
    "precision": 0.8181818181818182,
    "recall": 0.9473684210526315,
    "f1-score": 0.8780487804878049,
    "support": 19,
    "confused_with": {
      "none": 1
    }
  },
  "move": {
    "precision": 1.0,
    "recall": 0.95,
    "f1-score": 0.9743589743589743,
    "support": 20,
    "confused_with": {
      "pick up": 1
    }
  },
  "none": {
    "precision": 0.6666666666666666,
    "recall": 0.46153846153846156,
    "f1-score": 0.5454545454545455,
    "support": 13,
    "confused_with": {
      "greetings": 3,
      "clarify": 2
    }
  },
  "bye": {
    "precision": 0.75,
    "recall": 0.3333333333333333,
    "f1-score": 0.46153846153846156,
    "support": 9,
    "confused_with": {
      "greetings": 2,
      "none": 1
    }
  },
  "accuracy": 0.7857142857142857,
  "macro avg": {
    "precision": 0.7731625465178097,
    "recall": 0.7481713900134952,
    "f1-score": 0.7449379801090943,
    "support": 168
  },
  "weighted avg": {
    "precision": 0.7973819096351992,
    "recall": 0.7857142857142857,
    "f1-score": 0.7806982112445434,
    "support": 168
  }
}