{
  "undefined_object": {
    "precision": 0.9230769230769231,
    "recall": 1.0,
    "f1-score": 0.9600000000000001,
    "support": 12
  },
  "object_name": {
    "precision": 1.0,
    "recall": 0.9893617021276596,
    "f1-score": 0.9946524064171123,
    "support": 94
  },
  "placement": {
    "precision": 0.9710144927536232,
    "recall": 1.0,
    "f1-score": 0.9852941176470589,
    "support": 67
  },
  "object_color": {
    "precision": 0.9895833333333334,
    "recall": 1.0,
    "f1-score": 0.9947643979057591,
    "support": 95
  },
  "micro avg": {
    "precision": 0.985239852398524,
    "recall": 0.996268656716418,
    "f1-score": 0.9907235621521335,
    "support": 268
  },
  "macro avg": {
    "precision": 0.97091868729097,
    "recall": 0.9973404255319149,
    "f1-score": 0.9836777304924825,
    "support": 268
  },
  "weighted avg": {
    "precision": 0.9856168311868752,
    "recall": 0.996268656716418,
    "f1-score": 0.9908009324127186,
    "support": 268
  }
}