{
  "affirmative": {
    "precision": 0.8260869565217391,
    "recall": 1.0,
    "f1-score": 0.9047619047619047,
    "support": 19,
    "confused_with": {}
  },
  "clarify": {
    "precision": 1.0,
    "recall": 1.0,
    "f1-score": 1.0,
    "support": 20,
    "confused_with": {}
  },
  "greetings": {
    "precision": 0.8571428571428571,
    "recall": 0.75,
    "f1-score": 0.7999999999999999,
    "support": 8,
    "confused_with": {
      "none": 1,
      "affirmative": 1
    }
  },
  "pick up": {
    "precision": 1.0,
    "recall": 1.0,
    "f1-score": 1.0,
    "support": 20,
    "confused_with": {}
  },
  "show": {
    "precision": 0.9523809523809523,
    "recall": 1.0,
    "f1-score": 0.975609756097561,
    "support": 20,
    "confused_with": {}
  },
  "find": {
    "precision": 1.0,
    "recall": 0.95,
    "f1-score": 0.9743589743589743,
    "support": 20,
    "confused_with": {
      "show": 1
    }
  },
  "deny": {
    "precision": 1.0,
    "recall": 0.9473684210526315,
    "f1-score": 0.972972972972973,
    "support": 19,
    "confused_with": {
      "none": 1
    }
  },
  "move": {
    "precision": 1.0,
    "recall": 1.0,
    "f1-score": 1.0,
    "support": 20,
    "confused_with": {}
  },
  "none": {
    "precision": 0.6923076923076923,
    "recall": 0.6923076923076923,
    "f1-score": 0.6923076923076923,
    "support": 13,
    "confused_with": {
      "affirmative": 3,
      "greetings": 1
    }
  },
  "bye": {
    "precision": 1.0,
    "recall": 0.7777777777777778,
    "f1-score": 0.8750000000000001,
    "support": 9,
    "confused_with": {
      "none": 2
    }
  },
  "accuracy": 0.9404761904761905,
  "macro avg": {
    "precision": 0.932791845835324,
    "recall": 0.9117453891138101,
    "f1-score": 0.9195011300499104,
    "support": 168
  },
  "weighted avg": {
    "precision": 0.9440500838016367,
    "recall": 0.9404761904761905,
    "f1-score": 0.9401865314648415,
    "support": 168
  }
}