{
  "object_color": {
    "precision": 1.0,
    "recall": 1.0,
    "f1-score": 1.0,
    "support": 85
  },
  "object_name": {
    "precision": 1.0,
    "recall": 1.0,
    "f1-score": 1.0,
    "support": 88
  },
  "placement": {
    "precision": 1.0,
    "recall": 1.0,
    "f1-score": 1.0,
    "support": 69
  },
  "undefined_object": {
    "precision": 1.0,
    "recall": 0.75,
    "f1-score": 0.8571428571428571,
    "support": 12
  },
  "micro avg": {
    "precision": 1.0,
    "recall": 0.9881889763779528,
    "f1-score": 0.994059405940594,
    "support": 254
  },
  "macro avg": {
    "precision": 1.0,
    "recall": 0.9375,
    "f1-score": 0.9642857142857143,
    "support": 254
  },
  "weighted avg": {
    "precision": 1.0,
    "recall": 0.9881889763779528,
    "f1-score": 0.9932508436445444,
    "support": 254
  }
}