{
  "undefined_object": {
    "precision": 1.0,
    "recall": 0.9411764705882353,
    "f1-score": 0.9696969696969697,
    "support": 17
  },
  "object_name": {
    "precision": 1.0,
    "recall": 1.0,
    "f1-score": 1.0,
    "support": 93
  },
  "placement": {
    "precision": 0.9852941176470589,
    "recall": 1.0,
    "f1-score": 0.9925925925925926,
    "support": 67
  },
  "object_color": {
    "precision": 1.0,
    "recall": 1.0,
    "f1-score": 1.0,
    "support": 93
  },
  "micro avg": {
    "precision": 0.9962962962962963,
    "recall": 0.9962962962962963,
    "f1-score": 0.9962962962962963,
    "support": 270
  },
  "macro avg": {
    "precision": 0.9963235294117647,
    "recall": 0.9852941176470589,
    "f1-score": 0.9905723905723905,
    "support": 270
  },
  "weighted avg": {
    "precision": 0.9963507625272331,
    "recall": 0.9962962962962963,
    "f1-score": 0.9962538969946378,
    "support": 270
  }
}