{
  "affirmative": {
    "precision": 0.72,
    "recall": 0.9473684210526315,
    "f1-score": 0.8181818181818181,
    "support": 19,
    "confused_with": {
      "deny": 1
    }
  },
  "clarify": {
    "precision": 0.8571428571428571,
    "recall": 0.3,
    "f1-score": 0.4444444444444444,
    "support": 20,
    "confused_with": {
      "move": 4,
      "find": 4
    }
  },
  "greetings": {
    "precision": 0.8888888888888888,
    "recall": 1.0,
    "f1-score": 0.9411764705882353,
    "support": 8,
    "confused_with": {}
  },
  "pick up": {
    "precision": 0.5714285714285714,
    "recall": 0.6,
    "f1-score": 0.5853658536585366,
    "support": 20,
    "confused_with": {
      "find": 6,
      "move": 2
    }
  },
  "show": {
    "precision": 0.782608695652174,
    "recall": 0.9,
    "f1-score": 0.8372093023255814,
    "support": 20,
    "confused_with": {
      "pick up": 2
    }
  },
  "find": {
    "precision": 0.52,
    "recall": 0.65,
    "f1-score": 0.5777777777777778,
    "support": 20,
    "confused_with": {
      "pick up": 4,
      "move": 2
    }
  },
  "deny": {
    "precision": 0.9444444444444444,
    "recall": 0.8947368421052632,
    "f1-score": 0.918918918918919,
    "support": 19,
    "confused_with": {
      "affirmative": 2
    }
  },
  "move": {
    "precision": 0.6896551724137931,
    "recall": 1.0,
    "f1-score": 0.8163265306122449,
    "support": 20,
    "confused_with": {}
  },
  "none": {
    "precision": 1.0,
    "recall": 0.15384615384615385,
    "f1-score": 0.2666666666666667,
    "support": 13,
    "confused_with": {
      "affirmative": 4,
      "find": 2
    }
  },
  "bye": {
    "precision": 0.8888888888888888,
    "recall": 0.8888888888888888,
    "f1-score": 0.8888888888888888,
    "support": 9,
    "confused_with": {
      "affirmative": 1
    }
  },
  "accuracy": 0.7261904761904762,
  "macro avg": {
    "precision": 0.7863057518859617,
    "recall": 0.7334840305892938,
    "f1-score": 0.7094956672063113,
    "support": 168
  },
  "weighted avg": {
    "precision": 0.7628110802875205,
    "recall": 0.7261904761904762,
    "f1-score": 0.6977587536467753,
    "support": 168
  }
}