{
  "move": {
    "precision": 1.0,
    "recall": 0.95,
    "f1-score": 0.9743589743589743,
    "support": 20,
    "confused_with": {
      "pick up": 1
    }
  },
  "none": {
    "precision": 0.9,
    "recall": 0.6923076923076923,
    "f1-score": 0.7826086956521738,
    "support": 13,
    "confused_with": {
      "greetings": 2,
      "affirmative": 2
    }
  },
  "show": {
    "precision": 1.0,
    "recall": 1.0,
    "f1-score": 1.0,
    "support": 20,
    "confused_with": {}
  },
  "pick up": {
    "precision": 0.8260869565217391,
    "recall": 0.95,
    "f1-score": 0.8837209302325583,
    "support": 20,
    "confused_with": {
      "deny": 1
    }
  },
  "greetings": {
    "precision": 0.7,
    "recall": 0.875,
    "f1-score": 0.7777777777777777,
    "support": 8,
    "confused_with": {
      "none": 1
    }
  },
  "affirmative": {
    "precision": 0.8636363636363636,
    "recall": 1.0,
    "f1-score": 0.9268292682926829,
    "support": 19,
    "confused_with": {}
  },
  "clarify": {
    "precision": 1.0,
    "recall": 0.95,
    "f1-score": 0.9743589743589743,
    "support": 20,
    "confused_with": {
      "find": 1
    }
  },
  "bye": {
    "precision": 1.0,
    "recall": 0.6666666666666666,
    "f1-score": 0.8,
    "support": 9,
    "confused_with": {
      "greetings": 1,
      "deny": 1
    }
  },
  "deny": {
    "precision": 0.9047619047619048,
    "recall": 1.0,
    "f1-score": 0.9500000000000001,
    "support": 19,
    "confused_with": {}
  },
  "find": {
    "precision": 0.9444444444444444,
    "recall": 0.85,
    "f1-score": 0.8947368421052632,
    "support": 20,
    "confused_with": {
      "pick up": 3
    }
  },
  "accuracy": 0.9166666666666666,
  "macro avg": {
    "precision": 0.9138929669364453,
    "recall": 0.8933974358974359,
    "f1-score": 0.8964391462778405,
    "support": 168
  },
  "weighted avg": {
    "precision": 0.9244654471362547,
    "recall": 0.9166666666666666,
    "f1-score": 0.9154726534784337,
    "support": 168
  }
}