{
  "object_name": {
    "precision": 0.9797979797979798,
    "recall": 0.9651741293532339,
    "f1-score": 0.9724310776942355,
    "support": 201
  },
  "object_color": {
    "precision": 0.9831932773109243,
    "recall": 0.9915254237288136,
    "f1-score": 0.9873417721518987,
    "support": 118
  },
  "placement": {
    "precision": 0.9565217391304348,
    "recall": 0.9295774647887324,
    "f1-score": 0.9428571428571428,
    "support": 71
  },
  "micro avg": {
    "precision": 0.9766839378238342,
    "recall": 0.9666666666666667,
    "f1-score": 0.9716494845360825,
    "support": 390
  },
  "macro avg": {
    "precision": 0.9731709987464464,
    "recall": 0.96209233929026,
    "f1-score": 0.9675433309010923,
    "support": 390
  },
  "weighted avg": {
    "precision": 0.9765878054880612,
    "recall": 0.9666666666666667,
    "f1-score": 0.971558545829032,
    "support": 390
  }
}