{
  "object_color": {
    "precision": 0.6946564885496184,
    "recall": 0.9578947368421052,
    "f1-score": 0.8053097345132744,
    "support": 190
  },
  "placement": {
    "precision": 0.5714285714285714,
    "recall": 0.72,
    "f1-score": 0.6371681415929202,
    "support": 50
  },
  "object_name": {
    "precision": 0.7277227722772277,
    "recall": 0.8873239436619719,
    "f1-score": 0.7996373526745241,
    "support": 497
  },
  "micro avg": {
    "precision": 0.7078410311493019,
    "recall": 0.8941655359565808,
    "f1-score": 0.7901678657074341,
    "support": 737
  },
  "macro avg": {
    "precision": 0.6646026107518058,
    "recall": 0.8550728935013591,
    "f1-score": 0.7473717429269061,
    "support": 737
  },
  "weighted avg": {
    "precision": 0.7085948157634169,
    "recall": 0.8941655359565808,
    "f1-score": 0.7900773689503482,
    "support": 737
  }
}