{
  "object_color": {
    "precision": 0.9671052631578947,
    "recall": 0.9735099337748344,
    "f1-score": 0.9702970297029704,
    "support": 151
  },
  "placement": {
    "precision": 0.9545454545454546,
    "recall": 0.9230769230769231,
    "f1-score": 0.9385474860335197,
    "support": 91
  },
  "object_name": {
    "precision": 0.9442724458204335,
    "recall": 0.9682539682539683,
    "f1-score": 0.9561128526645769,
    "support": 315
  },
  "micro avg": {
    "precision": 0.9520426287744227,
    "recall": 0.9622980251346499,
    "f1-score": 0.9571428571428571,
    "support": 557
  },
  "macro avg": {
    "precision": 0.9553077211745942,
    "recall": 0.9549469417019086,
    "f1-score": 0.9549857894670223,
    "support": 557
  },
  "weighted avg": {
    "precision": 0.9521406670267774,
    "recall": 0.9622980251346499,
    "f1-score": 0.957088368588044,
    "support": 557
  }
}