{
  "undefined_object": {
    "precision": 1.0,
    "recall": 1.0,
    "f1-score": 1.0,
    "support": 15
  },
  "object_name": {
    "precision": 0.972972972972973,
    "recall": 0.8888888888888888,
    "f1-score": 0.9290322580645162,
    "support": 81
  },
  "placement": {
    "precision": 0.9634146341463414,
    "recall": 1.0,
    "f1-score": 0.9813664596273292,
    "support": 79
  },
  "object_color": {
    "precision": 1.0,
    "recall": 0.9767441860465116,
    "f1-score": 0.988235294117647,
    "support": 86
  },
  "micro avg": {
    "precision": 0.9803921568627451,
    "recall": 0.9578544061302682,
    "f1-score": 0.9689922480620156,
    "support": 261
  },
  "macro avg": {
    "precision": 0.9840969017798287,
    "recall": 0.9664082687338501,
    "f1-score": 0.9746585029523731,
    "support": 261
  },
  "weighted avg": {
    "precision": 0.9805385705301601,
    "recall": 0.9578544061302682,
    "f1-score": 0.9684589981145688,
    "support": 261
  }
}