{
  "object_color": {
    "precision": 0.9887640449438202,
    "recall": 1.0,
    "f1-score": 0.9943502824858756,
    "support": 88
  },
  "object_name": {
    "precision": 1.0,
    "recall": 0.9534883720930233,
    "f1-score": 0.9761904761904763,
    "support": 86
  },
  "placement": {
    "precision": 0.9545454545454546,
    "recall": 1.0,
    "f1-score": 0.9767441860465117,
    "support": 63
  },
  "undefined_object": {
    "precision": 1.0,
    "recall": 1.0,
    "f1-score": 1.0,
    "support": 11
  },
  "micro avg": {
    "precision": 0.9838709677419355,
    "recall": 0.9838709677419355,
    "f1-score": 0.9838709677419355,
    "support": 248
  },
  "macro avg": {
    "precision": 0.9858273748723188,
    "recall": 0.9883720930232558,
    "f1-score": 0.9868212361807159,
    "support": 248
  },
  "weighted avg": {
    "precision": 0.9844661273847573,
    "recall": 0.9838709677419355,
    "f1-score": 0.9838310061776945,
    "support": 248
  }
}