{
  "affirmative": {
    "precision": 0.6470588235294118,
    "recall": 0.5789473684210527,
    "f1-score": 0.6111111111111113,
    "support": 19,
    "confused_with": {
      "deny": 4,
      "bye": 2
    }
  },
  "clarify": {
    "precision": 0.52,
    "recall": 0.65,
    "f1-score": 0.5777777777777778,
    "support": 20,
    "confused_with": {
      "pick up": 5,
      "show": 1
    }
  },
  "greetings": {
    "precision": 0.6,
    "recall": 0.75,
    "f1-score": 0.6666666666666665,
    "support": 8,
    "confused_with": {
      "clarify": 1,
      "affirmative": 1
    }
  },
  "pick up": {
    "precision": 0.5,
    "recall": 0.4,
    "f1-score": 0.4444444444444445,
    "support": 20,
    "confused_with": {
      "find": 5,
      "clarify": 5
    }
  },
  "show": {
    "precision": 0.75,
    "recall": 0.9,
    "f1-score": 0.8181818181818182,
    "support": 20,
    "confused_with": {
      "pick up": 1,
      "clarify": 1
    }
  },
  "find": {
    "precision": 0.5,
    "recall": 0.5,
    "f1-score": 0.5,
    "support": 20,
    "confused_with": {
      "move": 4,
      "show": 2
    }
  },
  "deny": {
    "precision": 0.7272727272727273,
    "recall": 0.8421052631578947,
    "f1-score": 0.7804878048780488,
    "support": 19,
    "confused_with": {
      "affirmative": 2,
      "find": 1
    }
  },
  "move": {
    "precision": 0.8095238095238095,
    "recall": 0.85,
    "f1-score": 0.8292682926829269,
    "support": 20,
    "confused_with": {
      "find": 2,
      "clarify": 1
    }
  },
  "none": {
    "precision": 0.8571428571428571,
    "recall": 0.46153846153846156,
    "f1-score": 0.6,
    "support": 13,
    "confused_with": {
      "greetings": 2,
      "clarify": 2
    }
  },
  "bye": {
    "precision": 0.6666666666666666,
    "recall": 0.4444444444444444,
    "f1-score": 0.5333333333333333,
    "support": 9,
    "confused_with": {
      "affirmative": 3,
      "greetings": 1
    }
  },
  "accuracy": 0.6488095238095238,
  "macro avg": {
    "precision": 0.6577664884135472,
    "recall": 0.6377035537561854,
    "f1-score": 0.6361271249076127,
    "support": 168
  },
  "weighted avg": {
    "precision": 0.652652576181988,
    "recall": 0.6488095238095238,
    "f1-score": 0.6414711868980161,
    "support": 168
  }
}