{
  "affirmative": {
    "precision": 0.85,
    "recall": 0.8095238095238095,
    "f1-score": 0.8292682926829269,
    "support": 21,
    "confused_with": {
      "pick up": 1,
      "none": 1
    }
  },
  "show": {
    "precision": 0.8679245283018868,
    "recall": 0.8679245283018868,
    "f1-score": 0.8679245283018869,
    "support": 53,
    "confused_with": {
      "pick up": 3,
      "none": 3
    }
  },
  "none": {
    "precision": 0.53125,
    "recall": 0.5862068965517241,
    "f1-score": 0.5573770491803278,
    "support": 29,
    "confused_with": {
      "show": 4,
      "pick up": 2
    }
  },
  "bye": {
    "precision": 0.8888888888888888,
    "recall": 0.7272727272727273,
    "f1-score": 0.7999999999999999,
    "support": 11,
    "confused_with": {
      "none": 2,
      "deny": 1
    }
  },
  "deny": {
    "precision": 0.8666666666666667,
    "recall": 0.8125,
    "f1-score": 0.8387096774193549,
    "support": 32,
    "confused_with": {
      "none": 4,
      "greetings": 2
    }
  },
  "pick up": {
    "precision": 0.826530612244898,
    "recall": 0.8526315789473684,
    "f1-score": 0.839378238341969,
    "support": 95,
    "confused_with": {
      "move": 6,
      "find": 3
    }
  },
  "move": {
    "precision": 0.7894736842105263,
    "recall": 0.8108108108108109,
    "f1-score": 0.8,
    "support": 37,
    "confused_with": {
      "pick up": 7
    }
  },
  "greetings": {
    "precision": 0.7857142857142857,
    "recall": 0.7857142857142857,
    "f1-score": 0.7857142857142857,
    "support": 14,
    "confused_with": {
      "none": 3
    }
  },
  "clarify": {
    "precision": 0.875,
    "recall": 0.8484848484848485,
    "f1-score": 0.8615384615384615,
    "support": 33,
    "confused_with": {
      "pick up": 2,
      "move": 1
    }
  },
  "find": {
    "precision": 0.8823529411764706,
    "recall": 0.8571428571428571,
    "f1-score": 0.8695652173913043,
    "support": 35,
    "confused_with": {
      "show": 2,
      "pick up": 2
    }
  },
  "accuracy": 0.8166666666666667,
  "macro avg": {
    "precision": 0.8163801607203623,
    "recall": 0.7958212342750318,
    "f1-score": 0.8049475750570517,
    "support": 360
  },
  "weighted avg": {
    "precision": 0.8201545792537287,
    "recall": 0.8166666666666667,
    "f1-score": 0.8178437853665063,
    "support": 360
  }
}