{
  "placement": {
    "precision": 0.9333333333333333,
    "recall": 0.9210526315789473,
    "f1-score": 0.9271523178807947,
    "support": 76
  },
  "object_name": {
    "precision": 0.993421052631579,
    "recall": 0.9556962025316456,
    "f1-score": 0.9741935483870968,
    "support": 158
  },
  "object_color": {
    "precision": 1.0,
    "recall": 1.0,
    "f1-score": 1.0,
    "support": 122
  },
  "micro avg": {
    "precision": 0.9828080229226361,
    "recall": 0.9634831460674157,
    "f1-score": 0.973049645390071,
    "support": 356
  },
  "macro avg": {
    "precision": 0.9755847953216374,
    "recall": 0.9589162780368644,
    "f1-score": 0.9671152887559638,
    "support": 356
  },
  "weighted avg": {
    "precision": 0.9828479203627045,
    "recall": 0.9634831460674157,
    "f1-score": 0.9729948224834317,
    "support": 356
  }
}