{
  "move": {
    "precision": 0.9047619047619048,
    "recall": 0.95,
    "f1-score": 0.9268292682926829,
    "support": 20,
    "confused_with": {
      "pick up": 1
    }
  },
  "none": {
    "precision": 0.6153846153846154,
    "recall": 0.6153846153846154,
    "f1-score": 0.6153846153846154,
    "support": 13,
    "confused_with": {
      "deny": 2,
      "affirmative": 2
    }
  },
  "show": {
    "precision": 1.0,
    "recall": 0.95,
    "f1-score": 0.9743589743589743,
    "support": 20,
    "confused_with": {
      "pick up": 1
    }
  },
  "pick up": {
    "precision": 0.6153846153846154,
    "recall": 0.8,
    "f1-score": 0.6956521739130435,
    "support": 20,
    "confused_with": {
      "find": 3,
      "move": 1
    }
  },
  "greetings": {
    "precision": 0.6666666666666666,
    "recall": 0.75,
    "f1-score": 0.7058823529411765,
    "support": 8,
    "confused_with": {
      "none": 2
    }
  },
  "affirmative": {
    "precision": 0.875,
    "recall": 0.7368421052631579,
    "f1-score": 0.7999999999999999,
    "support": 19,
    "confused_with": {
      "none": 2,
      "deny": 2
    }
  },
  "clarify": {
    "precision": 1.0,
    "recall": 0.9,
    "f1-score": 0.9473684210526316,
    "support": 20,
    "confused_with": {
      "pick up": 1,
      "find": 1
    }
  },
  "bye": {
    "precision": 1.0,
    "recall": 0.7777777777777778,
    "f1-score": 0.8750000000000001,
    "support": 9,
    "confused_with": {
      "greetings": 1,
      "deny": 1
    }
  },
  "deny": {
    "precision": 0.782608695652174,
    "recall": 0.9473684210526315,
    "f1-score": 0.8571428571428571,
    "support": 19,
    "confused_with": {
      "pick up": 1
    }
  },
  "find": {
    "precision": 0.75,
    "recall": 0.6,
    "f1-score": 0.6666666666666665,
    "support": 20,
    "confused_with": {
      "pick up": 6,
      "none": 1
    }
  },
  "accuracy": 0.8154761904761905,
  "macro avg": {
    "precision": 0.8209806497849975,
    "recall": 0.8027372919478182,
    "f1-score": 0.8064285329752648,
    "support": 168
  },
  "weighted avg": {
    "precision": 0.8287549342479468,
    "recall": 0.8154761904761905,
    "f1-score": 0.8168171618745458,
    "support": 168
  }
}