{
  "show": {
    "precision": 0.9666666666666667,
    "recall": 0.9354838709677419,
    "f1-score": 0.9508196721311476,
    "support": 31,
    "confused_with": {
      "pick up": 1,
      "none": 1
    }
  },
  "affirmative": {
    "precision": 0.9411764705882353,
    "recall": 0.7619047619047619,
    "f1-score": 0.8421052631578947,
    "support": 21,
    "confused_with": {
      "greetings": 2,
      "none": 1
    }
  },
  "none": {
    "precision": 0.5833333333333334,
    "recall": 0.875,
    "f1-score": 0.7000000000000001,
    "support": 16,
    "confused_with": {
      "greetings": 1,
      "find": 1
    }
  },
  "bye": {
    "precision": 1.0,
    "recall": 0.9090909090909091,
    "f1-score": 0.9523809523809523,
    "support": 11,
    "confused_with": {
      "none": 1
    }
  },
  "pick up": {
    "precision": 0.8235294117647058,
    "recall": 0.7,
    "f1-score": 0.7567567567567567,
    "support": 40,
    "confused_with": {
      "none": 3,
      "move": 3
    }
  },
  "deny": {
    "precision": 0.9,
    "recall": 0.9,
    "f1-score": 0.9,
    "support": 20,
    "confused_with": {
      "none": 1,
      "affirmative": 1
    }
  },
  "clarify": {
    "precision": 0.8387096774193549,
    "recall": 0.896551724137931,
    "f1-score": 0.8666666666666666,
    "support": 29,
    "confused_with": {
      "move": 2,
      "pick up": 1
    }
  },
  "greetings": {
    "precision": 0.625,
    "recall": 0.5555555555555556,
    "f1-score": 0.5882352941176471,
    "support": 9,
    "confused_with": {
      "none": 3,
      "clarify": 1
    }
  },
  "move": {
    "precision": 0.8333333333333334,
    "recall": 0.9375,
    "f1-score": 0.8823529411764706,
    "support": 32,
    "confused_with": {
      "pick up": 2
    }
  },
  "find": {
    "precision": 0.8888888888888888,
    "recall": 0.8571428571428571,
    "f1-score": 0.8727272727272727,
    "support": 28,
    "confused_with": {
      "pick up": 2,
      "move": 1
    }
  },
  "accuracy": 0.8438818565400844,
  "macro avg": {
    "precision": 0.8400637781994519,
    "recall": 0.8328229678799757,
    "f1-score": 0.8312044819114808,
    "support": 237
  },
  "weighted avg": {
    "precision": 0.8544684327158565,
    "recall": 0.8438818565400844,
    "f1-score": 0.844747636469388,
    "support": 237
  }
}