{
  "placement": {
    "precision": 0.972972972972973,
    "recall": 0.9230769230769231,
    "f1-score": 0.9473684210526315,
    "support": 78
  },
  "object_name": {
    "precision": 0.96,
    "recall": 0.9473684210526315,
    "f1-score": 0.9536423841059603,
    "support": 152
  },
  "object_color": {
    "precision": 0.9736842105263158,
    "recall": 1.0,
    "f1-score": 0.9866666666666666,
    "support": 111
  },
  "micro avg": {
    "precision": 0.9674556213017751,
    "recall": 0.9589442815249267,
    "f1-score": 0.9631811487481591,
    "support": 341
  },
  "macro avg": {
    "precision": 0.9688857278330962,
    "recall": 0.9568151147098516,
    "f1-score": 0.962559157275086,
    "support": 341
  },
  "weighted avg": {
    "precision": 0.9674218160126479,
    "recall": 0.9589442815249267,
    "f1-score": 0.9629571238305314,
    "support": 341
  }
}