{
  "object_color": {
    "precision": 0.9602649006622517,
    "recall": 0.9602649006622517,
    "f1-score": 0.9602649006622517,
    "support": 151
  },
  "placement": {
    "precision": 0.9325842696629213,
    "recall": 0.9120879120879121,
    "f1-score": 0.9222222222222223,
    "support": 91
  },
  "object_name": {
    "precision": 0.9219219219219219,
    "recall": 0.9746031746031746,
    "f1-score": 0.947530864197531,
    "support": 315
  },
  "micro avg": {
    "precision": 0.9336823734729494,
    "recall": 0.9605026929982047,
    "f1-score": 0.9469026548672566,
    "support": 557
  },
  "macro avg": {
    "precision": 0.9382570307490316,
    "recall": 0.9489853291177796,
    "f1-score": 0.943339329027335,
    "support": 557
  },
  "weighted avg": {
    "precision": 0.9340584810497868,
    "recall": 0.9605026929982047,
    "f1-score": 0.946848194693796,
    "support": 557
  }
}