{
  "affirmative": {
    "precision": 0.8,
    "recall": 0.7619047619047619,
    "f1-score": 0.7804878048780488,
    "support": 21,
    "confused_with": {
      "none": 3,
      "pick up": 2
    }
  },
  "none": {
    "precision": 0.6428571428571429,
    "recall": 0.6206896551724138,
    "f1-score": 0.6315789473684211,
    "support": 29,
    "confused_with": {
      "pick up": 3,
      "deny": 3
    }
  },
  "deny": {
    "precision": 0.8333333333333334,
    "recall": 0.78125,
    "f1-score": 0.8064516129032259,
    "support": 32,
    "confused_with": {
      "pick up": 2,
      "none": 2
    }
  },
  "show": {
    "precision": 0.8727272727272727,
    "recall": 0.9056603773584906,
    "f1-score": 0.8888888888888888,
    "support": 53,
    "confused_with": {
      "pick up": 3,
      "find": 1
    }
  },
  "find": {
    "precision": 0.9285714285714286,
    "recall": 0.7428571428571429,
    "f1-score": 0.8253968253968255,
    "support": 35,
    "confused_with": {
      "pick up": 6,
      "show": 1
    }
  },
  "bye": {
    "precision": 0.8888888888888888,
    "recall": 0.7272727272727273,
    "f1-score": 0.7999999999999999,
    "support": 11,
    "confused_with": {
      "none": 2,
      "deny": 1
    }
  },
  "greetings": {
    "precision": 0.8461538461538461,
    "recall": 0.7857142857142857,
    "f1-score": 0.8148148148148148,
    "support": 14,
    "confused_with": {
      "none": 2,
      "pick up": 1
    }
  },
  "move": {
    "precision": 0.8787878787878788,
    "recall": 0.7837837837837838,
    "f1-score": 0.8285714285714285,
    "support": 37,
    "confused_with": {
      "pick up": 8
    }
  },
  "clarify": {
    "precision": 0.8787878787878788,
    "recall": 0.8787878787878788,
    "f1-score": 0.8787878787878788,
    "support": 33,
    "confused_with": {
      "show": 2,
      "pick up": 1
    }
  },
  "pick up": {
    "precision": 0.7657657657657657,
    "recall": 0.8947368421052632,
    "f1-score": 0.825242718446602,
    "support": 95,
    "confused_with": {
      "show": 3,
      "move": 2
    }
  },
  "accuracy": 0.8194444444444444,
  "macro avg": {
    "precision": 0.8335873435873437,
    "recall": 0.7882657454956747,
    "f1-score": 0.8080220920056135,
    "support": 360
  },
  "weighted avg": {
    "precision": 0.8243080559747226,
    "recall": 0.8194444444444444,
    "f1-score": 0.8188197041833443,
    "support": 360
  }
}