{
  "object_color": {
    "precision": 0.9863945578231292,
    "recall": 0.9602649006622517,
    "f1-score": 0.9731543624161074,
    "support": 151
  },
  "placement": {
    "precision": 0.8829787234042553,
    "recall": 0.9120879120879121,
    "f1-score": 0.8972972972972972,
    "support": 91
  },
  "object_name": {
    "precision": 0.953125,
    "recall": 0.9682539682539683,
    "f1-score": 0.9606299212598425,
    "support": 315
  },
  "micro avg": {
    "precision": 0.9500891265597148,
    "recall": 0.9569120287253142,
    "f1-score": 0.9534883720930233,
    "support": 557
  },
  "macro avg": {
    "precision": 0.9408327604091281,
    "recall": 0.9468689270013774,
    "f1-score": 0.9436938603244157,
    "support": 557
  },
  "weighted avg": {
    "precision": 0.9506840521742904,
    "recall": 0.9569120287253142,
    "f1-score": 0.9536782548936026,
    "support": 557
  }
}