{
  "affirmative": {
    "precision": 0.8947368421052632,
    "recall": 0.8095238095238095,
    "f1-score": 0.8500000000000001,
    "support": 21,
    "confused_with": {
      "pick up": 2,
      "none": 2
    }
  },
  "none": {
    "precision": 0.6875,
    "recall": 0.7586206896551724,
    "f1-score": 0.7213114754098361,
    "support": 29,
    "confused_with": {
      "deny": 3,
      "pick up": 2
    }
  },
  "deny": {
    "precision": 0.8709677419354839,
    "recall": 0.84375,
    "f1-score": 0.8571428571428571,
    "support": 32,
    "confused_with": {
      "none": 2,
      "pick up": 1
    }
  },
  "show": {
    "precision": 0.8596491228070176,
    "recall": 0.9245283018867925,
    "f1-score": 0.8909090909090909,
    "support": 53,
    "confused_with": {
      "pick up": 3,
      "move": 1
    }
  },
  "find": {
    "precision": 0.9285714285714286,
    "recall": 0.7428571428571429,
    "f1-score": 0.8253968253968255,
    "support": 35,
    "confused_with": {
      "show": 3,
      "pick up": 3
    }
  },
  "bye": {
    "precision": 1.0,
    "recall": 0.7272727272727273,
    "f1-score": 0.8421052631578948,
    "support": 11,
    "confused_with": {
      "none": 2,
      "deny": 1
    }
  },
  "greetings": {
    "precision": 0.8461538461538461,
    "recall": 0.7857142857142857,
    "f1-score": 0.8148148148148148,
    "support": 14,
    "confused_with": {
      "none": 2,
      "pick up": 1
    }
  },
  "move": {
    "precision": 0.8,
    "recall": 0.8648648648648649,
    "f1-score": 0.8311688311688312,
    "support": 37,
    "confused_with": {
      "pick up": 5
    }
  },
  "clarify": {
    "precision": 0.8529411764705882,
    "recall": 0.8787878787878788,
    "f1-score": 0.8656716417910447,
    "support": 33,
    "confused_with": {
      "show": 2,
      "pick up": 1
    }
  },
  "pick up": {
    "precision": 0.8163265306122449,
    "recall": 0.8421052631578947,
    "f1-score": 0.8290155440414508,
    "support": 95,
    "confused_with": {
      "move": 6,
      "show": 3
    }
  },
  "accuracy": 0.8361111111111111,
  "macro avg": {
    "precision": 0.8556846688655873,
    "recall": 0.8178024963720569,
    "f1-score": 0.8327536343832647,
    "support": 360
  },
  "weighted avg": {
    "precision": 0.8411210500354569,
    "recall": 0.8361111111111111,
    "f1-score": 0.8362531328915576,
    "support": 360
  }
}