{
  "affirmative": {
    "precision": 1.0,
    "recall": 1.0,
    "f1-score": 1.0,
    "support": 19,
    "confused_with": {}
  },
  "clarify": {
    "precision": 0.9523809523809523,
    "recall": 1.0,
    "f1-score": 0.975609756097561,
    "support": 20,
    "confused_with": {}
  },
  "greetings": {
    "precision": 0.8888888888888888,
    "recall": 1.0,
    "f1-score": 0.9411764705882353,
    "support": 8,
    "confused_with": {}
  },
  "pick up": {
    "precision": 1.0,
    "recall": 1.0,
    "f1-score": 1.0,
    "support": 20,
    "confused_with": {}
  },
  "show": {
    "precision": 1.0,
    "recall": 1.0,
    "f1-score": 1.0,
    "support": 20,
    "confused_with": {}
  },
  "find": {
    "precision": 1.0,
    "recall": 0.95,
    "f1-score": 0.9743589743589743,
    "support": 20,
    "confused_with": {
      "move": 1
    }
  },
  "deny": {
    "precision": 1.0,
    "recall": 0.9473684210526315,
    "f1-score": 0.972972972972973,
    "support": 19,
    "confused_with": {
      "none": 1
    }
  },
  "move": {
    "precision": 0.9523809523809523,
    "recall": 1.0,
    "f1-score": 0.975609756097561,
    "support": 20,
    "confused_with": {}
  },
  "none": {
    "precision": 0.7857142857142857,
    "recall": 0.8461538461538461,
    "f1-score": 0.8148148148148148,
    "support": 13,
    "confused_with": {
      "greetings": 1,
      "clarify": 1
    }
  },
  "bye": {
    "precision": 1.0,
    "recall": 0.7777777777777778,
    "f1-score": 0.8750000000000001,
    "support": 9,
    "confused_with": {
      "none": 2
    }
  },
  "accuracy": 0.9642857142857143,
  "macro avg": {
    "precision": 0.9579365079365079,
    "recall": 0.9521300044984257,
    "f1-score": 0.9529542744930118,
    "support": 168
  },
  "weighted avg": {
    "precision": 0.9667894935752079,
    "recall": 0.9642857142857143,
    "f1-score": 0.9642563129456361,
    "support": 168
  }
}