{
  "placement": {
    "precision": 0.9027777777777778,
    "recall": 0.8333333333333334,
    "f1-score": 0.8666666666666667,
    "support": 78
  },
  "object_name": {
    "precision": 0.9906542056074766,
    "recall": 0.6973684210526315,
    "f1-score": 0.8185328185328185,
    "support": 152
  },
  "object_color": {
    "precision": 0.9903846153846154,
    "recall": 0.9279279279279279,
    "f1-score": 0.9581395348837211,
    "support": 111
  },
  "micro avg": {
    "precision": 0.9681978798586572,
    "recall": 0.8035190615835777,
    "f1-score": 0.8782051282051282,
    "support": 341
  },
  "macro avg": {
    "precision": 0.9612721995899566,
    "recall": 0.8195432274379643,
    "f1-score": 0.8811130066944021,
    "support": 341
  },
  "weighted avg": {
    "precision": 0.9704656839492535,
    "recall": 0.8035190615835777,
    "f1-score": 0.8749867354518517,
    "support": 341
  }
}