{
  "object_color": {
    "precision": 0.49673202614379086,
    "recall": 0.8941176470588236,
    "f1-score": 0.638655462184874,
    "support": 85
  },
  "object_name": {
    "precision": 0.7222222222222222,
    "recall": 0.8863636363636364,
    "f1-score": 0.7959183673469388,
    "support": 88
  },
  "placement": {
    "precision": 0.8717948717948718,
    "recall": 0.9855072463768116,
    "f1-score": 0.9251700680272109,
    "support": 69
  },
  "undefined_object": {
    "precision": 0.6,
    "recall": 0.25,
    "f1-score": 0.35294117647058826,
    "support": 12
  },
  "micro avg": {
    "precision": 0.6540697674418605,
    "recall": 0.8858267716535433,
    "f1-score": 0.7525083612040134,
    "support": 254
  },
  "macro avg": {
    "precision": 0.6726872800402213,
    "recall": 0.7539971324498179,
    "f1-score": 0.6781712685074031,
    "support": 254
  },
  "weighted avg": {
    "precision": 0.6816205666599366,
    "recall": 0.8858267716535433,
    "f1-score": 0.7574746434006675,
    "support": 254
  }
}