{
  "object_color": {
    "precision": 0.9801324503311258,
    "recall": 0.9801324503311258,
    "f1-score": 0.9801324503311258,
    "support": 151
  },
  "placement": {
    "precision": 0.9431818181818182,
    "recall": 0.9120879120879121,
    "f1-score": 0.9273743016759776,
    "support": 91
  },
  "object_name": {
    "precision": 0.9323843416370107,
    "recall": 0.9739776951672863,
    "f1-score": 0.9527272727272728,
    "support": 269
  },
  "micro avg": {
    "precision": 0.948076923076923,
    "recall": 0.9647749510763209,
    "f1-score": 0.95635305528613,
    "support": 511
  },
  "macro avg": {
    "precision": 0.9518995367166516,
    "recall": 0.9553993525287746,
    "f1-score": 0.9534113415781253,
    "support": 511
  },
  "weighted avg": {
    "precision": 0.9484166993246601,
    "recall": 0.9647749510763209,
    "f1-score": 0.9563105632409987,
    "support": 511
  }
}