{
  "affirmative": {
    "precision": 0.9047619047619048,
    "recall": 1.0,
    "f1-score": 0.9500000000000001,
    "support": 19,
    "confused_with": {}
  },
  "clarify": {
    "precision": 0.9523809523809523,
    "recall": 1.0,
    "f1-score": 0.975609756097561,
    "support": 20,
    "confused_with": {}
  },
  "greetings": {
    "precision": 0.8,
    "recall": 1.0,
    "f1-score": 0.888888888888889,
    "support": 8,
    "confused_with": {}
  },
  "pick up": {
    "precision": 0.9473684210526315,
    "recall": 0.9,
    "f1-score": 0.9230769230769231,
    "support": 20,
    "confused_with": {
      "move": 1,
      "find": 1
    }
  },
  "show": {
    "precision": 1.0,
    "recall": 1.0,
    "f1-score": 1.0,
    "support": 20,
    "confused_with": {}
  },
  "find": {
    "precision": 0.9473684210526315,
    "recall": 0.9,
    "f1-score": 0.9230769230769231,
    "support": 20,
    "confused_with": {
      "pick up": 1,
      "move": 1
    }
  },
  "deny": {
    "precision": 1.0,
    "recall": 0.9473684210526315,
    "f1-score": 0.972972972972973,
    "support": 19,
    "confused_with": {
      "none": 1
    }
  },
  "move": {
    "precision": 0.9090909090909091,
    "recall": 1.0,
    "f1-score": 0.9523809523809523,
    "support": 20,
    "confused_with": {}
  },
  "none": {
    "precision": 0.8888888888888888,
    "recall": 0.6153846153846154,
    "f1-score": 0.7272727272727274,
    "support": 13,
    "confused_with": {
      "greetings": 2,
      "affirmative": 2
    }
  },
  "bye": {
    "precision": 1.0,
    "recall": 1.0,
    "f1-score": 1.0,
    "support": 9,
    "confused_with": {}
  },
  "accuracy": 0.9404761904761905,
  "macro avg": {
    "precision": 0.9349859497227918,
    "recall": 0.9362753036437246,
    "f1-score": 0.9313279143766948,
    "support": 168
  },
  "weighted avg": {
    "precision": 0.9420845584379419,
    "recall": 0.9404761904761905,
    "f1-score": 0.9380061556237516,
    "support": 168
  }
}