{
  "object_name": {
    "precision": 0.9893048128342246,
    "recall": 0.9296482412060302,
    "f1-score": 0.9585492227979275,
    "support": 199
  },
  "object_color": {
    "precision": 0.9722222222222222,
    "recall": 0.9813084112149533,
    "f1-score": 0.9767441860465117,
    "support": 107
  },
  "placement": {
    "precision": 0.9565217391304348,
    "recall": 0.8571428571428571,
    "f1-score": 0.904109589041096,
    "support": 77
  },
  "micro avg": {
    "precision": 0.978021978021978,
    "recall": 0.9295039164490861,
    "f1-score": 0.9531459170013388,
    "support": 383
  },
  "macro avg": {
    "precision": 0.9726829247289605,
    "recall": 0.9226998365212803,
    "f1-score": 0.9464676659618451,
    "support": 383
  },
  "weighted avg": {
    "precision": 0.977941539020449,
    "recall": 0.9295039164490861,
    "f1-score": 0.9526876281982474,
    "support": 383
  }
}