{
  "recommended": [
    [
      0.9380822514765811,
      0.9239169450601147,
      0.90160770624304,
      0.8600576093165146,
      0.7340548518133014
    ],
    [
      0.8980472524024072,
      0.9074033569269996,
      0.8921905858163495,
      0.846645954879789,
      0.7269794087020934
    ],
    [
      0.887505016155614,
      0.8978421120954633,
      0.8974045916141589,
      0.8521476917221875,
      0.7246651890072044
    ]
  ],
  "pretrained_embeddings_spacy": [
    [
      0.8306477332323321,
      0.8246538497986892,
      0.8007629898075894,
      0.6828038126546973,
      0.515426176579334
    ],
    [
      0.7778600338896289,
      0.7906290551277512,
      0.7640968666601919,
      0.6993029674963609,
      0.5874797653424868
    ],
    [
      0.8204094377244644,
      0.8088904278378348,
      0.7949348787589338,
      0.735448264667713,
      0.5882725238728226
    ]
  ],
  "custom": [
    [
      0.9029233960350829,
      0.8948787467234821,
      0.8917766896772125,
      0.8252223181548831,
      0.7089186362168651
    ],
    [
      0.8470141130018615,
      0.8437880067509105,
      0.8306214490623309,
      0.7788298870063806,
      0.7348174989568618
    ],
    [
      0.8554114835363492,
      0.8529143288370359,
      0.8362531328915576,
      0.8188197041833443,
      0.7085419863959083
    ]
  ],
  "supervised_embeddings": [
    [
      0.8575458605972354,
      0.8642302551775907,
      0.8244634858834767,
      0.7587268037819788,
      0.5833432734612252
    ],
    [
      0.8286642875678846,
      0.866608042500407,
      0.7973732082066123,
      0.7480574889910795,
      0.600168629605618
    ],
    [
      0.8299000179533915,
      0.822313510434201,
      0.7981973345173421,
      0.724192308641006,
      0.6074095027295453
    ]
  ],
  "mitie": [
    [
      0.7761125724516649,
      0.7734523348720477,
      0.7803334030920266,
      0.6678789032844312,
      0.5150568984914893
    ],
    [
      0.7810835835159371,
      0.7380512792890149,
      0.7048039112102188,
      0.6108749266130523,
      0.45111158013822483
    ],
    [
      0.8178437853665063,
      0.8028460904300003,
      0.7557089122615283,
      0.6744470639697402,
      0.4896196769674064
    ]
  ]
}