{
  "move": {
    "precision": 0.9,
    "recall": 0.9,
    "f1-score": 0.9,
    "support": 20,
    "confused_with": {
      "find": 1,
      "clarify": 1
    }
  },
  "none": {
    "precision": 0.7,
    "recall": 0.5384615384615384,
    "f1-score": 0.608695652173913,
    "support": 13,
    "confused_with": {
      "affirmative": 3,
      "pick up": 1
    }
  },
  "show": {
    "precision": 0.8333333333333334,
    "recall": 1.0,
    "f1-score": 0.9090909090909091,
    "support": 20,
    "confused_with": {}
  },
  "pick up": {
    "precision": 0.65,
    "recall": 0.65,
    "f1-score": 0.65,
    "support": 20,
    "confused_with": {
      "find": 3,
      "clarify": 3
    }
  },
  "greetings": {
    "precision": 0.75,
    "recall": 0.375,
    "f1-score": 0.5,
    "support": 8,
    "confused_with": {
      "clarify": 2,
      "affirmative": 2
    }
  },
  "affirmative": {
    "precision": 0.6,
    "recall": 0.631578947368421,
    "f1-score": 0.6153846153846154,
    "support": 19,
    "confused_with": {
      "none": 2,
      "deny": 2
    }
  },
  "clarify": {
    "precision": 0.68,
    "recall": 0.85,
    "f1-score": 0.7555555555555556,
    "support": 20,
    "confused_with": {
      "show": 2,
      "move": 1
    }
  },
  "bye": {
    "precision": 0.8571428571428571,
    "recall": 0.6666666666666666,
    "f1-score": 0.75,
    "support": 9,
    "confused_with": {
      "affirmative": 2,
      "none": 1
    }
  },
  "deny": {
    "precision": 0.8947368421052632,
    "recall": 0.8947368421052632,
    "f1-score": 0.8947368421052632,
    "support": 19,
    "confused_with": {
      "bye": 1,
      "affirmative": 1
    }
  },
  "find": {
    "precision": 0.7368421052631579,
    "recall": 0.7,
    "f1-score": 0.717948717948718,
    "support": 20,
    "confused_with": {
      "pick up": 5,
      "move": 1
    }
  },
  "accuracy": 0.7559523809523809,
  "macro avg": {
    "precision": 0.7602055137844611,
    "recall": 0.7206443994601889,
    "f1-score": 0.7301412292258973,
    "support": 168
  },
  "weighted avg": {
    "precision": 0.7572487767036639,
    "recall": 0.7559523809523809,
    "f1-score": 0.7500431834670965,
    "support": 168
  }
}