{
  "undefined_object": {
    "precision": 0.9090909090909091,
    "recall": 0.8333333333333334,
    "f1-score": 0.8695652173913043,
    "support": 12
  },
  "object_name": {
    "precision": 0.989247311827957,
    "recall": 0.9787234042553191,
    "f1-score": 0.983957219251337,
    "support": 94
  },
  "placement": {
    "precision": 0.9710144927536232,
    "recall": 1.0,
    "f1-score": 0.9852941176470589,
    "support": 67
  },
  "object_color": {
    "precision": 0.9791666666666666,
    "recall": 0.9894736842105263,
    "f1-score": 0.9842931937172775,
    "support": 95
  },
  "micro avg": {
    "precision": 0.9776951672862454,
    "recall": 0.9813432835820896,
    "f1-score": 0.9795158286778398,
    "support": 268
  },
  "macro avg": {
    "precision": 0.9621298450847889,
    "recall": 0.9503826054497947,
    "f1-score": 0.9557774370017443,
    "support": 268
  },
  "weighted avg": {
    "precision": 0.9775266513759139,
    "recall": 0.9813432835820896,
    "f1-score": 0.9792885093425958,
    "support": 268
  }
}