{
  "affirmative": {
    "precision": 0.7391304347826086,
    "recall": 0.8947368421052632,
    "f1-score": 0.8095238095238095,
    "support": 19,
    "confused_with": {
      "move": 1,
      "deny": 1
    }
  },
  "clarify": {
    "precision": 0.75,
    "recall": 0.45,
    "f1-score": 0.5625000000000001,
    "support": 20,
    "confused_with": {
      "move": 5,
      "show": 3
    }
  },
  "greetings": {
    "precision": 0.5833333333333334,
    "recall": 0.875,
    "f1-score": 0.7000000000000001,
    "support": 8,
    "confused_with": {
      "none": 1
    }
  },
  "pick up": {
    "precision": 0.5714285714285714,
    "recall": 0.6,
    "f1-score": 0.5853658536585366,
    "support": 20,
    "confused_with": {
      "move": 5,
      "find": 2
    }
  },
  "show": {
    "precision": 0.7777777777777778,
    "recall": 0.7,
    "f1-score": 0.7368421052631577,
    "support": 20,
    "confused_with": {
      "pick up": 4,
      "move": 2
    }
  },
  "find": {
    "precision": 0.8461538461538461,
    "recall": 0.55,
    "f1-score": 0.6666666666666667,
    "support": 20,
    "confused_with": {
      "pick up": 3,
      "move": 3
    }
  },
  "deny": {
    "precision": 0.8125,
    "recall": 0.6842105263157895,
    "f1-score": 0.742857142857143,
    "support": 19,
    "confused_with": {
      "affirmative": 5,
      "move": 1
    }
  },
  "move": {
    "precision": 0.5128205128205128,
    "recall": 1.0,
    "f1-score": 0.6779661016949152,
    "support": 20,
    "confused_with": {}
  },
  "none": {
    "precision": 0.8571428571428571,
    "recall": 0.46153846153846156,
    "f1-score": 0.6,
    "support": 13,
    "confused_with": {
      "greetings": 5,
      "deny": 1
    }
  },
  "bye": {
    "precision": 1.0,
    "recall": 0.7777777777777778,
    "f1-score": 0.8750000000000001,
    "support": 9,
    "confused_with": {
      "move": 2
    }
  },
  "accuracy": 0.6904761904761905,
  "macro avg": {
    "precision": 0.7450287333439507,
    "recall": 0.6993263607737292,
    "f1-score": 0.6956721679664228,
    "support": 168
  },
  "weighted avg": {
    "precision": 0.7348459299643305,
    "recall": 0.6904761904761905,
    "f1-score": 0.6866491228625217,
    "support": 168
  }
}