{
  "object_color": {
    "precision": 1.0,
    "recall": 0.22727272727272727,
    "f1-score": 0.37037037037037035,
    "support": 88
  },
  "object_name": {
    "precision": 1.0,
    "recall": 0.10588235294117647,
    "f1-score": 0.19148936170212766,
    "support": 85
  },
  "placement": {
    "precision": 1.0,
    "recall": 0.5138888888888888,
    "f1-score": 0.6788990825688073,
    "support": 72
  },
  "undefined_object": {
    "precision": 0.0,
    "recall": 0.0,
    "f1-score": 0.0,
    "support": 14
  },
  "micro avg": {
    "precision": 1.0,
    "recall": 0.2548262548262548,
    "f1-score": 0.40615384615384614,
    "support": 259
  },
  "macro avg": {
    "precision": 0.75,
    "recall": 0.21176099227569814,
    "f1-score": 0.31018970366032633,
    "support": 259
  },
  "weighted avg": {
    "precision": 0.9459459459459459,
    "recall": 0.2548262548262548,
    "f1-score": 0.377412827344508,
    "support": 259
  }
}