{
  "undefined_object": {
    "precision": 0.0,
    "recall": 0.0,
    "f1-score": 0.0,
    "support": 17
  },
  "object_name": {
    "precision": 0.7941176470588235,
    "recall": 0.3176470588235294,
    "f1-score": 0.45378151260504196,
    "support": 85
  },
  "placement": {
    "precision": 1.0,
    "recall": 0.6865671641791045,
    "f1-score": 0.8141592920353982,
    "support": 67
  },
  "object_color": {
    "precision": 1.0,
    "recall": 0.10465116279069768,
    "f1-score": 0.18947368421052632,
    "support": 86
  },
  "micro avg": {
    "precision": 0.9213483146067416,
    "recall": 0.3215686274509804,
    "f1-score": 0.47674418604651164,
    "support": 255
  },
  "macro avg": {
    "precision": 0.6985294117647058,
    "recall": 0.2772163464483329,
    "f1-score": 0.3643536222127416,
    "support": 255
  },
  "weighted avg": {
    "precision": 0.8647058823529412,
    "recall": 0.3215686274509804,
    "f1-score": 0.4290777959996295,
    "support": 255
  }
}