{
  "move": {
    "precision": 0.6363636363636364,
    "recall": 0.35,
    "f1-score": 0.45161290322580644,
    "support": 20,
    "confused_with": {
      "show": 5,
      "pick up": 3
    }
  },
  "none": {
    "precision": 0.14285714285714285,
    "recall": 0.07692307692307693,
    "f1-score": 0.1,
    "support": 13,
    "confused_with": {
      "bye": 11,
      "pick up": 1
    }
  },
  "show": {
    "precision": 0.4375,
    "recall": 0.35,
    "f1-score": 0.38888888888888884,
    "support": 20,
    "confused_with": {
      "bye": 5,
      "pick up": 4
    }
  },
  "pick up": {
    "precision": 0.3181818181818182,
    "recall": 0.35,
    "f1-score": 0.3333333333333333,
    "support": 20,
    "confused_with": {
      "bye": 4,
      "show": 2
    }
  },
  "greetings": {
    "precision": 0.0,
    "recall": 0.0,
    "f1-score": 0.0,
    "support": 8,
    "confused_with": {
      "bye": 8
    }
  },
  "affirmative": {
    "precision": 0.42857142857142855,
    "recall": 0.15789473684210525,
    "f1-score": 0.23076923076923078,
    "support": 19,
    "confused_with": {
      "bye": 10,
      "pick up": 2
    }
  },
  "clarify": {
    "precision": 0.23809523809523808,
    "recall": 0.25,
    "f1-score": 0.24390243902439024,
    "support": 20,
    "confused_with": {
      "bye": 10,
      "pick up": 2
    }
  },
  "bye": {
    "precision": 0.05970149253731343,
    "recall": 0.4444444444444444,
    "f1-score": 0.10526315789473685,
    "support": 9,
    "confused_with": {
      "find": 2,
      "pick up": 1
    }
  },
  "deny": {
    "precision": 0.5555555555555556,
    "recall": 0.2631578947368421,
    "f1-score": 0.35714285714285715,
    "support": 19,
    "confused_with": {
      "bye": 10,
      "none": 4
    }
  },
  "find": {
    "precision": 0.375,
    "recall": 0.15,
    "f1-score": 0.21428571428571425,
    "support": 20,
    "confused_with": {
      "clarify": 6,
      "bye": 3
    }
  },
  "accuracy": 0.25,
  "macro avg": {
    "precision": 0.3191826312162133,
    "recall": 0.2392420152946469,
    "f1-score": 0.24251985245649577,
    "support": 168
  },
  "weighted avg": {
    "precision": 0.3642600169119359,
    "recall": 0.25,
    "f1-score": 0.2741557361103867,
    "support": 168
  }
}