{
  "affirmative": {
    "precision": 0.46153846153846156,
    "recall": 0.3157894736842105,
    "f1-score": 0.37499999999999994,
    "support": 19,
    "confused_with": {
      "clarify": 8,
      "bye": 4
    }
  },
  "clarify": {
    "precision": 0.15384615384615385,
    "recall": 0.3,
    "f1-score": 0.2033898305084746,
    "support": 20,
    "confused_with": {
      "show": 4,
      "move": 3
    }
  },
  "greetings": {
    "precision": 1.0,
    "recall": 0.125,
    "f1-score": 0.2222222222222222,
    "support": 8,
    "confused_with": {
      "clarify": 5,
      "bye": 2
    }
  },
  "pick up": {
    "precision": 0.4444444444444444,
    "recall": 0.4,
    "f1-score": 0.4210526315789474,
    "support": 20,
    "confused_with": {
      "show": 6,
      "clarify": 4
    }
  },
  "show": {
    "precision": 0.24444444444444444,
    "recall": 0.55,
    "f1-score": 0.3384615384615384,
    "support": 20,
    "confused_with": {
      "clarify": 4,
      "pick up": 2
    }
  },
  "find": {
    "precision": 0.16666666666666666,
    "recall": 0.05,
    "f1-score": 0.07692307692307691,
    "support": 20,
    "confused_with": {
      "show": 8,
      "pick up": 6,
      "clarify": 4
    }
  },
  "deny": {
    "precision": 0.4444444444444444,
    "recall": 0.21052631578947367,
    "f1-score": 0.2857142857142857,
    "support": 19,
    "confused_with": {
      "bye": 8,
      "clarify": 4
    }
  },
  "move": {
    "precision": 0.42857142857142855,
    "recall": 0.15,
    "f1-score": 0.2222222222222222,
    "support": 20,
    "confused_with": {
      "show": 15,
      "pick up": 2
    }
  },
  "none": {
    "precision": 1.0,
    "recall": 0.07692307692307693,
    "f1-score": 0.14285714285714288,
    "support": 13,
    "confused_with": {
      "clarify": 4,
      "bye": 4,
      "affirmative": 2
    }
  },
  "bye": {
    "precision": 0.20689655172413793,
    "recall": 0.6666666666666666,
    "f1-score": 0.31578947368421056,
    "support": 9,
    "confused_with": {
      "show": 1,
      "deny": 1
    }
  },
  "accuracy": 0.27976190476190477,
  "macro avg": {
    "precision": 0.45508525956801815,
    "recall": 0.28449055330634276,
    "f1-score": 0.2603632424172121,
    "support": 168
  },
  "weighted avg": {
    "precision": 0.40973337463485243,
    "recall": 0.27976190476190477,
    "f1-score": 0.2635213292888997,
    "support": 168
  }
}