{
  "move": {
    "precision": 0.8181818181818182,
    "recall": 0.9,
    "f1-score": 0.8571428571428572,
    "support": 20,
    "confused_with": {
      "find": 2
    }
  },
  "none": {
    "precision": 0.8,
    "recall": 0.6153846153846154,
    "f1-score": 0.6956521739130435,
    "support": 13,
    "confused_with": {
      "pick up": 1,
      "move": 1
    }
  },
  "show": {
    "precision": 1.0,
    "recall": 1.0,
    "f1-score": 1.0,
    "support": 20,
    "confused_with": {}
  },
  "pick up": {
    "precision": 0.8,
    "recall": 0.8,
    "f1-score": 0.8000000000000002,
    "support": 20,
    "confused_with": {
      "clarify": 4
    }
  },
  "greetings": {
    "precision": 1.0,
    "recall": 0.5,
    "f1-score": 0.6666666666666666,
    "support": 8,
    "confused_with": {
      "clarify": 2,
      "pick up": 1
    }
  },
  "affirmative": {
    "precision": 0.8888888888888888,
    "recall": 0.8421052631578947,
    "f1-score": 0.8648648648648649,
    "support": 19,
    "confused_with": {
      "find": 2,
      "move": 1
    }
  },
  "clarify": {
    "precision": 0.7307692307692307,
    "recall": 0.95,
    "f1-score": 0.8260869565217392,
    "support": 20,
    "confused_with": {
      "move": 1
    }
  },
  "bye": {
    "precision": 0.8571428571428571,
    "recall": 0.6666666666666666,
    "f1-score": 0.75,
    "support": 9,
    "confused_with": {
      "none": 2,
      "affirmative": 1
    }
  },
  "deny": {
    "precision": 0.9473684210526315,
    "recall": 0.9473684210526315,
    "f1-score": 0.9473684210526315,
    "support": 19,
    "confused_with": {
      "bye": 1
    }
  },
  "find": {
    "precision": 0.7727272727272727,
    "recall": 0.85,
    "f1-score": 0.8095238095238095,
    "support": 20,
    "confused_with": {
      "pick up": 2,
      "move": 1
    }
  },
  "accuracy": 0.8452380952380952,
  "macro avg": {
    "precision": 0.86150784887627,
    "recall": 0.8071524966261808,
    "f1-score": 0.8217305749685613,
    "support": 168
  },
  "weighted avg": {
    "precision": 0.8537901252186967,
    "recall": 0.8452380952380952,
    "f1-score": 0.8417518838714491,
    "support": 168
  }
}