{
  "object_color": {
    "precision": 0.9886363636363636,
    "recall": 0.9886363636363636,
    "f1-score": 0.9886363636363636,
    "support": 88
  },
  "object_name": {
    "precision": 0.9883720930232558,
    "recall": 1.0,
    "f1-score": 0.9941520467836257,
    "support": 85
  },
  "placement": {
    "precision": 1.0,
    "recall": 1.0,
    "f1-score": 1.0,
    "support": 72
  },
  "undefined_object": {
    "precision": 0.9333333333333333,
    "recall": 1.0,
    "f1-score": 0.9655172413793104,
    "support": 14
  },
  "micro avg": {
    "precision": 0.9885057471264368,
    "recall": 0.9961389961389961,
    "f1-score": 0.9923076923076923,
    "support": 259
  },
  "macro avg": {
    "precision": 0.9775854474982382,
    "recall": 0.9971590909090909,
    "f1-score": 0.987076412949825,
    "support": 259
  },
  "weighted avg": {
    "precision": 0.9887192840681213,
    "recall": 0.9961389961389961,
    "f1-score": 0.9923558507950523,
    "support": 259
  }
}