{
  "object_color": {
    "precision": 0.9896907216494846,
    "recall": 1.0,
    "f1-score": 0.9948186528497409,
    "support": 96
  },
  "object_name": {
    "precision": 1.0,
    "recall": 0.9863013698630136,
    "f1-score": 0.993103448275862,
    "support": 146
  },
  "placement": {
    "precision": 1.0,
    "recall": 1.0,
    "f1-score": 1.0,
    "support": 69
  },
  "undefined_object": {
    "precision": 1.0,
    "recall": 1.0,
    "f1-score": 1.0,
    "support": 12
  },
  "micro avg": {
    "precision": 0.9968944099378882,
    "recall": 0.9938080495356038,
    "f1-score": 0.9953488372093025,
    "support": 323
  },
  "macro avg": {
    "precision": 0.9974226804123711,
    "recall": 0.9965753424657534,
    "f1-score": 0.9969805252814008,
    "support": 323
  },
  "weighted avg": {
    "precision": 0.9969359420382369,
    "recall": 0.9938080495356038,
    "f1-score": 0.9953427062596005,
    "support": 323
  }
}