{
  "show": {
    "precision": 0.8064516129032258,
    "recall": 0.8064516129032258,
    "f1-score": 0.8064516129032258,
    "support": 31,
    "confused_with": {
      "pick up": 2,
      "clarify": 2
    }
  },
  "affirmative": {
    "precision": 0.75,
    "recall": 0.7142857142857143,
    "f1-score": 0.7317073170731706,
    "support": 21,
    "confused_with": {
      "deny": 3,
      "greetings": 2
    }
  },
  "none": {
    "precision": 0.5625,
    "recall": 0.5625,
    "f1-score": 0.5625,
    "support": 16,
    "confused_with": {
      "affirmative": 2,
      "move": 1
    }
  },
  "bye": {
    "precision": 0.8571428571428571,
    "recall": 0.5454545454545454,
    "f1-score": 0.6666666666666665,
    "support": 11,
    "confused_with": {
      "none": 3,
      "find": 1
    }
  },
  "pick up": {
    "precision": 0.6756756756756757,
    "recall": 0.625,
    "f1-score": 0.6493506493506493,
    "support": 40,
    "confused_with": {
      "move": 6,
      "find": 4
    }
  },
  "deny": {
    "precision": 0.8095238095238095,
    "recall": 0.85,
    "f1-score": 0.8292682926829269,
    "support": 20,
    "confused_with": {
      "none": 2,
      "find": 1
    }
  },
  "clarify": {
    "precision": 0.6785714285714286,
    "recall": 0.6551724137931034,
    "f1-score": 0.6666666666666666,
    "support": 29,
    "confused_with": {
      "pick up": 4,
      "move": 4
    }
  },
  "greetings": {
    "precision": 0.75,
    "recall": 0.6666666666666666,
    "f1-score": 0.7058823529411765,
    "support": 9,
    "confused_with": {
      "clarify": 2,
      "affirmative": 1
    }
  },
  "move": {
    "precision": 0.6904761904761905,
    "recall": 0.90625,
    "f1-score": 0.7837837837837837,
    "support": 32,
    "confused_with": {
      "pick up": 2,
      "clarify": 1
    }
  },
  "find": {
    "precision": 0.7407407407407407,
    "recall": 0.7142857142857143,
    "f1-score": 0.7272727272727273,
    "support": 28,
    "confused_with": {
      "pick up": 4,
      "clarify": 2
    }
  },
  "accuracy": 0.7215189873417721,
  "macro avg": {
    "precision": 0.7321082315033928,
    "recall": 0.7046066667388969,
    "f1-score": 0.7129550069340993,
    "support": 237
  },
  "weighted avg": {
    "precision": 0.724306434222046,
    "recall": 0.7215189873417721,
    "f1-score": 0.718943336599476,
    "support": 237
  }
}