{
  "placement": {
    "precision": 0.9367088607594937,
    "recall": 0.9487179487179487,
    "f1-score": 0.9426751592356688,
    "support": 78
  },
  "object_name": {
    "precision": 1.0,
    "recall": 0.9342105263157895,
    "f1-score": 0.9659863945578232,
    "support": 152
  },
  "object_color": {
    "precision": 1.0,
    "recall": 1.0,
    "f1-score": 1.0,
    "support": 111
  },
  "micro avg": {
    "precision": 0.9849397590361446,
    "recall": 0.9589442815249267,
    "f1-score": 0.9717682020802378,
    "support": 341
  },
  "macro avg": {
    "precision": 0.9789029535864979,
    "recall": 0.9609761583445794,
    "f1-score": 0.9695538512644973,
    "support": 341
  },
  "weighted avg": {
    "precision": 0.9855228479156614,
    "recall": 0.9589442815249267,
    "f1-score": 0.971726083264432,
    "support": 341
  }
}