{
  "object_color": {
    "precision": 1.0,
    "recall": 1.0,
    "f1-score": 1.0,
    "support": 88
  },
  "object_name": {
    "precision": 1.0,
    "recall": 1.0,
    "f1-score": 1.0,
    "support": 86
  },
  "placement": {
    "precision": 0.9545454545454546,
    "recall": 1.0,
    "f1-score": 0.9767441860465117,
    "support": 63
  },
  "undefined_object": {
    "precision": 1.0,
    "recall": 1.0,
    "f1-score": 1.0,
    "support": 11
  },
  "micro avg": {
    "precision": 0.9880478087649402,
    "recall": 1.0,
    "f1-score": 0.9939879759519038,
    "support": 248
  },
  "macro avg": {
    "precision": 0.9886363636363636,
    "recall": 1.0,
    "f1-score": 0.9941860465116279,
    "support": 248
  },
  "weighted avg": {
    "precision": 0.9884530791788856,
    "recall": 1.0,
    "f1-score": 0.9940922730682671,
    "support": 248
  }
}