{
  "move": {
    "precision": 0.9444444444444444,
    "recall": 0.85,
    "f1-score": 0.8947368421052632,
    "support": 20,
    "confused_with": {
      "clarify": 3
    }
  },
  "none": {
    "precision": 0.7142857142857143,
    "recall": 0.7692307692307693,
    "f1-score": 0.7407407407407408,
    "support": 13,
    "confused_with": {
      "greetings": 3
    }
  },
  "show": {
    "precision": 1.0,
    "recall": 0.85,
    "f1-score": 0.9189189189189189,
    "support": 20,
    "confused_with": {
      "pick up": 2,
      "clarify": 1
    }
  },
  "pick up": {
    "precision": 0.75,
    "recall": 0.9,
    "f1-score": 0.8181818181818182,
    "support": 20,
    "confused_with": {
      "clarify": 2
    }
  },
  "greetings": {
    "precision": 0.5454545454545454,
    "recall": 0.75,
    "f1-score": 0.631578947368421,
    "support": 8,
    "confused_with": {
      "none": 2
    }
  },
  "affirmative": {
    "precision": 0.8235294117647058,
    "recall": 0.7368421052631579,
    "f1-score": 0.7777777777777778,
    "support": 19,
    "confused_with": {
      "bye": 3,
      "none": 1
    }
  },
  "clarify": {
    "precision": 0.7,
    "recall": 0.7,
    "f1-score": 0.7,
    "support": 20,
    "confused_with": {
      "pick up": 3,
      "find": 3
    }
  },
  "bye": {
    "precision": 0.625,
    "recall": 0.5555555555555556,
    "f1-score": 0.5882352941176471,
    "support": 9,
    "confused_with": {
      "greetings": 2,
      "none": 1
    }
  },
  "deny": {
    "precision": 0.9411764705882353,
    "recall": 0.8421052631578947,
    "f1-score": 0.8888888888888888,
    "support": 19,
    "confused_with": {
      "affirmative": 3
    }
  },
  "find": {
    "precision": 0.8636363636363636,
    "recall": 0.95,
    "f1-score": 0.9047619047619048,
    "support": 20,
    "confused_with": {
      "pick up": 1
    }
  },
  "accuracy": 0.8095238095238095,
  "macro avg": {
    "precision": 0.7907526950174009,
    "recall": 0.7903733693207378,
    "f1-score": 0.786382113286138,
    "support": 168
  },
  "weighted avg": {
    "precision": 0.8212224915218613,
    "recall": 0.8095238095238095,
    "f1-score": 0.8117561619146463,
    "support": 168
  }
}