{
  "show": {
    "precision": 0.9,
    "recall": 0.8709677419354839,
    "f1-score": 0.8852459016393444,
    "support": 31,
    "confused_with": {
      "pick up": 2,
      "clarify": 2
    }
  },
  "affirmative": {
    "precision": 0.9047619047619048,
    "recall": 0.9047619047619048,
    "f1-score": 0.9047619047619048,
    "support": 21,
    "confused_with": {
      "greetings": 2
    }
  },
  "none": {
    "precision": 0.6875,
    "recall": 0.6875,
    "f1-score": 0.6875,
    "support": 16,
    "confused_with": {
      "bye": 2,
      "greetings": 1
    }
  },
  "bye": {
    "precision": 0.8,
    "recall": 0.7272727272727273,
    "f1-score": 0.761904761904762,
    "support": 11,
    "confused_with": {
      "none": 1,
      "move": 1
    }
  },
  "pick up": {
    "precision": 0.7297297297297297,
    "recall": 0.675,
    "f1-score": 0.7012987012987014,
    "support": 40,
    "confused_with": {
      "move": 6,
      "find": 4
    }
  },
  "deny": {
    "precision": 0.9444444444444444,
    "recall": 0.85,
    "f1-score": 0.8947368421052632,
    "support": 20,
    "confused_with": {
      "none": 2,
      "pick up": 1
    }
  },
  "clarify": {
    "precision": 0.7741935483870968,
    "recall": 0.8275862068965517,
    "f1-score": 0.7999999999999999,
    "support": 29,
    "confused_with": {
      "pick up": 2,
      "move": 2
    }
  },
  "greetings": {
    "precision": 0.6666666666666666,
    "recall": 0.6666666666666666,
    "f1-score": 0.6666666666666666,
    "support": 9,
    "confused_with": {
      "clarify": 2,
      "none": 1
    }
  },
  "move": {
    "precision": 0.7692307692307693,
    "recall": 0.9375,
    "f1-score": 0.8450704225352113,
    "support": 32,
    "confused_with": {
      "pick up": 2
    }
  },
  "find": {
    "precision": 0.8461538461538461,
    "recall": 0.7857142857142857,
    "f1-score": 0.8148148148148148,
    "support": 28,
    "confused_with": {
      "pick up": 3,
      "clarify": 2
    }
  },
  "accuracy": 0.8059071729957806,
  "macro avg": {
    "precision": 0.8022680909374458,
    "recall": 0.7932969533247619,
    "f1-score": 0.7962000015726668,
    "support": 237
  },
  "weighted avg": {
    "precision": 0.8081746130337392,
    "recall": 0.8059071729957806,
    "f1-score": 0.8051786015264427,
    "support": 237
  }
}