{
  "affirmative": {
    "precision": 0.8260869565217391,
    "recall": 0.9047619047619048,
    "f1-score": 0.8636363636363636,
    "support": 21,
    "confused_with": {
      "none": 1,
      "greetings": 1
    }
  },
  "none": {
    "precision": 0.6666666666666666,
    "recall": 0.5517241379310345,
    "f1-score": 0.6037735849056604,
    "support": 29,
    "confused_with": {
      "clarify": 4,
      "pick up": 3
    }
  },
  "deny": {
    "precision": 1.0,
    "recall": 0.78125,
    "f1-score": 0.8771929824561403,
    "support": 32,
    "confused_with": {
      "none": 3,
      "clarify": 3
    }
  },
  "show": {
    "precision": 0.9433962264150944,
    "recall": 0.9433962264150944,
    "f1-score": 0.9433962264150944,
    "support": 53,
    "confused_with": {
      "find": 2,
      "pick up": 1
    }
  },
  "find": {
    "precision": 0.9428571428571428,
    "recall": 0.9428571428571428,
    "f1-score": 0.9428571428571428,
    "support": 35,
    "confused_with": {
      "clarify": 2
    }
  },
  "bye": {
    "precision": 0.9,
    "recall": 0.8181818181818182,
    "f1-score": 0.8571428571428572,
    "support": 11,
    "confused_with": {
      "none": 1,
      "clarify": 1
    }
  },
  "greetings": {
    "precision": 0.7857142857142857,
    "recall": 0.7857142857142857,
    "f1-score": 0.7857142857142857,
    "support": 14,
    "confused_with": {
      "none": 3
    }
  },
  "move": {
    "precision": 0.918918918918919,
    "recall": 0.918918918918919,
    "f1-score": 0.918918918918919,
    "support": 37,
    "confused_with": {
      "pick up": 3
    }
  },
  "clarify": {
    "precision": 0.6666666666666666,
    "recall": 0.9090909090909091,
    "f1-score": 0.7692307692307692,
    "support": 33,
    "confused_with": {
      "pick up": 2,
      "affirmative": 1
    }
  },
  "pick up": {
    "precision": 0.9042553191489362,
    "recall": 0.8947368421052632,
    "f1-score": 0.8994708994708994,
    "support": 95,
    "confused_with": {
      "clarify": 5,
      "show": 3
    }
  },
  "accuracy": 0.8666666666666667,
  "macro avg": {
    "precision": 0.855456218290945,
    "recall": 0.8450632185976371,
    "f1-score": 0.8461334030748132,
    "support": 360
  },
  "weighted avg": {
    "precision": 0.873570596498441,
    "recall": 0.8666666666666667,
    "f1-score": 0.866608042500407,
    "support": 360
  }
}