{
  "placement": {
    "precision": 0.8488372093023255,
    "recall": 0.9605263157894737,
    "f1-score": 0.9012345679012346,
    "support": 76
  },
  "object_name": {
    "precision": 0.9906542056074766,
    "recall": 0.6973684210526315,
    "f1-score": 0.8185328185328185,
    "support": 152
  },
  "object_color": {
    "precision": 1.0,
    "recall": 0.8468468468468469,
    "f1-score": 0.9170731707317074,
    "support": 111
  },
  "micro avg": {
    "precision": 0.9512195121951219,
    "recall": 0.8053097345132744,
    "f1-score": 0.8722044728434505,
    "support": 339
  },
  "macro avg": {
    "precision": 0.9464971383032674,
    "recall": 0.8349138612296508,
    "f1-score": 0.8789468523885868,
    "support": 339
  },
  "weighted avg": {
    "precision": 0.9619205520923693,
    "recall": 0.8053097345132744,
    "f1-score": 0.8693390487572322,
    "support": 339
  }
}