{
  "undefined_object": {
    "precision": 0.9230769230769231,
    "recall": 1.0,
    "f1-score": 0.9600000000000001,
    "support": 12
  },
  "object_name": {
    "precision": 1.0,
    "recall": 0.9893617021276596,
    "f1-score": 0.9946524064171123,
    "support": 94
  },
  "placement": {
    "precision": 0.9852941176470589,
    "recall": 1.0,
    "f1-score": 0.9925925925925926,
    "support": 67
  },
  "object_color": {
    "precision": 0.9895833333333334,
    "recall": 1.0,
    "f1-score": 0.9947643979057591,
    "support": 95
  },
  "micro avg": {
    "precision": 0.9888888888888889,
    "recall": 0.996268656716418,
    "f1-score": 0.9925650557620819,
    "support": 268
  },
  "macro avg": {
    "precision": 0.9744885935143289,
    "recall": 0.9973404255319149,
    "f1-score": 0.9855023492288659,
    "support": 268
  },
  "weighted avg": {
    "precision": 0.989186737410234,
    "recall": 0.996268656716418,
    "f1-score": 0.9926255511491021,
    "support": 268
  }
}