{
  "object_color": {
    "precision": 0.9869281045751634,
    "recall": 0.9869281045751634,
    "f1-score": 0.9869281045751634,
    "support": 153
  },
  "placement": {
    "precision": 0.9506172839506173,
    "recall": 0.9506172839506173,
    "f1-score": 0.9506172839506173,
    "support": 81
  },
  "object_name": {
    "precision": 0.9691119691119691,
    "recall": 0.9507575757575758,
    "f1-score": 0.9598470363288719,
    "support": 264
  },
  "micro avg": {
    "precision": 0.9716024340770791,
    "recall": 0.9618473895582329,
    "f1-score": 0.9667003027245207,
    "support": 498
  },
  "macro avg": {
    "precision": 0.9688857858792499,
    "recall": 0.9627676547611189,
    "f1-score": 0.9657974749515509,
    "support": 498
  },
  "weighted avg": {
    "precision": 0.9715774294087547,
    "recall": 0.9618473895582329,
    "f1-score": 0.9666658987767514,
    "support": 498
  }
}