{
  "undefined_object": {
    "precision": 1.0,
    "recall": 0.06666666666666667,
    "f1-score": 0.125,
    "support": 15
  },
  "object_name": {
    "precision": 0.8514851485148515,
    "recall": 0.9885057471264368,
    "f1-score": 0.9148936170212766,
    "support": 87
  },
  "placement": {
    "precision": 0.9080459770114943,
    "recall": 1.0,
    "f1-score": 0.9518072289156626,
    "support": 79
  },
  "object_color": {
    "precision": 1.0,
    "recall": 0.8279569892473119,
    "f1-score": 0.9058823529411765,
    "support": 93
  },
  "micro avg": {
    "precision": 0.9135338345864662,
    "recall": 0.8868613138686131,
    "f1-score": 0.9,
    "support": 274
  },
  "macro avg": {
    "precision": 0.9398827813815864,
    "recall": 0.7207823507601039,
    "f1-score": 0.7243957997195288,
    "support": 274
  },
  "weighted avg": {
    "precision": 0.9263315332288325,
    "recall": 0.8868613138686131,
    "f1-score": 0.8792356736814521,
    "support": 274
  }
}