{
  "affirmative": {
    "precision": 0.8888888888888888,
    "recall": 0.42105263157894735,
    "f1-score": 0.5714285714285714,
    "support": 19,
    "confused_with": {
      "none": 4,
      "move": 2
    }
  },
  "clarify": {
    "precision": 0.0,
    "recall": 0.0,
    "f1-score": 0.0,
    "support": 20,
    "confused_with": {
      "pick up": 10,
      "move": 7,
      "show": 1
    }
  },
  "greetings": {
    "precision": 0.5,
    "recall": 0.625,
    "f1-score": 0.5555555555555556,
    "support": 8,
    "confused_with": {
      "none": 2,
      "pick up": 1
    }
  },
  "pick up": {
    "precision": 0.23529411764705882,
    "recall": 0.4,
    "f1-score": 0.29629629629629634,
    "support": 20,
    "confused_with": {
      "move": 6,
      "find": 6
    }
  },
  "show": {
    "precision": 0.5,
    "recall": 0.15,
    "f1-score": 0.23076923076923075,
    "support": 20,
    "confused_with": {
      "move": 12,
      "pick up": 3
    }
  },
  "find": {
    "precision": 0.375,
    "recall": 0.3,
    "f1-score": 0.33333333333333326,
    "support": 20,
    "confused_with": {
      "move": 8,
      "pick up": 4
    }
  },
  "deny": {
    "precision": 0.8181818181818182,
    "recall": 0.47368421052631576,
    "f1-score": 0.6,
    "support": 19,
    "confused_with": {
      "pick up": 4,
      "show": 2
    }
  },
  "move": {
    "precision": 0.3137254901960784,
    "recall": 0.8,
    "f1-score": 0.45070422535211263,
    "support": 20,
    "confused_with": {
      "pick up": 3,
      "find": 1
    }
  },
  "none": {
    "precision": 0.34782608695652173,
    "recall": 0.6153846153846154,
    "f1-score": 0.4444444444444444,
    "support": 13,
    "confused_with": {
      "clarify": 3,
      "greetings": 1
    }
  },
  "bye": {
    "precision": 0.8,
    "recall": 0.4444444444444444,
    "f1-score": 0.5714285714285714,
    "support": 9,
    "confused_with": {
      "none": 4,
      "greetings": 1
    }
  },
  "accuracy": 0.39880952380952384,
  "macro avg": {
    "precision": 0.4778916401870366,
    "recall": 0.4229565901934323,
    "f1-score": 0.40539602286081156,
    "support": 168
  },
  "weighted avg": {
    "precision": 0.45616949239072,
    "recall": 0.39880952380952384,
    "f1-score": 0.3800254996264386,
    "support": 168
  }
}