{
  "object_color": {
    "precision": 0.9874213836477987,
    "recall": 0.98125,
    "f1-score": 0.9843260188087775,
    "support": 160
  },
  "placement": {
    "precision": 0.9529411764705882,
    "recall": 1.0,
    "f1-score": 0.9759036144578312,
    "support": 81
  },
  "object_name": {
    "precision": 0.9545454545454546,
    "recall": 0.9578947368421052,
    "f1-score": 0.9562171628721542,
    "support": 285
  },
  "micro avg": {
    "precision": 0.9641509433962264,
    "recall": 0.9714828897338403,
    "f1-score": 0.9678030303030303,
    "support": 526
  },
  "macro avg": {
    "precision": 0.9649693382212806,
    "recall": 0.9797149122807017,
    "f1-score": 0.9721489320462543,
    "support": 526
  },
  "weighted avg": {
    "precision": 0.9642986905384411,
    "recall": 0.9714828897338403,
    "f1-score": 0.9677989490476286,
    "support": 526
  }
}