{
  "affirmative": {
    "precision": 0.9523809523809523,
    "recall": 0.9523809523809523,
    "f1-score": 0.9523809523809523,
    "support": 21,
    "confused_with": {
      "none": 1
    }
  },
  "none": {
    "precision": 0.7777777777777778,
    "recall": 0.7241379310344828,
    "f1-score": 0.75,
    "support": 29,
    "confused_with": {
      "show": 3,
      "pick up": 1
    }
  },
  "deny": {
    "precision": 1.0,
    "recall": 0.9375,
    "f1-score": 0.967741935483871,
    "support": 32,
    "confused_with": {
      "none": 1,
      "bye": 1
    }
  },
  "show": {
    "precision": 0.9411764705882353,
    "recall": 0.9056603773584906,
    "f1-score": 0.923076923076923,
    "support": 53,
    "confused_with": {
      "none": 2,
      "find": 2
    }
  },
  "find": {
    "precision": 0.8947368421052632,
    "recall": 0.9714285714285714,
    "f1-score": 0.9315068493150684,
    "support": 35,
    "confused_with": {
      "clarify": 1
    }
  },
  "bye": {
    "precision": 0.9,
    "recall": 0.8181818181818182,
    "f1-score": 0.8571428571428572,
    "support": 11,
    "confused_with": {
      "none": 2
    }
  },
  "greetings": {
    "precision": 0.9333333333333333,
    "recall": 1.0,
    "f1-score": 0.9655172413793104,
    "support": 14,
    "confused_with": {}
  },
  "move": {
    "precision": 0.9473684210526315,
    "recall": 0.972972972972973,
    "f1-score": 0.9599999999999999,
    "support": 37,
    "confused_with": {
      "pick up": 1
    }
  },
  "clarify": {
    "precision": 0.96875,
    "recall": 0.9393939393939394,
    "f1-score": 0.9538461538461539,
    "support": 33,
    "confused_with": {
      "pick up": 1,
      "find": 1
    }
  },
  "pick up": {
    "precision": 0.9693877551020408,
    "recall": 1.0,
    "f1-score": 0.9844559585492229,
    "support": 95,
    "confused_with": {}
  },
  "accuracy": 0.9388888888888889,
  "macro avg": {
    "precision": 0.9284911552340235,
    "recall": 0.9221656562751228,
    "f1-score": 0.9245668871174357,
    "support": 360
  },
  "weighted avg": {
    "precision": 0.938426619307567,
    "recall": 0.9388888888888889,
    "f1-score": 0.9380822514765811,
    "support": 360
  }
}