{
  "placement_destination": {
    "precision": 0.8888888888888888,
    "recall": 0.6666666666666666,
    "f1-score": 0.761904761904762,
    "support": 12
  },
  "object_name": {
    "precision": 0.96,
    "recall": 0.8275862068965517,
    "f1-score": 0.888888888888889,
    "support": 29
  },
  "placement_origin": {
    "precision": 0.0,
    "recall": 0.0,
    "f1-score": 0.0,
    "support": 3
  },
  "object_color": {
    "precision": 0.8571428571428571,
    "recall": 0.8571428571428571,
    "f1-score": 0.8571428571428571,
    "support": 7
  },
  "synonym_category": {
    "precision": 0.0,
    "recall": 0.0,
    "f1-score": 0.0,
    "support": 5
  },
  "action": {
    "precision": 0.84375,
    "recall": 0.75,
    "f1-score": 0.7941176470588235,
    "support": 36
  },
  "undefined_object": {
    "precision": 1.0,
    "recall": 0.7,
    "f1-score": 0.8235294117647058,
    "support": 10
  },
  "micro avg": {
    "precision": 0.9,
    "recall": 0.7058823529411765,
    "f1-score": 0.7912087912087913,
    "support": 102
  },
  "macro avg": {
    "precision": 0.649968820861678,
    "recall": 0.5430565329580108,
    "f1-score": 0.5893690809657196,
    "support": 102
  },
  "weighted avg": {
    "precision": 0.832173202614379,
    "recall": 0.7058823529411765,
    "f1-score": 0.7621976895333296,
    "support": 102
  }
}