{
  "greetings": {
    "precision": 0.8571428571428571,
    "recall": 0.75,
    "f1-score": 0.7999999999999999,
    "support": 8,
    "confused_with": {
      "none": 1,
      "affirmative": 1
    }
  },
  "affirmative": {
    "precision": 0.6666666666666666,
    "recall": 0.8421052631578947,
    "f1-score": 0.744186046511628,
    "support": 19,
    "confused_with": {
      "none": 3
    }
  },
  "deny": {
    "precision": 0.75,
    "recall": 0.7058823529411765,
    "f1-score": 0.7272727272727272,
    "support": 17,
    "confused_with": {
      "affirmative": 4,
      "bye": 1
    }
  },
  "inform": {
    "precision": 0.0,
    "recall": 0.0,
    "f1-score": 0.0,
    "support": 2,
    "confused_with": {
      "command": 2
    }
  },
  "bye": {
    "precision": 0.875,
    "recall": 0.7777777777777778,
    "f1-score": 0.823529411764706,
    "support": 9,
    "confused_with": {
      "deny": 1,
      "command": 1
    }
  },
  "train": {
    "precision": 1.0,
    "recall": 0.6666666666666666,
    "f1-score": 0.8,
    "support": 3,
    "confused_with": {
      "none": 1
    }
  },
  "show": {
    "precision": 0.0,
    "recall": 0.0,
    "f1-score": 0.0,
    "support": 5,
    "confused_with": {
      "command": 4,
      "affirmative": 1
    }
  },
  "none": {
    "precision": 0.4,
    "recall": 0.4,
    "f1-score": 0.4000000000000001,
    "support": 10,
    "confused_with": {
      "affirmative": 2,
      "show": 1
    }
  },
  "command": {
    "precision": 0.7435897435897436,
    "recall": 0.9666666666666667,
    "f1-score": 0.8405797101449275,
    "support": 30,
    "confused_with": {
      "deny": 1
    }
  },
  "restart": {
    "precision": 0.0,
    "recall": 0.0,
    "f1-score": 0.0,
    "support": 2,
    "confused_with": {
      "none": 1,
      "deny": 1
    }
  },
  "new_synonym_add": {
    "precision": 0.0,
    "recall": 0.0,
    "f1-score": 0.0,
    "support": 2,
    "confused_with": {
      "command": 2
    }
  },
  "accuracy": 0.7102803738317757,
  "macro avg": {
    "precision": 0.48112720612720616,
    "recall": 0.4644635206554712,
    "f1-score": 0.4668698086994535,
    "support": 107
  },
  "weighted avg": {
    "precision": 0.6491261853411385,
    "recall": 0.7102803738317757,
    "f1-score": 0.6722647407251165,
    "support": 107
  }
}