{
  "find": {
    "precision": 0.9310344827586207,
    "recall": 0.9642857142857143,
    "f1-score": 0.9473684210526316,
    "support": 28,
    "confused_with": {
      "deny": 1
    }
  },
  "none": {
    "precision": 0.65,
    "recall": 0.7647058823529411,
    "f1-score": 0.7027027027027027,
    "support": 17,
    "confused_with": {
      "deny": 2,
      "bye": 1
    }
  },
  "affirmative": {
    "precision": 0.8095238095238095,
    "recall": 0.8095238095238095,
    "f1-score": 0.8095238095238095,
    "support": 21,
    "confused_with": {
      "bye": 2,
      "none": 1
    }
  },
  "greetings": {
    "precision": 1.0,
    "recall": 0.6666666666666666,
    "f1-score": 0.8,
    "support": 9,
    "confused_with": {
      "none": 2,
      "bye": 1
    }
  },
  "move": {
    "precision": 0.896551724137931,
    "recall": 0.8125,
    "f1-score": 0.8524590163934426,
    "support": 32,
    "confused_with": {
      "pick up": 6
    }
  },
  "clarify": {
    "precision": 1.0,
    "recall": 0.9310344827586207,
    "f1-score": 0.9642857142857143,
    "support": 29,
    "confused_with": {
      "show": 1,
      "deny": 1
    }
  },
  "bye": {
    "precision": 0.5,
    "recall": 0.45454545454545453,
    "f1-score": 0.47619047619047616,
    "support": 11,
    "confused_with": {
      "deny": 4,
      "none": 1
    }
  },
  "deny": {
    "precision": 0.6666666666666666,
    "recall": 0.9,
    "f1-score": 0.7659574468085106,
    "support": 20,
    "confused_with": {
      "none": 1,
      "bye": 1
    }
  },
  "show": {
    "precision": 0.9655172413793104,
    "recall": 0.9032258064516129,
    "f1-score": 0.9333333333333333,
    "support": 31,
    "confused_with": {
      "none": 2,
      "pick up": 1
    }
  },
  "pick up": {
    "precision": 0.825,
    "recall": 0.825,
    "f1-score": 0.825,
    "support": 40,
    "confused_with": {
      "move": 3,
      "find": 2
    }
  },
  "accuracy": 0.8403361344537815,
  "macro avg": {
    "precision": 0.8244293924466339,
    "recall": 0.8031487816584819,
    "f1-score": 0.807682092029062,
    "support": 238
  },
  "weighted avg": {
    "precision": 0.8511470105283493,
    "recall": 0.8403361344537815,
    "f1-score": 0.842041233117203,
    "support": 238
  }
}