{
  "move": {
    "precision": 0.8333333333333334,
    "recall": 1.0,
    "f1-score": 0.9090909090909091,
    "support": 20,
    "confused_with": {}
  },
  "none": {
    "precision": 0.9230769230769231,
    "recall": 0.9230769230769231,
    "f1-score": 0.9230769230769231,
    "support": 13,
    "confused_with": {
      "move": 1
    }
  },
  "show": {
    "precision": 0.9523809523809523,
    "recall": 1.0,
    "f1-score": 0.975609756097561,
    "support": 20,
    "confused_with": {}
  },
  "pick up": {
    "precision": 0.9,
    "recall": 0.9,
    "f1-score": 0.9,
    "support": 20,
    "confused_with": {
      "show": 1,
      "clarify": 1
    }
  },
  "greetings": {
    "precision": 1.0,
    "recall": 0.75,
    "f1-score": 0.8571428571428571,
    "support": 8,
    "confused_with": {
      "pick up": 1,
      "affirmative": 1
    }
  },
  "affirmative": {
    "precision": 0.75,
    "recall": 0.9473684210526315,
    "f1-score": 0.8372093023255814,
    "support": 19,
    "confused_with": {
      "none": 1
    }
  },
  "clarify": {
    "precision": 0.8571428571428571,
    "recall": 0.9,
    "f1-score": 0.8780487804878048,
    "support": 20,
    "confused_with": {
      "move": 2
    }
  },
  "bye": {
    "precision": 1.0,
    "recall": 0.5555555555555556,
    "f1-score": 0.7142857142857143,
    "support": 9,
    "confused_with": {
      "affirmative": 3,
      "pick up": 1
    }
  },
  "deny": {
    "precision": 1.0,
    "recall": 0.8947368421052632,
    "f1-score": 0.9444444444444444,
    "support": 19,
    "confused_with": {
      "affirmative": 2
    }
  },
  "find": {
    "precision": 1.0,
    "recall": 0.85,
    "f1-score": 0.9189189189189189,
    "support": 20,
    "confused_with": {
      "clarify": 2,
      "move": 1
    }
  },
  "accuracy": 0.8988095238095238,
  "macro avg": {
    "precision": 0.9215934065934066,
    "recall": 0.8720737741790373,
    "f1-score": 0.8857827605870714,
    "support": 168
  },
  "weighted avg": {
    "precision": 0.9113520408163266,
    "recall": 0.8988095238095238,
    "f1-score": 0.8974434688467182,
    "support": 168
  }
}