{
  "placement": {
    "precision": 0.9240506329113924,
    "recall": 0.9605263157894737,
    "f1-score": 0.9419354838709677,
    "support": 76
  },
  "object_name": {
    "precision": 0.9793103448275862,
    "recall": 0.9342105263157895,
    "f1-score": 0.9562289562289562,
    "support": 152
  },
  "object_color": {
    "precision": 1.0,
    "recall": 0.954954954954955,
    "f1-score": 0.9769585253456221,
    "support": 111
  },
  "micro avg": {
    "precision": 0.9727272727272728,
    "recall": 0.9469026548672567,
    "f1-score": 0.9596412556053813,
    "support": 339
  },
  "macro avg": {
    "precision": 0.9677869925796596,
    "recall": 0.9498972656867394,
    "f1-score": 0.958374321815182,
    "support": 339
  },
  "weighted avg": {
    "precision": 0.9736962257081384,
    "recall": 0.9469026548672567,
    "f1-score": 0.95981207797746,
    "support": 339
  }
}