{
  "affirmative": {
    "precision": 0.6666666666666666,
    "recall": 0.6666666666666666,
    "f1-score": 0.6666666666666666,
    "support": 21,
    "confused_with": {
      "deny": 4,
      "none": 2
    }
  },
  "show": {
    "precision": 0.76,
    "recall": 0.7169811320754716,
    "f1-score": 0.7378640776699028,
    "support": 53,
    "confused_with": {
      "pick up": 9,
      "none": 2
    }
  },
  "none": {
    "precision": 0.35294117647058826,
    "recall": 0.41379310344827586,
    "f1-score": 0.38095238095238093,
    "support": 29,
    "confused_with": {
      "pick up": 11,
      "show": 3
    }
  },
  "bye": {
    "precision": 1.0,
    "recall": 0.36363636363636365,
    "f1-score": 0.5333333333333333,
    "support": 11,
    "confused_with": {
      "pick up": 2,
      "none": 2
    }
  },
  "deny": {
    "precision": 0.6428571428571429,
    "recall": 0.5625,
    "f1-score": 0.6000000000000001,
    "support": 32,
    "confused_with": {
      "none": 9,
      "pick up": 2
    }
  },
  "pick up": {
    "precision": 0.47701149425287354,
    "recall": 0.8736842105263158,
    "f1-score": 0.6171003717472119,
    "support": 95,
    "confused_with": {
      "show": 3,
      "none": 3
    }
  },
  "move": {
    "precision": 0.42857142857142855,
    "recall": 0.08108108108108109,
    "f1-score": 0.13636363636363638,
    "support": 37,
    "confused_with": {
      "pick up": 32,
      "show": 1
    }
  },
  "greetings": {
    "precision": 0.6666666666666666,
    "recall": 0.14285714285714285,
    "f1-score": 0.23529411764705882,
    "support": 14,
    "confused_with": {
      "pick up": 4,
      "affirmative": 4,
      "clarify": 3
    }
  },
  "clarify": {
    "precision": 0.6111111111111112,
    "recall": 0.3333333333333333,
    "f1-score": 0.43137254901960786,
    "support": 33,
    "confused_with": {
      "pick up": 13,
      "move": 4
    }
  },
  "find": {
    "precision": 0.5714285714285714,
    "recall": 0.34285714285714286,
    "f1-score": 0.42857142857142855,
    "support": 35,
    "confused_with": {
      "pick up": 18,
      "none": 2
    }
  },
  "accuracy": 0.5472222222222223,
  "macro avg": {
    "precision": 0.6177254258025048,
    "recall": 0.44973901764817936,
    "f1-score": 0.4767518561971228,
    "support": 360
  },
  "weighted avg": {
    "precision": 0.5743332152784486,
    "recall": 0.5472222222222223,
    "f1-score": 0.5150568984914893,
    "support": 360
  }
}