{
  "object_color": {
    "precision": 0.8282208588957055,
    "recall": 0.9926470588235294,
    "f1-score": 0.903010033444816,
    "support": 136
  },
  "object_name": {
    "precision": 0.5707434052757794,
    "recall": 0.9118773946360154,
    "f1-score": 0.7020648967551623,
    "support": 261
  },
  "placement": {
    "precision": 0.8617021276595744,
    "recall": 0.9759036144578314,
    "f1-score": 0.9152542372881356,
    "support": 83
  },
  "micro avg": {
    "precision": 0.6735905044510386,
    "recall": 0.9458333333333333,
    "f1-score": 0.7868284228769498,
    "support": 480
  },
  "macro avg": {
    "precision": 0.7535554639436866,
    "recall": 0.9601426893057922,
    "f1-score": 0.840109722496038,
    "support": 480
  },
  "weighted avg": {
    "precision": 0.6940069628802896,
    "recall": 0.9458333333333333,
    "f1-score": 0.7958633422843909,
    "support": 480
  }
}