{
  "affirmative": {
    "precision": 0.7307692307692307,
    "recall": 0.9047619047619048,
    "f1-score": 0.8085106382978723,
    "support": 21,
    "confused_with": {
      "pick up": 2
    }
  },
  "none": {
    "precision": 0.8571428571428571,
    "recall": 0.41379310344827586,
    "f1-score": 0.5581395348837208,
    "support": 29,
    "confused_with": {
      "pick up": 7,
      "deny": 4
    }
  },
  "deny": {
    "precision": 0.8666666666666667,
    "recall": 0.8125,
    "f1-score": 0.8387096774193549,
    "support": 32,
    "confused_with": {
      "show": 2,
      "pick up": 1
    }
  },
  "show": {
    "precision": 0.9090909090909091,
    "recall": 0.9433962264150944,
    "f1-score": 0.9259259259259259,
    "support": 53,
    "confused_with": {
      "find": 2,
      "move": 1
    }
  },
  "find": {
    "precision": 0.868421052631579,
    "recall": 0.9428571428571428,
    "f1-score": 0.904109589041096,
    "support": 35,
    "confused_with": {
      "clarify": 2
    }
  },
  "bye": {
    "precision": 1.0,
    "recall": 0.7272727272727273,
    "f1-score": 0.8421052631578948,
    "support": 11,
    "confused_with": {
      "affirmative": 2,
      "none": 1
    }
  },
  "greetings": {
    "precision": 0.9285714285714286,
    "recall": 0.9285714285714286,
    "f1-score": 0.9285714285714286,
    "support": 14,
    "confused_with": {
      "none": 1
    }
  },
  "move": {
    "precision": 0.7555555555555555,
    "recall": 0.918918918918919,
    "f1-score": 0.8292682926829269,
    "support": 37,
    "confused_with": {
      "pick up": 3
    }
  },
  "clarify": {
    "precision": 0.875,
    "recall": 0.8484848484848485,
    "f1-score": 0.8615384615384615,
    "support": 33,
    "confused_with": {
      "show": 2,
      "pick up": 1
    }
  },
  "pick up": {
    "precision": 0.8571428571428571,
    "recall": 0.8842105263157894,
    "f1-score": 0.8704663212435233,
    "support": 95,
    "confused_with": {
      "move": 8,
      "find": 2
    }
  },
  "accuracy": 0.8527777777777777,
  "macro avg": {
    "precision": 0.8648360557571084,
    "recall": 0.8324766827046132,
    "f1-score": 0.8367345132762205,
    "support": 360
  },
  "weighted avg": {
    "precision": 0.8577008667907791,
    "recall": 0.8527777777777777,
    "f1-score": 0.846645954879789,
    "support": 360
  }
}