{
  "placement": {
    "precision": 0.8947368421052632,
    "recall": 0.8947368421052632,
    "f1-score": 0.8947368421052632,
    "support": 76
  },
  "object_name": {
    "precision": 0.9863013698630136,
    "recall": 0.9113924050632911,
    "f1-score": 0.9473684210526315,
    "support": 158
  },
  "object_color": {
    "precision": 0.9918032786885246,
    "recall": 0.9918032786885246,
    "f1-score": 0.9918032786885246,
    "support": 122
  },
  "micro avg": {
    "precision": 0.9680232558139535,
    "recall": 0.9353932584269663,
    "f1-score": 0.9514285714285714,
    "support": 356
  },
  "macro avg": {
    "precision": 0.9576138302189339,
    "recall": 0.932644175285693,
    "f1-score": 0.9446361806154732,
    "support": 356
  },
  "weighted avg": {
    "precision": 0.9686393720178544,
    "recall": 0.9353932584269663,
    "f1-score": 0.9513601419278533,
    "support": 356
  }
}