{
  "move": {
    "precision": 1.0,
    "recall": 1.0,
    "f1-score": 1.0,
    "support": 20,
    "confused_with": {}
  },
  "none": {
    "precision": 0.75,
    "recall": 0.23076923076923078,
    "f1-score": 0.3529411764705882,
    "support": 13,
    "confused_with": {
      "greetings": 5,
      "affirmative": 2
    }
  },
  "show": {
    "precision": 0.9090909090909091,
    "recall": 1.0,
    "f1-score": 0.9523809523809523,
    "support": 20,
    "confused_with": {}
  },
  "pick up": {
    "precision": 0.9,
    "recall": 0.9,
    "f1-score": 0.9,
    "support": 20,
    "confused_with": {
      "show": 1,
      "clarify": 1
    }
  },
  "greetings": {
    "precision": 0.5333333333333333,
    "recall": 1.0,
    "f1-score": 0.6956521739130436,
    "support": 8,
    "confused_with": {}
  },
  "affirmative": {
    "precision": 0.7777777777777778,
    "recall": 0.7368421052631579,
    "f1-score": 0.7567567567567567,
    "support": 19,
    "confused_with": {
      "bye": 4,
      "greetings": 1
    }
  },
  "clarify": {
    "precision": 0.8181818181818182,
    "recall": 0.9,
    "f1-score": 0.8571428571428572,
    "support": 20,
    "confused_with": {
      "pick up": 1,
      "find": 1
    }
  },
  "bye": {
    "precision": 0.5555555555555556,
    "recall": 0.5555555555555556,
    "f1-score": 0.5555555555555556,
    "support": 9,
    "confused_with": {
      "affirmative": 2,
      "greetings": 1
    }
  },
  "deny": {
    "precision": 0.9444444444444444,
    "recall": 0.8947368421052632,
    "f1-score": 0.918918918918919,
    "support": 19,
    "confused_with": {
      "none": 1,
      "clarify": 1
    }
  },
  "find": {
    "precision": 0.9,
    "recall": 0.9,
    "f1-score": 0.9,
    "support": 20,
    "confused_with": {
      "pick up": 1,
      "clarify": 1
    }
  },
  "accuracy": 0.8392857142857143,
  "macro avg": {
    "precision": 0.8088383838383839,
    "recall": 0.8117903733693208,
    "f1-score": 0.7889348391138673,
    "support": 168
  },
  "weighted avg": {
    "precision": 0.8469306156806157,
    "recall": 0.8392857142857143,
    "f1-score": 0.8284628971055715,
    "support": 168
  }
}