{
  "affirmative": {
    "precision": 0.8421052631578947,
    "recall": 0.8421052631578947,
    "f1-score": 0.8421052631578947,
    "support": 19,
    "confused_with": {
      "none": 1,
      "clarify": 1
    }
  },
  "clarify": {
    "precision": 0.7692307692307693,
    "recall": 1.0,
    "f1-score": 0.8695652173913044,
    "support": 20,
    "confused_with": {}
  },
  "greetings": {
    "precision": 0.8333333333333334,
    "recall": 0.625,
    "f1-score": 0.7142857142857143,
    "support": 8,
    "confused_with": {
      "affirmative": 2,
      "none": 1
    }
  },
  "pick up": {
    "precision": 1.0,
    "recall": 0.95,
    "f1-score": 0.9743589743589743,
    "support": 20,
    "confused_with": {
      "find": 1
    }
  },
  "show": {
    "precision": 1.0,
    "recall": 1.0,
    "f1-score": 1.0,
    "support": 20,
    "confused_with": {}
  },
  "find": {
    "precision": 0.95,
    "recall": 0.95,
    "f1-score": 0.9500000000000001,
    "support": 20,
    "confused_with": {
      "move": 1
    }
  },
  "deny": {
    "precision": 1.0,
    "recall": 0.8947368421052632,
    "f1-score": 0.9444444444444444,
    "support": 19,
    "confused_with": {
      "none": 1,
      "clarify": 1
    }
  },
  "move": {
    "precision": 0.9523809523809523,
    "recall": 1.0,
    "f1-score": 0.975609756097561,
    "support": 20,
    "confused_with": {}
  },
  "none": {
    "precision": 0.7142857142857143,
    "recall": 0.7692307692307693,
    "f1-score": 0.7407407407407408,
    "support": 13,
    "confused_with": {
      "clarify": 2,
      "greetings": 1
    }
  },
  "bye": {
    "precision": 0.8333333333333334,
    "recall": 0.5555555555555556,
    "f1-score": 0.6666666666666667,
    "support": 9,
    "confused_with": {
      "clarify": 2,
      "none": 1
    }
  },
  "accuracy": 0.8988095238095238,
  "macro avg": {
    "precision": 0.8894669365721997,
    "recall": 0.8586628430049483,
    "f1-score": 0.86777767771433,
    "support": 168
  },
  "weighted avg": {
    "precision": 0.9040750915750916,
    "recall": 0.8988095238095238,
    "f1-score": 0.8968990401506939,
    "support": 168
  }
}