{
  "object_color": {
    "precision": 1.0,
    "recall": 0.8823529411764706,
    "f1-score": 0.9375,
    "support": 85
  },
  "object_name": {
    "precision": 0.8656716417910447,
    "recall": 0.6590909090909091,
    "f1-score": 0.7483870967741935,
    "support": 88
  },
  "placement": {
    "precision": 1.0,
    "recall": 1.0,
    "f1-score": 1.0,
    "support": 69
  },
  "undefined_object": {
    "precision": 1.0,
    "recall": 0.25,
    "f1-score": 0.4,
    "support": 12
  },
  "micro avg": {
    "precision": 0.9579439252336449,
    "recall": 0.8070866141732284,
    "f1-score": 0.8760683760683761,
    "support": 254
  },
  "macro avg": {
    "precision": 0.9664179104477612,
    "recall": 0.6978609625668449,
    "f1-score": 0.7714717741935483,
    "support": 254
  },
  "weighted avg": {
    "precision": 0.9534610412504406,
    "recall": 0.8070866141732284,
    "f1-score": 0.8635652146304292,
    "support": 254
  }
}