{
  "affirmative": {
    "precision": 0.30952380952380953,
    "recall": 0.6842105263157895,
    "f1-score": 0.42622950819672134,
    "support": 19,
    "confused_with": {
      "clarify": 3,
      "greetings": 2
    }
  },
  "clarify": {
    "precision": 0.2631578947368421,
    "recall": 0.5,
    "f1-score": 0.3448275862068966,
    "support": 20,
    "confused_with": {
      "affirmative": 4,
      "show": 2
    }
  },
  "greetings": {
    "precision": 0.25,
    "recall": 0.25,
    "f1-score": 0.25,
    "support": 8,
    "confused_with": {
      "none": 4,
      "clarify": 1
    }
  },
  "pick up": {
    "precision": 0.4782608695652174,
    "recall": 0.55,
    "f1-score": 0.5116279069767442,
    "support": 20,
    "confused_with": {
      "clarify": 4,
      "show": 3
    }
  },
  "show": {
    "precision": 0.5,
    "recall": 0.3,
    "f1-score": 0.37499999999999994,
    "support": 20,
    "confused_with": {
      "clarify": 7,
      "pick up": 5
    }
  },
  "find": {
    "precision": 0.5,
    "recall": 0.1,
    "f1-score": 0.16666666666666669,
    "support": 20,
    "confused_with": {
      "clarify": 11,
      "pick up": 3,
      "move": 2
    }
  },
  "deny": {
    "precision": 1.0,
    "recall": 0.5789473684210527,
    "f1-score": 0.7333333333333334,
    "support": 19,
    "confused_with": {
      "affirmative": 7,
      "none": 1
    }
  },
  "move": {
    "precision": 0.75,
    "recall": 0.75,
    "f1-score": 0.75,
    "support": 20,
    "confused_with": {
      "pick up": 2,
      "affirmative": 2
    }
  },
  "none": {
    "precision": 0.2857142857142857,
    "recall": 0.15384615384615385,
    "f1-score": 0.2,
    "support": 13,
    "confused_with": {
      "affirmative": 8,
      "greetings": 3
    }
  },
  "bye": {
    "precision": 1.0,
    "recall": 0.3333333333333333,
    "f1-score": 0.5,
    "support": 9,
    "confused_with": {
      "affirmative": 5,
      "clarify": 1
    }
  },
  "accuracy": 0.44642857142857145,
  "macro avg": {
    "precision": 0.5336656859540155,
    "recall": 0.4200337381916329,
    "f1-score": 0.4257685001380362,
    "support": 168
  },
  "weighted avg": {
    "precision": 0.5322834129838052,
    "recall": 0.44642857142857145,
    "f1-score": 0.441036530869507,
    "support": 168
  }
}