{
  "move": {
    "precision": 0.8888888888888888,
    "recall": 0.8,
    "f1-score": 0.8421052631578948,
    "support": 20,
    "confused_with": {
      "pick up": 2,
      "find": 1
    }
  },
  "none": {
    "precision": 0.25,
    "recall": 0.23076923076923078,
    "f1-score": 0.24000000000000002,
    "support": 13,
    "confused_with": {
      "clarify": 3,
      "deny": 2
    }
  },
  "show": {
    "precision": 0.5263157894736842,
    "recall": 0.5,
    "f1-score": 0.5128205128205129,
    "support": 20,
    "confused_with": {
      "find": 6,
      "pick up": 3
    }
  },
  "pick up": {
    "precision": 0.3333333333333333,
    "recall": 0.45,
    "f1-score": 0.3829787234042553,
    "support": 20,
    "confused_with": {
      "find": 6,
      "show": 5
    }
  },
  "greetings": {
    "precision": 0.5714285714285714,
    "recall": 0.5,
    "f1-score": 0.5333333333333333,
    "support": 8,
    "confused_with": {
      "none": 2,
      "bye": 1
    }
  },
  "affirmative": {
    "precision": 0.4117647058823529,
    "recall": 0.3684210526315789,
    "f1-score": 0.3888888888888889,
    "support": 19,
    "confused_with": {
      "none": 6,
      "bye": 3
    }
  },
  "clarify": {
    "precision": 0.5333333333333333,
    "recall": 0.4,
    "f1-score": 0.4571428571428572,
    "support": 20,
    "confused_with": {
      "pick up": 4,
      "find": 4
    }
  },
  "bye": {
    "precision": 0.38461538461538464,
    "recall": 0.5555555555555556,
    "f1-score": 0.4545454545454546,
    "support": 9,
    "confused_with": {
      "affirmative": 3,
      "greetings": 1
    }
  },
  "deny": {
    "precision": 0.8333333333333334,
    "recall": 0.5263157894736842,
    "f1-score": 0.6451612903225806,
    "support": 19,
    "confused_with": {
      "affirmative": 4,
      "bye": 2
    }
  },
  "find": {
    "precision": 0.35714285714285715,
    "recall": 0.5,
    "f1-score": 0.41666666666666663,
    "support": 20,
    "confused_with": {
      "pick up": 8,
      "show": 1
    }
  },
  "accuracy": 0.4880952380952381,
  "macro avg": {
    "precision": 0.5090156197431739,
    "recall": 0.48310616284300495,
    "f1-score": 0.48736429902824446,
    "support": 168
  },
  "weighted avg": {
    "precision": 0.5221435346518274,
    "recall": 0.4880952380952381,
    "f1-score": 0.496183390633556,
    "support": 168
  }
}