{
  "object_color": {
    "precision": 0.9887640449438202,
    "recall": 1.0,
    "f1-score": 0.9943502824858756,
    "support": 88
  },
  "object_name": {
    "precision": 0.9882352941176471,
    "recall": 0.9767441860465116,
    "f1-score": 0.9824561403508771,
    "support": 86
  },
  "placement": {
    "precision": 0.9545454545454546,
    "recall": 1.0,
    "f1-score": 0.9767441860465117,
    "support": 63
  },
  "undefined_object": {
    "precision": 1.0,
    "recall": 1.0,
    "f1-score": 1.0,
    "support": 11
  },
  "micro avg": {
    "precision": 0.9800796812749004,
    "recall": 0.9919354838709677,
    "f1-score": 0.9859719438877755,
    "support": 248
  },
  "macro avg": {
    "precision": 0.9828861984017305,
    "recall": 0.9941860465116279,
    "f1-score": 0.9883876522208161,
    "support": 248
  },
  "weighted avg": {
    "precision": 0.9803864309900704,
    "recall": 0.9919354838709677,
    "f1-score": 0.9860037768139626,
    "support": 248
  }
}