{
  "undefined_object": {
    "precision": 1.0,
    "recall": 1.0,
    "f1-score": 1.0,
    "support": 15
  },
  "object_name": {
    "precision": 1.0,
    "recall": 0.9876543209876543,
    "f1-score": 0.9937888198757764,
    "support": 81
  },
  "placement": {
    "precision": 1.0,
    "recall": 1.0,
    "f1-score": 1.0,
    "support": 79
  },
  "object_color": {
    "precision": 1.0,
    "recall": 1.0,
    "f1-score": 1.0,
    "support": 86
  },
  "micro avg": {
    "precision": 1.0,
    "recall": 0.9961685823754789,
    "f1-score": 0.9980806142034548,
    "support": 261
  },
  "macro avg": {
    "precision": 1.0,
    "recall": 0.9969135802469136,
    "f1-score": 0.9984472049689441,
    "support": 261
  },
  "weighted avg": {
    "precision": 1.0,
    "recall": 0.9961685823754789,
    "f1-score": 0.998072392375241,
    "support": 261
  }
}