{
  "move": {
    "precision": 1.0,
    "recall": 0.85,
    "f1-score": 0.9189189189189189,
    "support": 20,
    "confused_with": {
      "pick up": 3
    }
  },
  "none": {
    "precision": 0.5,
    "recall": 0.6923076923076923,
    "f1-score": 0.5806451612903226,
    "support": 13,
    "confused_with": {
      "affirmative": 2,
      "greetings": 1
    }
  },
  "show": {
    "precision": 0.782608695652174,
    "recall": 0.9,
    "f1-score": 0.8372093023255814,
    "support": 20,
    "confused_with": {
      "pick up": 2
    }
  },
  "pick up": {
    "precision": 0.46153846153846156,
    "recall": 0.6,
    "f1-score": 0.5217391304347826,
    "support": 20,
    "confused_with": {
      "show": 4,
      "clarify": 4
    }
  },
  "greetings": {
    "precision": 0.6666666666666666,
    "recall": 0.75,
    "f1-score": 0.7058823529411765,
    "support": 8,
    "confused_with": {
      "none": 2
    }
  },
  "affirmative": {
    "precision": 0.7142857142857143,
    "recall": 0.5263157894736842,
    "f1-score": 0.6060606060606061,
    "support": 19,
    "confused_with": {
      "none": 3,
      "greetings": 2
    }
  },
  "clarify": {
    "precision": 0.5384615384615384,
    "recall": 0.7,
    "f1-score": 0.608695652173913,
    "support": 20,
    "confused_with": {
      "pick up": 3,
      "find": 3
    }
  },
  "bye": {
    "precision": 0.7142857142857143,
    "recall": 0.5555555555555556,
    "f1-score": 0.6250000000000001,
    "support": 9,
    "confused_with": {
      "none": 3,
      "affirmative": 1
    }
  },
  "deny": {
    "precision": 1.0,
    "recall": 0.7368421052631579,
    "f1-score": 0.8484848484848484,
    "support": 19,
    "confused_with": {
      "clarify": 2,
      "show": 1
    }
  },
  "find": {
    "precision": 0.7857142857142857,
    "recall": 0.55,
    "f1-score": 0.6470588235294117,
    "support": 20,
    "confused_with": {
      "pick up": 6,
      "clarify": 3
    }
  },
  "accuracy": 0.6904761904761905,
  "macro avg": {
    "precision": 0.7163561076604554,
    "recall": 0.6861021142600089,
    "f1-score": 0.6899694796159561,
    "support": 168
  },
  "weighted avg": {
    "precision": 0.7273797200039436,
    "recall": 0.6904761904761905,
    "f1-score": 0.6971978934780916,
    "support": 168
  }
}