{
  "affirmative": {
    "precision": 0.8333333333333334,
    "recall": 0.7894736842105263,
    "f1-score": 0.8108108108108109,
    "support": 19,
    "confused_with": {
      "clarify": 2,
      "none": 1
    }
  },
  "clarify": {
    "precision": 0.56,
    "recall": 0.7,
    "f1-score": 0.6222222222222222,
    "support": 20,
    "confused_with": {
      "show": 4,
      "pick up": 2
    }
  },
  "greetings": {
    "precision": 0.8,
    "recall": 0.5,
    "f1-score": 0.6153846153846154,
    "support": 8,
    "confused_with": {
      "none": 3,
      "affirmative": 1
    }
  },
  "pick up": {
    "precision": 0.75,
    "recall": 0.75,
    "f1-score": 0.75,
    "support": 20,
    "confused_with": {
      "show": 3,
      "find": 2
    }
  },
  "show": {
    "precision": 0.6451612903225806,
    "recall": 1.0,
    "f1-score": 0.7843137254901961,
    "support": 20,
    "confused_with": {}
  },
  "find": {
    "precision": 0.8461538461538461,
    "recall": 0.55,
    "f1-score": 0.6666666666666667,
    "support": 20,
    "confused_with": {
      "show": 3,
      "pick up": 3
    }
  },
  "deny": {
    "precision": 0.9473684210526315,
    "recall": 0.9473684210526315,
    "f1-score": 0.9473684210526315,
    "support": 19,
    "confused_with": {
      "affirmative": 1
    }
  },
  "move": {
    "precision": 0.9523809523809523,
    "recall": 1.0,
    "f1-score": 0.975609756097561,
    "support": 20,
    "confused_with": {}
  },
  "none": {
    "precision": 0.5714285714285714,
    "recall": 0.6153846153846154,
    "f1-score": 0.5925925925925927,
    "support": 13,
    "confused_with": {
      "clarify": 3,
      "show": 1
    }
  },
  "bye": {
    "precision": 1.0,
    "recall": 0.2222222222222222,
    "f1-score": 0.3636363636363636,
    "support": 9,
    "confused_with": {
      "clarify": 4,
      "none": 2
    }
  },
  "accuracy": 0.7559523809523809,
  "macro avg": {
    "precision": 0.7905826414671916,
    "recall": 0.7074448942869995,
    "f1-score": 0.7128605173953659,
    "support": 168
  },
  "weighted avg": {
    "precision": 0.7841418246372165,
    "recall": 0.7559523809523809,
    "f1-score": 0.7457211947288466,
    "support": 168
  }
}