{
  "object_color": {
    "precision": 1.0,
    "recall": 1.0,
    "f1-score": 1.0,
    "support": 98
  },
  "object_name": {
    "precision": 0.993006993006993,
    "recall": 0.9726027397260274,
    "f1-score": 0.9826989619377163,
    "support": 146
  },
  "placement": {
    "precision": 0.984375,
    "recall": 1.0,
    "f1-score": 0.9921259842519685,
    "support": 63
  },
  "undefined_object": {
    "precision": 1.0,
    "recall": 0.6363636363636364,
    "f1-score": 0.7777777777777778,
    "support": 11
  },
  "micro avg": {
    "precision": 0.9935897435897436,
    "recall": 0.9748427672955975,
    "f1-score": 0.9841269841269842,
    "support": 318
  },
  "macro avg": {
    "precision": 0.9943454982517482,
    "recall": 0.9022415940224159,
    "f1-score": 0.9381506809918656,
    "support": 318
  },
  "weighted avg": {
    "precision": 0.9936938552799403,
    "recall": 0.9748427672955975,
    "f1-score": 0.9828098773784155,
    "support": 318
  }
}