{
  "move": {
    "precision": 1.0,
    "recall": 0.9,
    "f1-score": 0.9473684210526316,
    "support": 20,
    "confused_with": {
      "pick up": 2
    }
  },
  "none": {
    "precision": 0.6153846153846154,
    "recall": 0.6153846153846154,
    "f1-score": 0.6153846153846154,
    "support": 13,
    "confused_with": {
      "greetings": 3,
      "affirmative": 2
    }
  },
  "show": {
    "precision": 1.0,
    "recall": 1.0,
    "f1-score": 1.0,
    "support": 20,
    "confused_with": {}
  },
  "pick up": {
    "precision": 0.7391304347826086,
    "recall": 0.85,
    "f1-score": 0.7906976744186046,
    "support": 20,
    "confused_with": {
      "find": 2,
      "deny": 1
    }
  },
  "greetings": {
    "precision": 0.6,
    "recall": 0.75,
    "f1-score": 0.6666666666666665,
    "support": 8,
    "confused_with": {
      "none": 1,
      "bye": 1
    }
  },
  "affirmative": {
    "precision": 0.7272727272727273,
    "recall": 0.8421052631578947,
    "f1-score": 0.7804878048780488,
    "support": 19,
    "confused_with": {
      "none": 3
    }
  },
  "clarify": {
    "precision": 1.0,
    "recall": 0.9,
    "f1-score": 0.9473684210526316,
    "support": 20,
    "confused_with": {
      "find": 1,
      "affirmative": 1
    }
  },
  "bye": {
    "precision": 0.7142857142857143,
    "recall": 0.5555555555555556,
    "f1-score": 0.6250000000000001,
    "support": 9,
    "confused_with": {
      "deny": 2,
      "greetings": 1
    }
  },
  "deny": {
    "precision": 0.8333333333333334,
    "recall": 0.7894736842105263,
    "f1-score": 0.8108108108108109,
    "support": 19,
    "confused_with": {
      "affirmative": 2,
      "none": 1
    }
  },
  "find": {
    "precision": 0.8421052631578947,
    "recall": 0.8,
    "f1-score": 0.8205128205128205,
    "support": 20,
    "confused_with": {
      "pick up": 4
    }
  },
  "accuracy": 0.8273809523809523,
  "macro avg": {
    "precision": 0.8071512088216893,
    "recall": 0.8002519118308593,
    "f1-score": 0.800429723477683,
    "support": 168
  },
  "weighted avg": {
    "precision": 0.8363380984458134,
    "recall": 0.8273809523809523,
    "f1-score": 0.8292378200723538,
    "support": 168
  }
}