{
  "move": {
    "precision": 0.9411764705882353,
    "recall": 0.8,
    "f1-score": 0.8648648648648648,
    "support": 20,
    "confused_with": {
      "pick up": 2,
      "show": 1
    }
  },
  "none": {
    "precision": 0.4666666666666667,
    "recall": 0.5384615384615384,
    "f1-score": 0.5,
    "support": 13,
    "confused_with": {
      "deny": 3,
      "affirmative": 3
    }
  },
  "show": {
    "precision": 0.85,
    "recall": 0.85,
    "f1-score": 0.85,
    "support": 20,
    "confused_with": {
      "find": 2,
      "clarify": 1
    }
  },
  "pick up": {
    "precision": 0.391304347826087,
    "recall": 0.45,
    "f1-score": 0.4186046511627907,
    "support": 20,
    "confused_with": {
      "find": 7,
      "clarify": 3
    }
  },
  "greetings": {
    "precision": 0.0,
    "recall": 0.0,
    "f1-score": 0.0,
    "support": 8,
    "confused_with": {
      "deny": 7,
      "none": 1
    }
  },
  "affirmative": {
    "precision": 0.6086956521739131,
    "recall": 0.7368421052631579,
    "f1-score": 0.6666666666666666,
    "support": 19,
    "confused_with": {
      "deny": 5
    }
  },
  "clarify": {
    "precision": 0.7222222222222222,
    "recall": 0.65,
    "f1-score": 0.6842105263157895,
    "support": 20,
    "confused_with": {
      "find": 3,
      "pick up": 2
    }
  },
  "bye": {
    "precision": 0.0,
    "recall": 0.0,
    "f1-score": 0.0,
    "support": 9,
    "confused_with": {
      "deny": 5,
      "none": 4
    }
  },
  "deny": {
    "precision": 0.3548387096774194,
    "recall": 0.5789473684210527,
    "f1-score": 0.44000000000000006,
    "support": 19,
    "confused_with": {
      "affirmative": 5,
      "none": 3
    }
  },
  "find": {
    "precision": 0.38095238095238093,
    "recall": 0.4,
    "f1-score": 0.3902439024390244,
    "support": 20,
    "confused_with": {
      "pick up": 10,
      "move": 1
    }
  },
  "accuracy": 0.5654761904761905,
  "macro avg": {
    "precision": 0.47158564501069244,
    "recall": 0.500425101214575,
    "f1-score": 0.48145906114491366,
    "support": 168
  },
  "weighted avg": {
    "precision": 0.5362317141286935,
    "recall": 0.5654761904761905,
    "f1-score": 0.545744914061405,
    "support": 168
  }
}