{
  "object_name": {
    "precision": 0.9572192513368984,
    "recall": 0.8905472636815921,
    "f1-score": 0.9226804123711341,
    "support": 201
  },
  "object_color": {
    "precision": 0.9649122807017544,
    "recall": 0.9322033898305084,
    "f1-score": 0.9482758620689654,
    "support": 118
  },
  "placement": {
    "precision": 0.9516129032258065,
    "recall": 0.8309859154929577,
    "f1-score": 0.887218045112782,
    "support": 71
  },
  "micro avg": {
    "precision": 0.9586776859504132,
    "recall": 0.8923076923076924,
    "f1-score": 0.9243027888446216,
    "support": 390
  },
  "macro avg": {
    "precision": 0.9579148117548199,
    "recall": 0.8845788563350195,
    "f1-score": 0.9193914398509605,
    "support": 390
  },
  "weighted avg": {
    "precision": 0.9585262430014252,
    "recall": 0.8923076923076924,
    "f1-score": 0.9239687072147267,
    "support": 390
  }
}