{
  "placement": {
    "precision": 0.9367088607594937,
    "recall": 0.9487179487179487,
    "f1-score": 0.9426751592356688,
    "support": 78
  },
  "object_name": {
    "precision": 1.0,
    "recall": 0.9407894736842105,
    "f1-score": 0.9694915254237287,
    "support": 152
  },
  "object_color": {
    "precision": 1.0,
    "recall": 1.0,
    "f1-score": 1.0,
    "support": 111
  },
  "micro avg": {
    "precision": 0.984984984984985,
    "recall": 0.9618768328445748,
    "f1-score": 0.9732937685459941,
    "support": 341
  },
  "macro avg": {
    "precision": 0.9789029535864979,
    "recall": 0.9631691408007197,
    "f1-score": 0.9707222282197993,
    "support": 341
  },
  "weighted avg": {
    "precision": 0.9855228479156614,
    "recall": 0.9618768328445748,
    "f1-score": 0.9732884876386771,
    "support": 341
  }
}